"N5-001","N5","～だ","명사 / な형용사 어간 + ～だ","~이다. 보통체로 단정한다.","<ruby>兄<rt>あに</rt></ruby>は<ruby>医者<rt>いしゃ</rt></ruby>だ。","형은 의사다.","このまちは<ruby>本当<rt>ほんとう</rt></ruby>に<ruby>静<rt>しず</rt></ruby>かだ。","이 동네는 정말 조용하다.","～です보다 덜 공손한 보통체 표현이다."
"N5-002","N5","～です","명사 / な형용사 어간 + ～です","~입니다. 정중체로 단정한다.","こちらは<ruby>新<rt>あたら</rt></ruby>しい<ruby>先生<rt>せんせい</rt></ruby>です。","이쪽은 새 선생님입니다.","この<ruby>部屋<rt>へや</rt></ruby>はとてもきれいです。","이 방은 매우 깨끗합니다.","～だ보다 공손한 정중체 표현이다."
"N5-003","N5","～じゃない","명사 / な형용사 어간 + ～じゃない","~이/가 아니다. 구어적인 부정이다.","あれは<ruby>私<rt>わたし</rt></ruby>のかさじゃない。","저건 내 우산이 아니다.","この<ruby>店<rt>みせ</rt></ruby>はにぎやかじゃない。","이 가게는 북적북적하지 않다.","～ではない보다 말할 때 더 편한 표현이다."
"N5-004","N5","～ではない","명사 / な형용사 어간 + ～ではない","~이/가 아니다. 더 딱딱하고 문어적인 부정이다.","その<ruby>答<rt>こた</rt></ruby>えは<ruby>正解<rt>せいかい</rt></ruby>ではない。","그 답은 정답이 아니다.","この<ruby>場所<rt>ばしょ</rt></ruby>は<ruby>安全<rt>あんぜん</rt></ruby>ではない。","이 장소는 안전하지 않다.","～じゃない보다 격식 있고 딱딱하다."
"N5-005","N5","～こそあど<ruby>指示語<rt>しじご</rt></ruby>","これ・それ・あれ・どれ / この・その・あの・どの + 명사 / ここ・そこ・あそこ・どこ","이것·그것·저것·어느 것처럼 거리와 대상을 가리킨다.","この<ruby>席<rt>せき</rt></ruby>は<ruby>空<rt>あ</rt></ruby>いていますか。","이 자리는 비어 있습니까?","<ruby>出口<rt>でぐち</rt></ruby>はあそこです。","출구는 저기입니다.","どこ는 장소를 묻는 말이면서 こそあど 체계의 의문형이기도 하다."
"N5-006","N5","～<ruby>基本<rt>きほん</rt></ruby><ruby>疑問詞<rt>ぎもんし</rt></ruby>","단독 사용 / 조사와 함께 사용","누구·무엇·어디·언제·얼마·몇처럼 구체적인 대상을 묻는다.","<ruby>今晩<rt>こんばん</rt></ruby>は<ruby>何<rt>なに</rt></ruby>を<ruby>作<rt>つく</rt></ruby>りますか。","오늘 밤은 무엇을 만들까요?","<ruby>会議<rt>かいぎ</rt></ruby>はいつですか。","회의는 언제입니까?","どんな·どうして·どうやって·どう는 성질·이유·방법·상태를 묻는다."
"N5-007","N5","～か","정중체 문말 + ～か","~인가요. 문장 끝에서 의문문을 만든다.","ここは<ruby>市役所<rt>しやくしょ</rt></ruby>ですか。","여기는 시청입니까?","<ruby>明日<rt>あした</rt></ruby>も<ruby>授業<rt>じゅぎょう</rt></ruby>がありますか。","내일도 수업이 있습니까?","보통체는 か 없이 억양만 올려 묻는 일이 많다."
"N5-008","N5","～どんな","どんな + 명사","어떤 ~. 성질이나 종류를 묻는다.","どんな<ruby>映画<rt>えいが</rt></ruby>が<ruby>見<rt>み</rt></ruby>たいですか。","어떤 영화를 보고 싶습니까?","<ruby>田中<rt>たなか</rt></ruby>さんはどんな<ruby>人<rt>ひと</rt></ruby>ですか。","다나카 씨는 어떤 사람입니까?","だれ·なに처럼 대상을 찍어 묻기보다 성질이나 종류를 묻는다."
"N5-009","N5","～どうして","단독 사용","왜. 이유를 묻는다.","どうして<ruby>昨日<rt>きのう</rt></ruby><ruby>休<rt>やす</rt></ruby>みましたか。","왜 어제 쉬었습니까?","どうしてそんなに<ruby>急<rt>いそ</rt></ruby>ぐんですか。","왜 그렇게 서두르나요?","どうやって는 방법, どうして는 이유를 묻는다."
"N5-010","N5","～どうやって","단독 사용","어떻게. 방법이나 수단을 묻는다.","このアプリはどうやって<ruby>使<rt>つか</rt></ruby>いますか。","이 앱은 어떻게 사용합니까?","<ruby>空港<rt>くうこう</rt></ruby>までどうやって<ruby>行<rt>い</rt></ruby>きましたか。","공항까지 어떻게 갔습니까?","どう는 상태를, どうやって는 구체적인 방법을 묻는다."
"N5-011","N5","～どう","단독 사용","어때. 상태·의견·느낌을 묻는다.","<ruby>新<rt>あたら</rt></ruby>しい<ruby>先生<rt>せんせい</rt></ruby>はどうですか。","새 선생님은 어떻습니까?","この<ruby>料理<rt>りょうり</rt></ruby>、どう？","이 요리, 어때?","どうやって와 달리 방법이 아니라 상태나 평가를 묻는다."
"N5-012","N5","～は","명사 + ～は","~은/는. 화제를 제시하거나 대비한다.","<ruby>私<rt>わたし</rt></ruby>は<ruby>朝<rt>あさ</rt></ruby>コーヒーを<ruby>飲<rt>の</rt></ruby>みます。","저는 아침에 커피를 마십니다.","このかばんは<ruby>軽<rt>かる</rt></ruby>いですが、あのかばんは<ruby>重<rt>おも</rt></ruby>いです。","이 가방은 가볍지만, 저 가방은 무겁습니다.","～が는 새 정보나 주어를 드러낼 때 많이 쓴다."
"N5-013","N5","～が","명사 + ～が","~이/가. 주어를 나타내고 새 정보나 특정 대상을 드러낸다.","だれが<ruby>窓<rt>まど</rt></ruby>を<ruby>開<rt>あ</rt></ruby>けましたか。","누가 창문을 열었습니까?","<ruby>駅<rt>えき</rt></ruby>の<ruby>前<rt>まえ</rt></ruby>に<ruby>銀行<rt>ぎんこう</rt></ruby>があります。","역 앞에 은행이 있습니다.","～は는 화제 제시, ～が는 주어·새 정보에 가깝다."
"N5-014","N5","～を","명사 + ～を","~을/를. 동작의 직접 목적어를 나타낸다.","<ruby>毎晩<rt>まいばん</rt></ruby>、<ruby>新聞<rt>しんぶん</rt></ruby>を<ruby>読<rt>よ</rt></ruby>みます。","매일 밤 신문을 읽습니다.","<ruby>週末<rt>しゅうまつ</rt></ruby>に<ruby>友<rt>とも</rt></ruby>だちと<ruby>映画<rt>えいが</rt></ruby>を<ruby>見<rt>み</rt></ruby>ました。","주말에 친구와 영화를 봤습니다.","장소의 동작은 ～で, 직접 목적어는 ～を를 쓴다."
"N5-015","N5","～に","명사 + ～に","~에. 시간·도착점·대상·존재 장소를 나타낸다.","<ruby>七時<rt>しちじ</rt></ruby>に<ruby>家<rt>いえ</rt></ruby>を<ruby>出<rt>で</rt></ruby>ます。","7시에 집을 나섭니다.","<ruby>机<rt>つくえ</rt></ruby>の<ruby>上<rt>うえ</rt></ruby>に<ruby>辞書<rt>じしょ</rt></ruby>があります。","책상 위에 사전이 있습니다.","행동이 일어나는 장소는 ～で, 존재 장소나 도착점은 ～に를 쓴다."
"N5-016","N5","～へ","명사 + ～へ","~(으)로. 방향을 나타낸다.","<ruby>来月<rt>らいげつ</rt></ruby>、<ruby>大阪<rt>おおさか</rt></ruby>へ<ruby>引<rt>ひ</rt></ruby>っ<ruby>越<rt>こ</rt></ruby>します。","다음 달에 오사카로 이사합니다.","これから<ruby>教室<rt>きょうしつ</rt></ruby>へ<ruby>戻<rt>もど</rt></ruby>ります。","지금부터 교실로 돌아갑니다.","～に보다 방향성을 더 의식할 때 잘 쓴다."
"N5-017","N5","～の","명사 + ～の","~의. 소유·수식·명사화를 나타낸다.","これは<ruby>母<rt>はは</rt></ruby>の<ruby>時計<rt>とけい</rt></ruby>です。","이것은 어머니의 시계입니다.","<ruby>日本語<rt>にほんご</rt></ruby>の<ruby>本<rt>ほん</rt></ruby>を<ruby>一冊<rt>いっさつ</rt></ruby><ruby>買<rt>か</rt></ruby>いました。","일본어 책을 한 권 샀습니다.","명사와 명사를 잇는 기본 수식 조사이다."
"N5-018","N5","～と","명사 + ～と / 인용문 + ～と","~와, ~라고. 함께하기·완전 나열·인용을 나타낸다.","<ruby>妹<rt>いもうと</rt></ruby>と<ruby>買<rt>か</rt></ruby>い<ruby>物<rt>もの</rt></ruby>に<ruby>行<rt>い</rt></ruby>きました。","여동생과 쇼핑하러 갔습니다.","<ruby>父<rt>ちち</rt></ruby>は「<ruby>早<rt>はや</rt></ruby>く<ruby>寝<rt>ね</rt></ruby>なさい」と<ruby>言<rt>い</rt></ruby>いました。","아버지는 ‘일찍 자라’라고 말했습니다.","명사 나열에서는 ～や보다 ‘전부 나열’ 느낌이 강하다."
"N5-019","N5","～や","명사 + ～や + 명사","~이나. 몇 가지를 예시로 드는 부분 나열이다.","つくえの<ruby>上<rt>うえ</rt></ruby>にペンやメモがあります。","책상 위에 펜이나 메모가 있습니다.","<ruby>休<rt>やす</rt></ruby>みの<ruby>日<rt>ひ</rt></ruby>は<ruby>本<rt>ほん</rt></ruby>やまんがを<ruby>読<rt>よ</rt></ruby>みます。","쉬는 날에는 책이나 만화를 읽습니다.","～と는 전부 나열, ～や는 예시 나열이다."
"N5-020","N5","～も","명사 + ～も","~도. 이미 나온 내용에 덧붙인다.","<ruby>弟<rt>おとうと</rt></ruby>も<ruby>野球<rt>やきゅう</rt></ruby>が<ruby>好<rt>す</rt></ruby>きです。","남동생도 야구를 좋아합니다.","その<ruby>問題<rt>もんだい</rt></ruby>は<ruby>私<rt>わたし</rt></ruby>もわかりません。","그 문제는 저도 모르겠습니다.","～だけ는 한정, ～も는 첨가를 나타낸다."
"N5-021","N5","～だけ","명사 / 보통형 + ～だけ","~만. 범위를 하나로 한정한다.","<ruby>今日<rt>きょう</rt></ruby>は<ruby>一枚<rt>いちまい</rt></ruby>だけ<ruby>写真<rt>しゃしん</rt></ruby>を<ruby>撮<rt>と</rt></ruby>りました。","오늘은 사진을 한 장만 찍었습니다.","<ruby>名前<rt>なまえ</rt></ruby>だけ<ruby>知<rt>し</rt></ruby>っています。","이름만 알고 있습니다.","～も가 ‘도’라면 ～だけ는 ‘만’이다."
"N5-022","N5","～から","시간 명사 / 장소 명사 + ～から","~부터. 시간이나 장소의 출발점을 나타낸다.","<ruby>午後<rt>ごご</rt></ruby><ruby>一時<rt>いちじ</rt></ruby>からミーティングです。","오후 1시부터 미팅입니다.","<ruby>友<rt>とも</rt></ruby>だちは<ruby>福岡<rt>ふくおか</rt></ruby>から<ruby>来<rt>き</rt></ruby>ました。","친구는 후쿠오카에서 왔습니다.","이 から는 이유가 아니라 기점 ‘~부터’이다."
"N5-023","N5","～まで","시간 명사 / 장소 명사 + ～まで","~까지. 시간이나 장소의 끝점을 나타낸다.","<ruby>店<rt>みせ</rt></ruby>は<ruby>十時<rt>じゅうじ</rt></ruby>まで<ruby>開<rt>あ</rt></ruby>いています。","가게는 10시까지 열려 있습니다.","うちから<ruby>駅<rt>えき</rt></ruby>まで<ruby>十分<rt>じゅっぷん</rt></ruby>です。","우리 집에서 역까지 10분입니다.","～から는 시작점, ～まで는 끝점이다."
"N5-024","N5","～から～まで","시간 / 장소 / 수량 + ～から～まで","~부터 ~까지. 범위를 양끝으로 나타낸다.","<ruby>授業<rt>じゅぎょう</rt></ruby>は<ruby>月曜日<rt>げつようび</rt></ruby>から<ruby>木曜日<rt>もくようび</rt></ruby>まであります。","수업은 월요일부터 목요일까지 있습니다.","ここから<ruby>橋<rt>はし</rt></ruby>までまっすぐ<ruby>歩<rt>ある</rt></ruby>いてください。","여기서 다리까지 곧장 걸어가 주세요.","～から와 ～まで를 함께 써서 범위를 완성한다."
"N5-025","N5","～お","お + 명사","말을 공손하고 부드럽게 만드는 정중 접두어이다.","お<ruby>名前<rt>なまえ</rt></ruby>をもう<ruby>一度<rt>いちど</rt></ruby>お<ruby>願<rt>ねが</rt></ruby>いします。","성함을 다시 한 번 부탁드립니다.","お<ruby>茶<rt>ちゃ</rt></ruby>はあちらにあります。","차는 저쪽에 있습니다.","보통 한자어 앞에는 ～ご를 쓰고, ～お는 고유어에 많이 붙는다."
"N5-026","N5","～ご","ご + 명사","명사 앞에 붙어 정중함을 나타내는 접두어이다.","ご<ruby>家族<rt>かぞく</rt></ruby>はお<ruby>元気<rt>げんき</rt></ruby>ですか。","가족분들은 잘 지내십니까?","ご<ruby>意見<rt>いけん</rt></ruby>がありましたら、こちらにお<ruby>書<rt>か</rt></ruby>きください。","의견이 있으시면 이쪽에 적어 주세요.","～お는 고유어에, ～ご는 한자어에 많이 붙는다."
"N5-027","N5","～たち","사람 명사 + ～たち","~들. 사람을 보통스럽게 복수로 나타낸다.","<ruby>学生<rt>がくせい</rt></ruby>たちが<ruby>図書館<rt>としょかん</rt></ruby>で<ruby>勉強<rt>べんきょう</rt></ruby>しています。","학생들이 도서관에서 공부하고 있습니다.","<ruby>私<rt>わたし</rt></ruby>たちは<ruby>駅<rt>えき</rt></ruby>の<ruby>前<rt>まえ</rt></ruby>で<ruby>集<rt>あつ</rt></ruby>まりました。","우리는 역 앞에서 모였습니다.","～がた보다 중립적이고, ～ら보다 덜 구어적이다."
"N5-028","N5","～がた","사람 명사 + ～がた","~분들. 사람을 높여 복수로 나타낸다.","<ruby>先生<rt>せんせい</rt></ruby>がたに<ruby>感謝<rt>かんしゃ</rt></ruby>の<ruby>手紙<rt>てがみ</rt></ruby>を<ruby>送<rt>おく</rt></ruby>りました。","선생님들께 감사의 편지를 보냈습니다.","ご<ruby>家族<rt>かぞく</rt></ruby>がたもぜひお<ruby>越<rt>こ</rt></ruby>しください。","가족분들도 꼭 와 주세요.","～たち보다 더 격식 있고, 높여 말할 때 쓴다."
"N5-029","N5","～ら","사람 명사 + ～ら","~들. 가볍고 구어적인 복수 표현이다.","<ruby>僕<rt>ぼく</rt></ruby>らは<ruby>放課後<rt>ほうかご</rt></ruby>によくゲームをします。","우리들은 방과 후에 자주 게임을 합니다.","あいつら、もう<ruby>帰<rt>かえ</rt></ruby>ったよ。","걔네들, 벌써 돌아갔어.","～たち보다 더 구어적이고 가벼운 느낌이다."
"N5-030","N5","～あります","명사 + ～があります / 장소 + に + 명사 + ～があります","무생물이 있습니다. 정중하게 존재를 말한다.","<ruby>会議室<rt>かいぎしつ</rt></ruby>の<ruby>前<rt>まえ</rt></ruby>に<ruby>案内板<rt>あんないばん</rt></ruby>があります。","회의실 앞에 안내판이 있습니다.","<ruby>今週<rt>こんしゅう</rt></ruby>はまだ<ruby>空<rt>あ</rt></ruby>いている<ruby>席<rt>せき</rt></ruby>があります。","이번 주는 아직 비어 있는 자리가 있습니다.","～がある의 정중체이며, 생물에는 ～います를 쓴다."
"N5-031","N5","～がある","장소 + に + 명사 + ～がある / 명사 + ～がある","무생물이 있다. 존재나 소유를 나타낸다.","この<ruby>町<rt>まち</rt></ruby>には<ruby>古<rt>ふる</rt></ruby>い<ruby>橋<rt>はし</rt></ruby>がある。","이 마을에는 오래된 다리가 있다.","<ruby>午後<rt>ごご</rt></ruby>は<ruby>少<rt>すこ</rt></ruby>し<ruby>時間<rt>じかん</rt></ruby>がある。","오후에는 시간이 조금 있다.","～あります는 정중체이고, 생물에는 ～がいる를 쓴다."
"N5-032","N5","～います","명사 + ～がいます / 장소 + に + 명사 + ～がいます","생물이 있습니다. 정중하게 존재를 말한다.","<ruby>受付<rt>うけつけ</rt></ruby>に<ruby>案内係<rt>あんないがかり</rt></ruby>がいます。","접수처에 안내 담당자가 있습니다.","この<ruby>会社<rt>かいしゃ</rt></ruby>には<ruby>外国人<rt>がいこくじん</rt></ruby>の<ruby>社員<rt>しゃいん</rt></ruby>がたくさんいます。","이 회사에는 외국인 직원이 많이 있습니다.","～がいる의 정중체이며, 무생물에는 ～あります를 쓴다."
"N5-033","N5","～がいる","장소 + に + 명사 + ～がいる / 명사 + ～がいる","생물이 있다. 사람이나 동물의 존재를 나타낸다.","あそこに<ruby>白<rt>しろ</rt></ruby>い<ruby>犬<rt>いぬ</rt></ruby>がいる。","저기에 흰 개가 있다.","<ruby>私<rt>わたし</rt></ruby>には<ruby>妹<rt>いもうと</rt></ruby>が一人いる。","나에게는 여동생이 한 명 있다.","～います는 정중체이고, 무생물에는 ～がある를 쓴다."
"N5-034","N5","～<ruby>動詞<rt>どうし</rt></ruby><ruby>活用<rt>かつよう</rt></ruby><ruby>基本形<rt>きほんけい</rt></ruby>","동사","동사의 사전형·ない형·た형·て형·ます형의 기본 활용 묶음이다.","「<ruby>読<rt>よ</rt></ruby>む」のない<ruby>形<rt>けい</rt></ruby>は「<ruby>読<rt>よ</rt></ruby>まない」です。","‘よむ’의 ない형은 ‘よまない’입니다.","「<ruby>行<rt>い</rt></ruby>く」のて<ruby>形<rt>けい</rt></ruby>は「<ruby>行<rt>い</rt></ruby>って」です。","‘いく’의 て형은 ‘いって’입니다.","이 다섯 형태는 이후 대부분의 동사 문법의 기반이 된다."
"N5-035","N5","～い<ruby>形容詞<rt>けいようし</rt></ruby><ruby>活用<rt>かつよう</rt></ruby>","い형용사","い형용사는 어미가 바뀌어 시제와 부정을 나타낸다.","このスープは<ruby>熱<rt>あつ</rt></ruby>くないです。","이 수프는 뜨겁지 않습니다.","<ruby>昨日<rt>きのう</rt></ruby>の<ruby>海<rt>うみ</rt></ruby>はとても<ruby>青<rt>あお</rt></ruby>かった。","어제 바다는 매우 푸르렀다.","な형용사는 어미가 아니라 だ/です 계열이 바뀐다."
"N5-036","N5","～いい","い형용사","좋다. 회화에서 기본형으로 자주 쓰는 형태이다.","この<ruby>席<rt>せき</rt></ruby>でいいですか。","이 자리로 괜찮습니까?","それなら<ruby>今日<rt>きょう</rt></ruby>でもいいよ。","그렇다면 오늘이어도 괜찮아.","활용할 때는 주로 ～よい 계열이 쓰인다."
"N5-037","N5","～よい","い형용사","좋다. ～いい의 활용에 쓰이는 기본형이다.","<ruby>体<rt>からだ</rt></ruby>によい<ruby>食べ物<rt>たべもの</rt></ruby>を<ruby>選<rt>えら</rt></ruby>びましょう。","몸에 좋은 음식을 고릅시다.","この<ruby>方法<rt>ほうほう</rt></ruby>はよくないと<ruby>思<rt>おも</rt></ruby>います。","이 방법은 좋지 않다고 생각합니다.","회화의 기본형은 ～いい가 더 흔하다."
"N5-038","N5","～な<ruby>形容詞<rt>けいようし</rt></ruby><ruby>活用<rt>かつよう</rt></ruby>","な형용사","な형용사는 だ/です 계열로 활용하고, 명사 수식에는 な를 붙인다.","この<ruby>通<rt>とお</rt></ruby>りは<ruby>夜<rt>よる</rt></ruby>でもにぎやかです。","이 거리는 밤에도 번화합니다.","<ruby>静<rt>しず</rt></ruby>かな<ruby>部屋<rt>へや</rt></ruby>で<ruby>少<rt>すこ</rt></ruby>し<ruby>休<rt>やす</rt></ruby>みたいです。","조용한 방에서 조금 쉬고 싶습니다.","い형용사는 어미 자체가 바뀌고, な형용사는 だ/な가 붙는다."
"N5-039","N5","～する","명사 + ～する / 단독 사용","~하다. 보통체의 불규칙 동사이다.","<ruby>週末<rt>しゅうまつ</rt></ruby>は<ruby>家<rt>いえ</rt></ruby>で<ruby>料理<rt>りょうり</rt></ruby>する。","주말에는 집에서 요리한다.","あとで<ruby>電話<rt>でんわ</rt></ruby>するね。","나중에 전화할게.","～します는 ～する의 정중체이다."
"N5-040","N5","～します","명사 + ～します / 단독 사용","~합니다. ～する의 정중체이다.","<ruby>毎朝<rt>まいあさ</rt></ruby>、ここで<ruby>散歩<rt>さんぽ</rt></ruby>します。","매일 아침, 여기서 산책합니다.","この<ruby>件<rt>けん</rt></ruby>は<ruby>私<rt>わたし</rt></ruby>が<ruby>説明<rt>せつめい</rt></ruby>します。","이 건은 제가 설명하겠습니다.","～する보다 공손한 말이다."
"N5-041","N5","～なる","명사 / な형용사 어간 + に / い형용사 어간 + く + ～なる","~이/가 되다. 상태가 자연스럽게 변한다.","この<ruby>子<rt>こ</rt></ruby>は<ruby>来年<rt>らいねん</rt></ruby><ruby>小学生<rt>しょうがくせい</rt></ruby>になる。","이 아이는 내년에 초등학생이 된다.","<ruby>冬<rt>ふゆ</rt></ruby>になると<ruby>日<rt>ひ</rt></ruby>が<ruby>短<rt>みじか</rt></ruby>くなる。","겨울이 되면 해가 짧아진다.","의도적으로 바꾸는 ～にする / ～くする와 다르다."
"N5-042","N5","～になる","명사 / な형용사 어간 + ～になる","~이/가 되다. 명사나 な형용사 상태로 바뀐다.","<ruby>兄<rt>あに</rt></ruby>は<ruby>来年<rt>らいねん</rt></ruby><ruby>医者<rt>いしゃ</rt></ruby>になる。","형은 내년에 의사가 된다.","この<ruby>店<rt>みせ</rt></ruby>は<ruby>夜<rt>よる</rt></ruby>になると<ruby>静<rt>しず</rt></ruby>かになります。","이 가게는 밤이 되면 조용해집니다.","명사·な형용사에는 ～になる, い형용사에는 ～くなる를 쓴다."
"N5-043","N5","～くなる","い형용사 어간 + ～くなる","~해지다. い형용사 상태로 바뀐다.","<ruby>八月<rt>はちがつ</rt></ruby>は<ruby>日<rt>ひ</rt></ruby>が<ruby>長<rt>なが</rt></ruby>くなる。","8월은 해가 길어진다.","このスープ、<ruby>少<rt>すこ</rt></ruby>し<ruby>冷<rt>つめ</rt></ruby>たくなったね。","이 수프, 조금 식었네.","い형용사 변화에만 쓰며, 명사·な형용사에는 ～になる를 쓴다."
"N5-044","N5","～にする","명사 / な형용사 어간 + ～にする","~로 하다. 선택하거나 그렇게 만들다.","<ruby>会議<rt>かいぎ</rt></ruby>の<ruby>時間<rt>じかん</rt></ruby>を3<ruby>時<rt>じ</rt></ruby>にしましょう。","회의 시간을 3시로 합시다.","<ruby>昼<rt>ひる</rt></ruby>ご<ruby>飯<rt>はん</rt></ruby>はうどんにする。","점심은 우동으로 할게.","명사·な형용사에는 ～にする, い형용사에는 ～くする를 쓴다."
"N5-045","N5","～くする","い형용사 어간 + ～くする","~하게 하다. い형용사 상태로 의도적으로 바꾼다.","<ruby>字<rt>じ</rt></ruby>をもっと<ruby>大<rt>おお</rt></ruby>きくしてください。","글자를 좀 더 크게 해 주세요.","<ruby>部屋<rt>へや</rt></ruby>を<ruby>明<rt>あか</rt></ruby>るくしたいです。","방을 밝게 하고 싶습니다.","い형용사 변화에만 쓰며, 명사·な형용사에는 ～にする를 쓴다."
"N5-046","N5","～て","동사 て형 / い형용사 어간 + くて","~하고, ~해서. 동작이나 상태를 이어 준다.","<ruby>窓<rt>まど</rt></ruby>を<ruby>開<rt>あ</rt></ruby>けて、<ruby>空気<rt>くうき</rt></ruby>を<ruby>入<rt>い</rt></ruby>れました。","창문을 열고 공기를 들였습니다.","この<ruby>店<rt>みせ</rt></ruby>は<ruby>安<rt>やす</rt></ruby>くて、おいしいです。","이 가게는 싸고 맛있습니다.","명사·な형용사 연결은 주로 ～で를 쓴다."
"N5-047","N5","～で","な형용사 어간 + ～で / 명사 + ～で","~이고, ~해서. 명사나 な형용사를 이어 준다.","この<ruby>町<rt>まち</rt></ruby>は<ruby>静<rt>しず</rt></ruby>かで、<ruby>住<rt>す</rt></ruby>みやすいです。","이 마을은 조용해서 살기 편합니다.","<ruby>父<rt>ちち</rt></ruby>は<ruby>教師<rt>きょうし</rt></ruby>で、<ruby>母<rt>はは</rt></ruby>は<ruby>看護師<rt>かんごし</rt></ruby>です。","아버지는 교사이고, 어머니는 간호사입니다.","동사·い형용사 연결은 주로 ～て 계열을 쓴다."
"N5-048","N5","～てから","동사 て형 + ～から","~하고 나서. 앞 동작이 끝난 뒤 다음 동작이 일어난다.","<ruby>手<rt>て</rt></ruby>を<ruby>洗<rt>あら</rt></ruby>ってから、<ruby>食事<rt>しょくじ</rt></ruby>してください。","손을 씻고 나서 식사해 주세요.","<ruby>駅<rt>えき</rt></ruby>に<ruby>着<rt>つ</rt></ruby>いてから<ruby>電話<rt>でんわ</rt></ruby>します。","역에 도착하고 나서 전화하겠습니다.","～て보다 순서의 완료 관계를 더 분명히 한다."
"N5-049","N5","～ている","동사 て형 + ～いる","~하고 있다; ~해 있다. 진행·결과 상태·습관을 나타낸다.","<ruby>今<rt>いま</rt></ruby>、<ruby>妹<rt>いもうと</rt></ruby>は<ruby>台所<rt>だいどころ</rt></ruby>で<ruby>料理<rt>りょうり</rt></ruby>しています。","지금 여동생은 부엌에서 요리하고 있습니다.","<ruby>窓<rt>まど</rt></ruby>が<ruby>少<rt>すこ</rt></ruby>し<ruby>開<rt>あ</rt></ruby>いている。","창문이 조금 열려 있다.","진행뿐 아니라 결과 상태·습관도 나타낸다."
"N5-050","N5","～まだ～ていません","まだ + 동사 て형 + ～いません","아직 ~하지 않았습니다. 완료되지 않았음을 나타낸다.","A：もうレポートを<ruby>出<rt>だ</rt></ruby>しましたか。B：いいえ、まだ<ruby>出<rt>だ</rt></ruby>していません。","A: 이미 리포트를 냈습니까? B: 아니요, 아직 내지 않았습니다.","<ruby>夕食<rt>ゆうしょく</rt></ruby>はまだ<ruby>始<rt>はじ</rt></ruby>まっていません。","저녁 식사는 아직 시작되지 않았습니다.","もう～ました와 짝을 이루는 미완료 표현이다."
"N5-051","N5","～ないで","동사 ない형 + ～ないで","~하지 않고. 앞 동작을 하지 않은 채 다른 동작을 한다.","<ruby>朝<rt>あさ</rt></ruby>ごはんを<ruby>食<rt>た</rt></ruby>べないで<ruby>出<rt>で</rt></ruby>かけました。","아침밥을 먹지 않고 나갔습니다.","めがねをかけないで<ruby>本<rt>ほん</rt></ruby>を<ruby>読<rt>よ</rt></ruby>んだら、<ruby>目<rt>め</rt></ruby>が<ruby>疲<rt>つか</rt></ruby>れました。","안경을 쓰지 않고 책을 읽었더니 눈이 피곤해졌습니다.","～なくて는 이유, ～ないで는 대체 동작·부수 상황에 가깝다."
"N5-052","N5","～なくて","동사 ない형 + ～なくて","~하지 않아서. 부정 상태나 부정 동작이 이유가 된다.","<ruby>電車<rt>でんしゃ</rt></ruby>が<ruby>来<rt>こ</rt></ruby>なくて、<ruby>約束<rt>やくそく</rt></ruby>に<ruby>遅<rt>おく</rt></ruby>れました。","전철이 오지 않아서 약속에 늦었습니다.","<ruby>名前<rt>なまえ</rt></ruby>がわからなくて、まだ<ruby>申込書<rt>もうしこみしょ</rt></ruby>を<ruby>書<rt>か</rt></ruby>けません。","이름을 몰라서 아직 신청서를 쓸 수 없습니다.","～ないで는 ‘~하지 않고’, ～なくて는 ‘~하지 않아서’에 가깝다."
"N5-053","N5","～たり～たりする","동사 た형 + ～たり + 동사 た형 + ～たりする","~하거나 ~하거나 하다. 몇 가지 동작을 예시로 든다.","<ruby>休<rt>やす</rt></ruby>みの<ruby>日<rt>ひ</rt></ruby>は、<ruby>音楽<rt>おんがく</rt></ruby>を<ruby>聞<rt>き</rt></ruby>いたり、<ruby>散歩<rt>さんぽ</rt></ruby>したりします。","쉬는 날에는 음악을 듣거나 산책을 하거나 합니다.","<ruby>午後<rt>ごご</rt></ruby>はカフェで<ruby>勉強<rt>べんきょう</rt></ruby>したり、<ruby>友<rt>とも</rt></ruby>だちと<ruby>話<rt>はな</rt></ruby>したりしました。","오후에는 카페에서 공부하거나 친구와 이야기하거나 했습니다.","～て는 순서 연결, ～たり～たりする는 예시 나열이다."
"N5-054","N5","～ください","명사 + を + ～ください","주세요. 물건이나 서비스를 정중하게 요청한다.","すみません、<ruby>温<rt>あたた</rt></ruby>かいお<ruby>茶<rt>ちゃ</rt></ruby>をください。","실례합니다, 따뜻한 차 주세요.","<ruby>受付<rt>うけつけ</rt></ruby>で<ruby>入場券<rt>にゅうじょうけん</rt></ruby>をください。","접수처에서 입장권 주세요.","～てください는 행동 요청, ～ください는 물건·서비스 요청이다."
"N5-055","N5","～をください","명사 + ～をください","~을/를 주세요. 원하는 물건을 바로 지정해 요청한다.","この<ruby>赤<rt>あか</rt></ruby>いペンをください。","이 빨간 펜 주세요.","チーズケーキを<ruby>二<rt>ふた</rt></ruby>つください。","치즈케이크를 두 개 주세요.","～がほしい는 내 바람, ～をください는 상대에게 직접 하는 요청이다."
"N5-056","N5","～てください","동사 て형 + ～てください","~해 주세요. 어떤 행동을 정중하게 부탁한다.","ここに<ruby>電話番号<rt>でんわばんごう</rt></ruby>を<ruby>書<rt>か</rt></ruby>いてください。","여기에 전화번호를 써 주세요.","わからないところをもう<ruby>一度<rt>いちど</rt></ruby><ruby>説明<rt>せつめい</rt></ruby>してください。","모르는 부분을 다시 한 번 설명해 주세요.","～ください는 물건 요청, ～てください는 행동 요청이다."
"N5-057","N5","～ないでください","동사 ない형 + ～ないでください","~하지 마세요. 어떤 행동을 하지 말아 달라고 정중하게 부탁한다.","この<ruby>部屋<rt>へや</rt></ruby>ではたばこを<ruby>吸<rt>す</rt></ruby>わないでください。","이 방에서는 담배를 피우지 마세요.","まだ<ruby>答<rt>こた</rt></ruby>えを<ruby>言<rt>い</rt></ruby>わないでください。","아직 답을 말하지 마세요.","～な보다 훨씬 부드럽고 정중한 금지 표현이다."
"N5-058","N5","～てもいい","동사 て형 + ～てもいい","~해도 된다. 허가되거나 괜찮음을 나타낸다.","このコピー<ruby>機<rt>き</rt></ruby>は<ruby>自由<rt>じゆう</rt></ruby>に<ruby>使<rt>つか</rt></ruby>ってもいいです。","이 복사기는 자유롭게 사용해도 됩니다.","この<ruby>薬<rt>くすり</rt></ruby>は<ruby>食後<rt>しょくご</rt></ruby>に<ruby>飲<rt>の</rt></ruby>んでもいいですよ。","이 약은 식후에 먹어도 됩니다.","～てはいけない와 반대되는 허가 표현이다."
"N5-059","N5","～てもいいですか","동사 て형 + ～てもいいですか","~해도 됩니까. 허가를 정중하게 묻는다.","ここで<ruby>少<rt>すこ</rt></ruby>し<ruby>休<rt>やす</rt></ruby>んでもいいですか。","여기서 조금 쉬어도 됩니까?","この<ruby>写真<rt>しゃしん</rt></ruby>をSNSに<ruby>出<rt>だ</rt></ruby>してもいいですか。","이 사진을 SNS에 올려도 됩니까?","～てもいい는 허가 자체, ～てもいいですか는 허가 요청이다."
"N5-060","N5","～てはいけない","동사 て형 + ～てはいけない","~하면 안 된다. 규칙이나 금지를 나타낸다.","この<ruby>池<rt>いけ</rt></ruby>で<ruby>泳<rt>およ</rt></ruby>いではいけない。","이 연못에서 수영하면 안 된다.","<ruby>大事<rt>だいじ</rt></ruby>な<ruby>書類<rt>しょるい</rt></ruby>をなくしてはいけない。","중요한 서류를 잃어버리면 안 된다.","～てもいい의 반대이며, ～な보다 덜 거칠다."
"N5-061","N5","～てはいけません","동사 て형 + ～てはいけません","~하면 안 됩니다. 정중하게 금지를 말한다.","この<ruby>席<rt>せき</rt></ruby>に<ruby>荷物<rt>にもつ</rt></ruby>を<ruby>置<rt>お</rt></ruby>いてはいけません。","이 자리에 짐을 두면 안 됩니다.","<ruby>試験<rt>しけん</rt></ruby><ruby>中<rt>ちゅう</rt></ruby>に<ruby>辞書<rt>じしょ</rt></ruby>を<ruby>見<rt>み</rt></ruby>てはいけません。","시험 중에 사전을 보면 안 됩니다.","～てはいけない의 정중체이다."
"N5-062","N5","～ちゃいけない","동사 て형 + ～ちゃいけない","~하면 안 돼. てはいけない의 구어 축약형이다.","そんなに<ruby>夜更<rt>よふ</rt></ruby>かししちゃいけないよ。","그렇게 늦게까지 깨어 있으면 안 돼.","このケーキ、<ruby>一人<rt>ひとり</rt></ruby>で<ruby>全部<rt>ぜんぶ</rt></ruby><ruby>食<rt>た</rt></ruby>べちゃいけない。","이 케이크, 혼자 다 먹으면 안 돼.","～てはいけない보다 훨씬 구어적이고 편한 말이다."
"N5-063","N5","～じゃいけない","동사 で형 + ～じゃいけない","~하면 안 돼. ではいけない의 구어 축약형이다.","ここでお<ruby>酒<rt>さけ</rt></ruby>を<ruby>飲<rt>の</rt></ruby>んじゃいけないよ。","여기서 술을 마시면 안 돼.","そんなに<ruby>急<rt>いそ</rt></ruby>いじゃいけない。","그렇게 서두르면 안 돼.","～ではいけない의 회화형이며, で형 동사에 잘 붙는다."
"N5-064","N5","～たほうがいい","동사 た형 + ～たほうがいい","~하는 편이 좋다. 그렇게 하는 것이 더 낫다고 조언한다.","のどが<ruby>痛<rt>いた</rt></ruby>いなら、<ruby>早<rt>はや</rt></ruby>く<ruby>病院<rt>びょういん</rt></ruby>に<ruby>行<rt>い</rt></ruby>ったほうがいいです。","목이 아프다면 빨리 병원에 가는 편이 좋습니다.","この<ruby>道<rt>みち</rt></ruby>は<ruby>暗<rt>くら</rt></ruby>いので、タクシーで<ruby>帰<rt>かえ</rt></ruby>ったほうがいいですよ。","이 길은 어두우니 택시로 돌아가는 편이 좋아요.","～てもいい는 허가, ～たほうがいい는 조언이다."
"N5-065","N5","～ないほうがいい","동사 ない형 + ～ないほうがいい","~하지 않는 편이 좋다. 삼가라고 조언한다.","そんなに<ruby>甘<rt>あま</rt></ruby>いものを<ruby>食<rt>た</rt></ruby>べないほうがいいですよ。","그렇게 단 것을 먹지 않는 편이 좋아요.","<ruby>熱<rt>ねつ</rt></ruby>があるなら、<ruby>今日<rt>きょう</rt></ruby>は<ruby>無理<rt>むり</rt></ruby>をしないほうがいいです。","열이 있다면 오늘은 무리하지 않는 편이 좋습니다.","～たほうがいい가 권장이라면, ～ないほうがいい는 자제 권유이다."
"N5-066","N5","～なくてもいい","동사 ない형 + ～なくてもいい","~하지 않아도 된다. 의무가 없음을 나타낸다.","この<ruby>宿題<rt>しゅくだい</rt></ruby>は<ruby>今日<rt>きょう</rt></ruby><ruby>出<rt>だ</rt></ruby>さなくてもいいです。","이 숙제는 오늘 내지 않아도 됩니다.","<ruby>時間<rt>じかん</rt></ruby>がなければ、<ruby>全部<rt>ぜんぶ</rt></ruby><ruby>読<rt>よ</rt></ruby>まなくてもいいですよ。","시간이 없으면 전부 읽지 않아도 돼요.","～てもいい는 ‘해도 됨’, ～なくてもいい는 ‘안 해도 됨’이다."
"N5-067","N5","～な","동사 기본형 + ～な","~하지 마. 직접적이고 강한 금지 표현이다.","そこに<ruby>入<rt>はい</rt></ruby>るな。","거기에 들어가지 마.","<ruby>人<rt>ひと</rt></ruby>のものを<ruby>勝手<rt>かって</rt></ruby>に<ruby>使<rt>つか</rt></ruby>うな。","남의 물건을 함부로 쓰지 마.","～ないでください보다 거칠고 직접적이다."
"N5-068","N5","～ませんか","동사 ます형 + ～ませんか","~하지 않겠습니까. 상대를 정중하게 권한다.","<ruby>今日<rt>きょう</rt></ruby>の<ruby>帰<rt>かえ</rt></ruby>りに<ruby>少<rt>すこ</rt></ruby>し<ruby>話<rt>はな</rt></ruby>しませんか。","오늘 돌아가는 길에 잠깐 이야기하지 않겠습니까?","このあと<ruby>一緒<rt>いっしょ</rt></ruby>に<ruby>昼<rt>ひる</rt></ruby>ごはんを<ruby>食<rt>た</rt></ruby>べませんか。","이따가 함께 점심 먹지 않겠습니까?","～ましょう보다 상대의 의향을 더 부드럽게 묻는다."
"N5-069","N5","～ましょう","동사 ます형 + ～ましょう","~합시다. 함께 하자는 적극적인 제안이다.","そろそろ<ruby>会議<rt>かいぎ</rt></ruby>を<ruby>始<rt>はじ</rt></ruby>めましょう。","이제 슬슬 회의를 시작합시다.","<ruby>駅<rt>えき</rt></ruby>まで<ruby>一緒<rt>いっしょ</rt></ruby>に<ruby>歩<rt>ある</rt></ruby>きましょう。","역까지 함께 걸어갑시다.","～ませんか보다 더 직접적이고 적극적인 제안이다."
"N5-070","N5","～ましょうか","동사 ます형 + ～ましょうか","~할까요. 내가 해 줄지를 묻거나 제안한다.","その<ruby>荷物<rt>にもつ</rt></ruby>、<ruby>私<rt>わたし</rt></ruby>が<ruby>持<rt>も</rt></ruby>ちましょうか。","그 짐, 제가 들어 드릴까요?","エアコンを<ruby>消<rt>け</rt></ruby>しましょうか。","에어컨을 끌까요?","～ましょう는 함께 하자는 말, ～ましょうか는 화자의 제안·도움 제의에 가깝다."
"N5-071","N5","～はどうですか","명사 + ～はどうですか / 동사 기본형 + のはどうですか","~은/는 어떻습니까. 부드럽게 제안하거나 의견을 묻는다.","この<ruby>席<rt>せき</rt></ruby>はどうですか。","이 자리는 어떻습니까?","<ruby>今週末<rt>こんしゅうまつ</rt></ruby>、<ruby>近<rt>ちか</rt></ruby>くの<ruby>公園<rt>こうえん</rt></ruby>を<ruby>散歩<rt>さんぽ</rt></ruby>するのはどうですか。","이번 주말에 근처 공원을 산책하는 건 어떻습니까?","～ませんか보다 더 완곡하게 선택지를 내미는 느낌이다."
"N5-072","N5","～たい","동사 ます형 + ～たい","~하고 싶다. 화자 자신의 희망을 나타낸다.","<ruby>今年<rt>ことし</rt></ruby>は<ruby>北海道<rt>ほっかいどう</rt></ruby>へ<ruby>旅行<rt>りょこう</rt></ruby>したいです。","올해는 홋카이도로 여행하고 싶습니다.","<ruby>次<rt>つぎ</rt></ruby>の<ruby>休<rt>やす</rt></ruby>みにはゆっくり<ruby>寝<rt>ね</rt></ruby>たいです。","다음 휴일에는 푹 자고 싶습니다.","～がほしい는 물건을 원할 때, ～たい는 동작을 원할 때 쓴다."
"N5-073","N5","～たくない","동사 ます형 + ～たくない","~하고 싶지 않다. 화자 자신의 비희망을 나타낸다.","まだ<ruby>家<rt>いえ</rt></ruby>に<ruby>帰<rt>かえ</rt></ruby>りたくないです。","아직 집에 돌아가고 싶지 않습니다.","そのことはもう<ruby>思<rt>おも</rt></ruby>い<ruby>出<rt>だ</rt></ruby>したくない。","그 일은 이제 더 이상 떠올리고 싶지 않다.","～ない보다 단순 부정보다 ‘의욕 없음’에 가깝다."
"N5-074","N5","～がほしい","명사 + ～がほしい","~을/를 원하다. 화자 자신이 물건이나 상태를 바람을 나타낸다.","<ruby>来年<rt>らいねん</rt></ruby>までに<ruby>新<rt>あたら</rt></ruby>しいパソコンがほしいです。","내년까지 새 컴퓨터를 원합니다.","いまは<ruby>少<rt>すこ</rt></ruby>し<ruby>静<rt>しず</rt></ruby>かな<ruby>時間<rt>じかん</rt></ruby>がほしい。","지금은 조금 조용한 시간이 필요하다.","～たい는 동작 희망, ～がほしい는 명사 대상 희망이다."
"N5-075","N5","～たことがある","동사 た형 + ～たことがある","~한 적이 있다. 과거 경험이 있음을 나타낸다.","<ruby>私<rt>わたし</rt></ruby>は<ruby>着物<rt>きもの</rt></ruby>を<ruby>着<rt>き</rt></ruby>たことがあります。","저는 기모노를 입어 본 적이 있습니다.","この<ruby>店<rt>みせ</rt></ruby>のラーメンを<ruby>食<rt>た</rt></ruby>べたことがありますか。","이 가게 라멘을 먹어 본 적이 있습니까?","단순 과거와 달리 ‘경험 유무’ 자체를 말한다."
"N5-076","N5","～<ruby>好<rt>す</rt></ruby>き","명사 + が + ～好き","~을/를 좋아하다.","<ruby>私<rt>わたし</rt></ruby>は<ruby>甘<rt>あま</rt></ruby>いものが<ruby>好<rt>す</rt></ruby>きです。","저는 단것을 좋아합니다.","<ruby>妹<rt>いもうと</rt></ruby>は<ruby>静<rt>しず</rt></ruby>かな<ruby>音楽<rt>おんがく</rt></ruby>が<ruby>好<rt>す</rt></ruby>きです。","여동생은 조용한 음악을 좋아합니다.","명사를 좋아할 때 쓰고, 동작을 좋아할 때는 ～のが好き를 쓴다."
"N5-077","N5","～<ruby>嫌<rt>きら</rt></ruby>い","명사 + が + ～嫌い","~을/를 싫어하다.","<ruby>父<rt>ちち</rt></ruby>は<ruby>熱<rt>あつ</rt></ruby>い<ruby>飲<rt>の</rt></ruby>み<ruby>物<rt>もの</rt></ruby>が<ruby>嫌<rt>きら</rt></ruby>いです。","아버지는 뜨거운 음료를 싫어합니다.","<ruby>私<rt>わたし</rt></ruby>は<ruby>人<rt>ひと</rt></ruby>ごみがあまり<ruby>嫌<rt>きら</rt></ruby>いではありません。","저는 사람이 많은 곳을 그다지 싫어하지 않습니다.","명사를 싫어할 때 쓰고, 동작 자체는 ～のが嫌い보다 보통 다른 표현을 더 많이 쓴다."
"N5-078","N5","～のが<ruby>好<rt>す</rt></ruby>き","동사 기본형 + のが + ～好き","~하는 것을 좋아하다.","<ruby>兄<rt>あに</rt></ruby>は<ruby>休<rt>やす</rt></ruby>みの<ruby>日<rt>ひ</rt></ruby>に<ruby>走<rt>はし</rt></ruby>るのが<ruby>好<rt>す</rt></ruby>きです。","형은 쉬는 날에 달리는 것을 좋아합니다.","<ruby>私<rt>わたし</rt></ruby>はカフェで<ruby>本<rt>ほん</rt></ruby>を<ruby>読<rt>よ</rt></ruby>むのが<ruby>好<rt>す</rt></ruby>きです。","저는 카페에서 책 읽는 것을 좋아합니다.","명사 기호는 ～好き, 동작 기호는 ～のが好き를 쓴다."
"N5-079","N5","～のが<ruby>上手<rt>じょうず</rt></ruby>","동사 기본형 + のが + ～上手","~하는 것을 잘하다.","<ruby>田中<rt>たなか</rt></ruby>さんは<ruby>人<rt>ひと</rt></ruby>に<ruby>説明<rt>せつめい</rt></ruby>するのが<ruby>上手<rt>じょうず</rt></ruby>です。","다나카 씨는 남에게 설명하는 것을 잘합니다.","あの<ruby>子<rt>こ</rt></ruby>は<ruby>速<rt>はや</rt></ruby>く<ruby>泳<rt>およ</rt></ruby>ぐのが<ruby>上手<rt>じょうず</rt></ruby>です。","저 아이는 빨리 수영하는 것을 잘합니다.","자신에게는 ～得意가 더 자연스러운 경우가 많다."
"N5-080","N5","～のが<ruby>下手<rt>へた</rt></ruby>","동사 기본형 + のが + ～下手","~하는 것을 못하다.","<ruby>私<rt>わたし</rt></ruby>は<ruby>人前<rt>ひとまえ</rt></ruby>で<ruby>話<rt>はな</rt></ruby>すのが<ruby>下手<rt>へた</rt></ruby>です。","저는 사람들 앞에서 말하는 것을 잘 못합니다.","<ruby>弟<rt>おとうと</rt></ruby>は<ruby>字<rt>じ</rt></ruby>をきれいに<ruby>書<rt>か</rt></ruby>くのが<ruby>下手<rt>へた</rt></ruby>です。","남동생은 글씨를 예쁘게 쓰는 것을 잘 못합니다.","～ができる는 가능 여부, ～のが下手는 능숙하지 않음을 말한다."
"N5-081","N5","～ができる","명사 + が + ～できる","~을/를 할 수 있다; 가능하다.","<ruby>姉<rt>あね</rt></ruby>は<ruby>日本語<rt>にほんご</rt></ruby>と<ruby>中国語<rt>ちゅうごくご</rt></ruby>ができます。","누나는 일본어와 중국어를 할 수 있습니다.","この<ruby>店<rt>みせ</rt></ruby>ではカード<ruby>決済<rt>けっさい</rt></ruby>ができます。","이 가게에서는 카드 결제가 가능합니다.","～のが上手는 잘함, ～ができる는 가능함에 초점이 있다."
"N5-082","N5","～<ruby>方<rt>かた</rt></ruby>","동사 ます형 어간 + ～方","~하는 법, 방법.","この<ruby>機械<rt>きかい</rt></ruby>の<ruby>使<rt>つか</rt></ruby>い<ruby>方<rt>かた</rt></ruby>を<ruby>簡単<rt>かんたん</rt></ruby>に<ruby>説明<rt>せつめい</rt></ruby>します。","이 기계의 사용법을 간단히 설명하겠습니다.","みそしるの<ruby>作<rt>つく</rt></ruby>り<ruby>方<rt>かた</rt></ruby>を<ruby>動画<rt>どうが</rt></ruby>で<ruby>見<rt>み</rt></ruby>ました。","된장국 만드는 법을 영상으로 봤습니다.","동작 자체가 아니라 방법을 명사처럼 나타내는 표현이다."
"N5-083","N5","～より","명사 + ～より","~보다.","このかばんは<ruby>前<rt>まえ</rt></ruby>のものより<ruby>軽<rt>かる</rt></ruby>いです。","이 가방은 전 것보다 가볍습니다.","<ruby>今日<rt>きょう</rt></ruby>は<ruby>先週<rt>せんしゅう</rt></ruby>より<ruby>忙<rt>いそが</rt></ruby>しいです。","오늘은 지난주보다 바쁩니다.","～より～のほうが가 비교 결과를 더 분명하게 드러낸다."
"N5-084","N5","～より～のほうが","명사 + より + 명사 + のほうが","~보다 ~쪽이 더 ....","<ruby>自転車<rt>じてんしゃ</rt></ruby>より<ruby>歩<rt>ある</rt></ruby>くほうが<ruby>健康<rt>けんこう</rt></ruby>にいいです。","자전거보다 걷는 쪽이 건강에 좋습니다.","この<ruby>道<rt>みち</rt></ruby>よりあの<ruby>道<rt>みち</rt></ruby>のほうが<ruby>広<rt>ひろ</rt></ruby>いです。","이 길보다 저 길 쪽이 더 넓습니다.","단순 기준 제시는 ～より, 어느 쪽이 더한지 밝히면 ～より～のほうが이다."
"N5-085","N5","～<ruby>一番<rt>いちばん</rt></ruby>","문장 안에서 + ～一番","가장.","このクラスで<ruby>山田<rt>やまだ</rt></ruby>さんが<ruby>一番<rt>いちばん</rt></ruby><ruby>足<rt>あし</rt></ruby>が<ruby>速<rt>はや</rt></ruby>いです。","이 반에서는 야마다 씨가 가장 발이 빠릅니다.","<ruby>私<rt>わたし</rt></ruby>は<ruby>果物<rt>くだもの</rt></ruby>の<ruby>中<rt>なか</rt></ruby>でいちごが<ruby>一番<rt>いちばん</rt></ruby><ruby>好<rt>す</rt></ruby>きです。","저는 과일 중에서 딸기를 가장 좋아합니다.","범위를 분명히 말할 때는 ～の中で一番이 더 또렷하다."
"N5-086","N5","～の<ruby>中<rt>なか</rt></ruby>で<ruby>一番<rt>いちばん</rt></ruby>","명사 + の中で + ～一番","~중에서 가장.","<ruby>家族<rt>かぞく</rt></ruby>の<ruby>中<rt>なか</rt></ruby>で<ruby>母<rt>はは</rt></ruby>が<ruby>一番<rt>いちばん</rt></ruby><ruby>早<rt>はや</rt></ruby>く<ruby>起<rt>お</rt></ruby>きます。","가족 중에서 어머니가 가장 일찍 일어납니다.","この<ruby>店<rt>みせ</rt></ruby>のメニューの<ruby>中<rt>なか</rt></ruby>でカレーが<ruby>一番<rt>いちばん</rt></ruby><ruby>人気<rt>にんき</rt></ruby>です。","이 가게 메뉴 중에서는 카레가 가장 인기 있습니다.","～一番보다 범위를 더 분명하게 지정한다."
"N5-087","N5","～くらい","수량 / 시간 + ～くらい","~정도, ~쯤.","ここから<ruby>空港<rt>くうこう</rt></ruby>まで<ruby>一時間<rt>いちじかん</rt></ruby>くらいかかります。","여기서 공항까지 한 시간 정도 걸립니다.","<ruby>会場<rt>かいじょう</rt></ruby>には<ruby>五十人<rt>ごじゅうにん</rt></ruby>くらい<ruby>集<rt>あつ</rt></ruby>まりました。","행사장에는 50명 정도 모였습니다.","～ぐらい와 뜻은 거의 같다."
"N5-088","N5","～ぐらい","수량 / 시간 + ～ぐらい","~정도, ~쯤.","<ruby>夜<rt>よる</rt></ruby>は<ruby>三十分<rt>さんじゅっぷん</rt></ruby>ぐらいストレッチをします。","밤에는 30분 정도 스트레칭을 합니다.","<ruby>駅<rt>えき</rt></ruby>までタクシーで<ruby>千円<rt>せんえん</rt></ruby>ぐらいでした。","역까지 택시로 천 엔 정도였습니다.","～くらい와 뜻은 거의 같고 회화에서는 둘 다 많이 쓴다."
"N5-089","N5","～<ruby>時間<rt>じかん</rt></ruby>・<ruby>数量<rt>すうりょう</rt></ruby><ruby>助数詞<rt>じょすうし</rt></ruby>","숫자 + ～시간·수량 조수사","~개, ~명, ~번 같은 수량 단위 표현.","<ruby>会議<rt>かいぎ</rt></ruby>は<ruby>二時間<rt>にじかん</rt></ruby>かかりました。","회의는 두 시간 걸렸습니다.","<ruby>先月<rt>せんげつ</rt></ruby>、この<ruby>本<rt>ほん</rt></ruby>を<ruby>三冊<rt>さんさつ</rt></ruby><ruby>買<rt>か</rt></ruby>いました。","지난달에 이 책을 세 권 샀습니다.","～くらい/～ぐらい를 붙이면 정확한 수보다 대략적인 수가 된다."
"N5-090","N5","～<ruby>前<rt>まえ</rt></ruby>に","동사 기본형 / 명사 + の + ～前に","~하기 전에.","<ruby>寝<rt>ね</rt></ruby>る<ruby>前<rt>まえ</rt></ruby>に<ruby>明日<rt>あした</rt></ruby>の<ruby>予定<rt>よてい</rt></ruby>を<ruby>確認<rt>かくにん</rt></ruby>します。","자기 전에 내일 일정을 확인합니다.","<ruby>会議<rt>かいぎ</rt></ruby>の<ruby>前<rt>まえ</rt></ruby>にコーヒーを<ruby>一杯<rt>いっぱい</rt></ruby><ruby>飲<rt>の</rt></ruby>みました。","회의 전에 커피를 한 잔 마셨습니다.","～あとで는 뒤의 일, ～前に는 앞의 일을 기준으로 말한다."
"N5-091","N5","～あとで","동사 た형 / 명사 + の + ～あとで","~한 뒤에, 나중에.","<ruby>宿題<rt>しゅくだい</rt></ruby>を<ruby>終<rt>お</rt></ruby>えたあとで、ドラマを<ruby>見<rt>み</rt></ruby>ました。","숙제를 끝낸 뒤에 드라마를 봤습니다.","<ruby>授業<rt>じゅぎょう</rt></ruby>のあとで<ruby>先生<rt>せんせい</rt></ruby>に<ruby>質問<rt>しつもん</rt></ruby>しました。","수업 후에 선생님께 질문했습니다.","～てから보다 순서의 필수 완료 느낌이 약간 덜하다."
"N5-092","N5","～に行く","동사 ます형 어간 / 명사 + に + ～行く","~하러 가다.","<ruby>日曜日<rt>にちようび</rt></ruby>に<ruby>友<rt>とも</rt></ruby>だちと<ruby>泳<rt>およ</rt></ruby>ぎに<ruby>行<rt>い</rt></ruby>きます。","일요일에 친구와 수영하러 갑니다.","これから<ruby>昼<rt>ひる</rt></ruby>ごはんを<ruby>食<rt>た</rt></ruby>べに<ruby>行<rt>い</rt></ruby>きましょう。","이제 점심 먹으러 갑시다.","～に来る는 오는 동작, ～に帰る는 돌아가는 동작이다."
"N5-093","N5","～に来る","동사 ます형 어간 / 명사 + に + ～来る","~하러 오다.","<ruby>妹<rt>いもうと</rt></ruby>が<ruby>写真<rt>しゃしん</rt></ruby>を<ruby>見<rt>み</rt></ruby>に<ruby>来<rt>き</rt></ruby>ました。","여동생이 사진을 보러 왔습니다.","きょうは<ruby>相談<rt>そうだん</rt></ruby>に<ruby>来<rt>き</rt></ruby>たんです。","오늘은 상담하러 온 거예요.","～に行く와 달리 화자 쪽으로 오는 이동이다."
"N5-094","N5","～に帰る","동사 ます형 어간 / 명사 + に + ～帰る","~하러 돌아가다.","<ruby>昼休<rt>ひるやす</rt></ruby>みに<ruby>薬<rt>くすり</rt></ruby>を<ruby>取<rt>と</rt></ruby>りに<ruby>家<rt>いえ</rt></ruby>に<ruby>帰<rt>かえ</rt></ruby>りました。","점심시간에 약을 가지러 집에 돌아갔습니다.","<ruby>父<rt>ちち</rt></ruby>は<ruby>着替<rt>きが</rt></ruby>えにいったん<ruby>帰<rt>かえ</rt></ruby>りました。","아버지는 옷을 갈아입으러 잠깐 돌아갔습니다.","～に行く/～に来る와 달리 원래 있던 곳으로 되돌아감을 나타낸다."
"N5-095","N5","～から","보통형 / 정중형 + ～から","~하니까, ~해서.","<ruby>時間<rt>じかん</rt></ruby>がないから、<ruby>先<rt>さき</rt></ruby>に<ruby>出発<rt>しゅっぱつ</rt></ruby>します。","시간이 없으니까 먼저 출발하겠습니다.","この<ruby>部屋<rt>へや</rt></ruby>は<ruby>寒<rt>さむ</rt></ruby>いですから、<ruby>窓<rt>まど</rt></ruby>を<ruby>閉<rt>し</rt></ruby>めましょう。","이 방은 추우니까 창문을 닫읍시다.","～ので보다 직접적이고 주관적인 이유 제시다."
"N5-096","N5","～ので","보통형 + ～ので / 명사·な형용사 어간 + な + ～ので","~이므로, ~해서.","<ruby>道<rt>みち</rt></ruby>が<ruby>混<rt>こ</rt></ruby>んでいたので、<ruby>少<rt>すこ</rt></ruby>し<ruby>遅<rt>おく</rt></ruby>れました。","길이 막혀서 조금 늦었습니다.","ここは<ruby>静<rt>しず</rt></ruby>かなので、<ruby>勉強<rt>べんきょう</rt></ruby>しやすいです。","여기는 조용해서 공부하기 쉽습니다.","～から보다 더 부드럽고 객관적으로 들린다."
"N5-097","N5","～んです","보통형 + ～んです / 명사·な형용사 어간 + な + ～んです","~인 거예요. 사정이나 배경을 설명한다.","すみません、<ruby>電車<rt>でんしゃ</rt></ruby>を<ruby>乗<rt>の</rt></ruby>り<ruby>間違<rt>まちが</rt></ruby>えたんです。","죄송합니다, 전철을 잘못 탄 거예요.","<ruby>今日<rt>きょう</rt></ruby>は<ruby>少<rt>すこ</rt></ruby>し<ruby>頭<rt>あたま</rt></ruby>が<ruby>痛<rt>いた</rt></ruby>いんです。","오늘은 조금 머리가 아픈 거예요.","～のです보다 회화적이고, 단순 사실보다 설명의 느낌이 강하다."
"N5-098","N5","～のです","보통형 + ～のです / 명사·な형용사 어간 + な + ～のです","~인 것입니다. 설명을 조금 더 딱딱하게 말한다.","<ruby>結果<rt>けっか</rt></ruby>が<ruby>出<rt>で</rt></ruby>るまで<ruby>時間<rt>じかん</rt></ruby>がかかるのです。","결과가 나올 때까지 시간이 걸리는 것입니다.","こちらが<ruby>今回<rt>こんかい</rt></ruby>の<ruby>規則<rt>きそく</rt></ruby>なのです。","이것이 이번 규칙인 것입니다.","～んです보다 문어적이고 설명문·안내문에 더 어울린다."
"N5-099","N5","～んだ","보통형 + ～んだ / 명사·な형용사 어간 + な + ～んだ","~인 거야. 보통체로 사정이나 배경을 설명한다.","きょうは<ruby>先<rt>さき</rt></ruby>に<ruby>帰<rt>かえ</rt></ruby>るんだ。","오늘은 먼저 돌아가는 거야.","このケーキ、<ruby>妹<rt>いもうと</rt></ruby>が<ruby>作<rt>つく</rt></ruby>ったんだよ。","이 케이크, 여동생이 만든 거야.","～んです의 보통체 표현이다."
"N5-100","N5","～だろう","보통형 + ～だろう","~일 것이다; ~겠지.","あしたの<ruby>朝<rt>あさ</rt></ruby>はかなり<ruby>冷<rt>ひ</rt></ruby>えるだろう。","내일 아침은 꽤 추워질 것이다.","あの<ruby>二人<rt>ふたり</rt></ruby>はもう<ruby>駅<rt>えき</rt></ruby>に<ruby>着<rt>つ</rt></ruby>いただろう。","저 두 사람은 이미 역에 도착했겠지.","～でしょう의 보통체로, 더 직접적이고 덜 공손하다."
"N5-101","N5","～でしょう","동사·い형용사 보통형 / な형용사 어간 / 명사 + ～でしょう","~일 것입니다; ~이지요. 정중한 추측·확인 표현이다.","<ruby>午後<rt>ごご</rt></ruby>には<ruby>雨<rt>あめ</rt></ruby>がやむでしょう。","오후에는 비가 그치겠지요.","この<ruby>説明<rt>せつめい</rt></ruby>でだいたいわかったでしょう。","이 설명으로 대체로 이해하셨겠지요.","～だろう의 정중체이고, ～ね/よ는 추측보다 태도를 나타낸다."
"N5-102","N5","～ね","문장 끝 + ～ね","~네요; ~이지요. 상대의 동의나 공감을 부드럽게 구한다.","この<ruby>辺<rt>へん</rt></ruby>は<ruby>夜<rt>よる</rt></ruby>になると<ruby>静<rt>しず</rt></ruby>かですね。","이 근처는 밤이 되면 조용하네요.","<ruby>今日<rt>きょう</rt></ruby>は<ruby>風<rt>かぜ</rt></ruby>が<ruby>強<rt>つよ</rt></ruby>いですね。","오늘은 바람이 세네요.","～よ는 새 정보 전달, ～ね는 공감·확인에 가깝다."
"N5-103","N5","～よ","문장 끝 + ～よ","~예요; ~거든요. 새 정보를 알려 주거나 강조한다.","その<ruby>店<rt>みせ</rt></ruby>なら<ruby>駅<rt>えき</rt></ruby>の<ruby>近<rt>ちか</rt></ruby>くですよ。","그 가게라면 역 근처예요.","この<ruby>書類<rt>しょるい</rt></ruby>は<ruby>今日<rt>きょう</rt></ruby>までですよ。","이 서류는 오늘까지예요.","～ね보다 상대에게 알려 주는 느낌이 더 강하다."
"N5-104","N5","～よね","문장 끝 + ～よね","~이지요. 알고 있는 내용을 확인하면서 동의를 구한다.","この<ruby>道<rt>みち</rt></ruby>、<ruby>前<rt>まえ</rt></ruby>にも<ruby>通<rt>とお</rt></ruby>ったよね。","이 길, 전에도 지나갔지?","<ruby>次<rt>つぎ</rt></ruby>の<ruby>授業<rt>じゅぎょう</rt></ruby>は<ruby>木曜日<rt>もくようび</rt></ruby>だったよね。","다음 수업은 목요일이었지요?","～ね보다 확인의 힘이 조금 더 분명하다."
"N5-105","N5","～わ","문장 끝 + ～わ","~네; ~할게. 부드러운 단정이나 감탄을 나타낸다.","この<ruby>景色<rt>けしき</rt></ruby>、ほんとうにきれいだわ。","이 경치, 정말 예쁘네.","じゃあ、<ruby>私<rt>わたし</rt></ruby>は<ruby>先<rt>さき</rt></ruby>に<ruby>行<rt>い</rt></ruby>くわ。","그럼 나는 먼저 갈게.","～ね/よ/よね는 상호작용, ～わ는 화자의 감정 표출에 더 가깝다."
"N5-106","N5","～あげる","명사 + を + ～あげる / 동사 て형 + ～あげる","~에게 주다; ~해 주다. 화자 쪽에서 바깥으로 베푸는 방향이다.","<ruby>妹<rt>いもうと</rt></ruby>に<ruby>新<rt>あたら</rt></ruby>しいノートをあげました。","여동생에게 새 공책을 주었습니다.","<ruby>道<rt>みち</rt></ruby>に<ruby>迷<rt>まよ</rt></ruby>った<ruby>人<rt>ひと</rt></ruby>に<ruby>駅<rt>えき</rt></ruby>まで<ruby>案内<rt>あんない</rt></ruby>してあげました。","길을 잃은 사람에게 역까지 안내해 주었습니다.","화자 쪽이 주는 것은 ～あげる, 받는 것은 ～もらう, 화자 쪽이 받는 혜택은 ～くれる다."
"N5-107","N5","～くれる","명사 + を + ～くれる / 동사 て형 + ～くれる","(남이 나에게) 주다; ~해 주다. 화자 쪽이 혜택을 받는다.","<ruby>友<rt>とも</rt></ruby>だちが<ruby>誕生日<rt>たんじょうび</rt></ruby>に<ruby>本<rt>ほん</rt></ruby>をくれました。","친구가 생일에 책을 주었습니다.","<ruby>母<rt>はは</rt></ruby>が<ruby>忘<rt>わす</rt></ruby>れたかさを<ruby>駅<rt>えき</rt></ruby>まで<ruby>届<rt>とど</rt></ruby>けてくれました。","어머니가 잊어버린 우산을 역까지 가져다주었습니다.","화자 쪽이 이익을 받으면 ～くれる, 화자 쪽이 주면 ～あげる를 쓴다."
"N5-108","N5","～もらう","명사 + を + ～もらう / 동사 て형 + ～もらう","~에게서 받다; ~해 받다. 화자나 주어가 혜택을 받는다.","<ruby>卒業<rt>そつぎょう</rt></ruby>の<ruby>日<rt>ひ</rt></ruby>に<ruby>先生<rt>せんせい</rt></ruby>から<ruby>手紙<rt>てがみ</rt></ruby>をもらいました。","졸업하는 날 선생님께 편지를 받았습니다.","<ruby>先輩<rt>せんぱい</rt></ruby>にレポートを<ruby>見<rt>み</rt></ruby>てもらいました。","선배에게 리포트를 봐 달라고 해서 봐 받았습니다.","주는 쪽은 ～あげる/～くれる, 받는 쪽은 ～もらう다."
"N5-109","N5","～が","절 + ～が + 절","~하지만. 앞뒤 내용을 부드럽게 대비시키는 역접이다.","この<ruby>部屋<rt>へや</rt></ruby>は<ruby>狭<rt>せま</rt></ruby>いですが、<ruby>使<rt>つか</rt></ruby>いやすいです。","이 방은 좁지만 사용하기 편합니다.","<ruby>少<rt>すこ</rt></ruby>し<ruby>熱<rt>ねつ</rt></ruby>がありますが、<ruby>出勤<rt>しゅっきん</rt></ruby>できます。","조금 열이 있지만 출근할 수 있습니다.","～けど보다 약간 중립·격식 있고, ～しかし는 문장 앞 접속사다."
"N5-110","N5","～あまり～ない","あまり + 동사·형용사 부정형","별로 ~않다. 정도가 낮음을 부정으로 나타낸다.","この<ruby>辺<rt>へん</rt></ruby>ではあまり<ruby>雪<rt>ゆき</rt></ruby>が<ruby>降<rt>ふ</rt></ruby>りません。","이 근처에는 눈이 별로 오지 않습니다.","その<ruby>話<rt>はなし</rt></ruby>はあまり<ruby>複雑<rt>ふくざつ</rt></ruby>ではないです。","그 이야기는 별로 복잡하지 않습니다.","반드시 뒤에 부정형이 오고, ～とても는 높은 정도를 나타낸다."
"N5-111","N5","～けど","절 + ～けど + 절","~하지만. 구어체에서 많이 쓰는 역접이다.","このケーキは<ruby>甘<rt>あま</rt></ruby>いけど、おいしいです。","이 케이크는 달지만 맛있습니다.","<ruby>行<rt>い</rt></ruby>きたいけど、<ruby>今日<rt>きょう</rt></ruby>は<ruby>時間<rt>じかん</rt></ruby>がありません。","가고 싶지만 오늘은 시간이 없습니다.","～が보다 더 회화적이고, ～けれども보다 더 가볍다."
"N5-112","N5","～けれども","절 + ～けれども + 절","~하지만. けど보다 조금 더 격식 있는 역접이다.","この<ruby>案<rt>あん</rt></ruby>はいいけれども、まだ<ruby>修正<rt>しゅうせい</rt></ruby>が<ruby>必要<rt>ひつよう</rt></ruby>です。","이 안은 좋지만 아직 수정이 필요합니다.","<ruby>読<rt>よ</rt></ruby>みやすいけれども、<ruby>内容<rt>ないよう</rt></ruby>は<ruby>難<rt>むずか</rt></ruby>しいです。","읽기 쉽지만 내용은 어렵습니다.","～けど보다 격식 있고, 뜻은 거의 같다."
"N5-113","N5","～か～か","명사 / 절 + ～か + 명사 / 절 + ～か","~인가 ~인가. 둘 이상의 선택지를 놓고 묻거나 망설인다.","<ruby>電車<rt>でんしゃ</rt></ruby>で<ruby>行<rt>い</rt></ruby>くかタクシーで<ruby>行<rt>い</rt></ruby>くか、まだ<ruby>決<rt>き</rt></ruby>めていません。","전철로 갈지 택시로 갈지 아직 정하지 않았습니다.","コーヒーか<ruby>紅茶<rt>こうちゃ</rt></ruby>か、どちらになさいますか。","커피인가 홍차인가, 어느 쪽으로 하시겠습니까?","단독 ～か는 단순 의문, ～か～か는 선택 의문이다."
"N5-114","N5","～って","인용 내용 + ～って","~라고. 구어체 인용이나 화제 제시에 쓴다.","<ruby>田中<rt>たなか</rt></ruby>さん、<ruby>来週<rt>らいしゅう</rt></ruby><ruby>休<rt>やす</rt></ruby>むって。","다나카 씨, 다음 주에 쉰대.","「<ruby>推<rt>お</rt></ruby>し<ruby>活<rt>かつ</rt></ruby>」って<ruby>最近<rt>さいきん</rt></ruby>よく<ruby>聞<rt>き</rt></ruby>きますね。","‘오시카쓰’라는 말, 요즘 자주 듣네요.","～と보다 더 구어적이고 가볍다."
"N5-115","N5","～いつも","문장 안에서","항상. 습관적으로 늘 그렇다는 뜻의 부사이다.","<ruby>祖母<rt>そぼ</rt></ruby>はいつも<ruby>朝<rt>あさ</rt></ruby><ruby>早<rt>はや</rt></ruby>く<ruby>起<rt>お</rt></ruby>きます。","할머니는 항상 아침 일찍 일어나십니다.","この<ruby>店<rt>みせ</rt></ruby>はいつも<ruby>人<rt>ひと</rt></ruby>が<ruby>多<rt>おお</rt></ruby>いです。","이 가게는 항상 사람이 많습니다.","～たいてい보다 더 ‘늘 그렇다’는 느낌이 강하다."
"N5-116","N5","～一緒に","단독 사용 / 명사 + と + ～一緒に","함께, 같이.","こんどの<ruby>週末<rt>しゅうまつ</rt></ruby>、<ruby>家族<rt>かぞく</rt></ruby>と<ruby>一緒<rt>いっしょ</rt></ruby>に<ruby>出<rt>で</rt></ruby>かけます。","이번 주말에 가족과 함께 외출합니다.","<ruby>一緒<rt>いっしょ</rt></ruby>に<ruby>昼<rt>ひる</rt></ruby>ごはんを<ruby>食<rt>た</rt></ruby>べませんか。","함께 점심 먹지 않겠습니까?","같이 행동함을 나타내는 부사 표현이다."
"N5-117","N5","～たくさん","문장 안에서","많이; 잔뜩. 수량이 많음을 나타내는 부사이다.","<ruby>旅行<rt>りょこう</rt></ruby>の<ruby>写真<rt>しゃしん</rt></ruby>をたくさん<ruby>撮<rt>と</rt></ruby>りました。","여행 사진을 많이 찍었습니다.","きょうは<ruby>公園<rt>こうえん</rt></ruby>に<ruby>子<rt>こ</rt></ruby>どもがたくさんいます。","오늘은 공원에 아이들이 많이 있습니다.","～とても는 정도, ～たくさん은 수량이 많음을 말한다."
"N5-118","N5","～とても","문장 안에서","매우. 정도가 높음을 나타내는 부사이다.","この<ruby>問題<rt>もんだい</rt></ruby>はとても<ruby>大切<rt>たいせつ</rt></ruby>です。","이 문제는 매우 중요합니다.","<ruby>山<rt>やま</rt></ruby>の<ruby>上<rt>うえ</rt></ruby>の<ruby>空気<rt>くうき</rt></ruby>はとてもきれいでした。","산 위의 공기는 매우 맑았습니다.","～あまり～ない는 낮은 정도를 부정으로 나타낸다."
"N5-119","N5","～もう","문장 안에서","이미; 이제; 하나 더. 완료·추가를 나타내는 부사이다.","その<ruby>映画<rt>えいが</rt></ruby>はもう<ruby>見<rt>み</rt></ruby>ました。","그 영화는 이미 봤습니다.","すみません、もう<ruby>一枚<rt>いちまい</rt></ruby>ください。","죄송하지만 한 장 더 주세요.","완료 쪽에서는 ～まだ와 자주 대비된다."
"N5-120","N5","～まだ","문장 안에서","아직. 아직 계속 중이거나 아직 완료되지 않음을 나타낸다.","レポートはまだ<ruby>終<rt>お</rt></ruby>わっていません。","리포트는 아직 끝나지 않았습니다.","<ruby>外<rt>そと</rt></ruby>はまだ<ruby>明<rt>あか</rt></ruby>るいですね。","밖은 아직 밝네요.","완료된 쪽은 ～もう, 미완료·지속은 ～まだ와 잘 어울린다."
"N5-121","N5","～しかし","문장 앞에서","그러나. 문장 앞에서 쓰는 격식 있는 역접 접속사이다.","この<ruby>案<rt>あん</rt></ruby>はわかりやすいです。しかし、<ruby>費用<rt>ひよう</rt></ruby>が<ruby>高<rt>たか</rt></ruby>すぎます。","이 안은 이해하기 쉽습니다. 그러나 비용이 너무 높습니다.","よく<ruby>練習<rt>れんしゅう</rt></ruby>しました。しかし、<ruby>本番<rt>ほんばん</rt></ruby>では<ruby>緊張<rt>きんちょう</rt></ruby>しました。","열심히 연습했습니다. 그러나 실전에서는 긴장했습니다.","～が/～けど와 달리 절 사이보다 문장 첫머리에 독립적으로 놓인다."
"N4-001","N4","～動詞の受身","동사 수동형","~당하다; ~을 받다. 직접 수동과 피해 수동을 나타낸다.","<ruby>弟<rt>おとうと</rt></ruby>は<ruby>先生<rt>せんせい</rt></ruby>にほめられました。","남동생은 선생님께 칭찬을 받았습니다.","<ruby>出発<rt>しゅっぱつ</rt></ruby>の<ruby>日<rt>ひ</rt></ruby>に<ruby>雨<rt>あめ</rt></ruby>に<ruby>降<rt>ふ</rt></ruby>られて、<ruby>服<rt>ふく</rt></ruby>がぬれました。","출발하는 날 비를 맞아서 옷이 젖었습니다.","～動詞の可能은 할 수 있음을, ～動詞の受身는 당하거나 영향을 받음을 나타낸다."
"N4-002","N4","～動詞の使役","동사 사역형","~하게 하다; ~시키다. 강제나 허용을 나타낸다.","<ruby>母<rt>はは</rt></ruby>は<ruby>弟<rt>おとうと</rt></ruby>に<ruby>野菜<rt>やさい</rt></ruby>を<ruby>食<rt>た</rt></ruby>べさせました。","어머니는 남동생에게 채소를 먹게 했습니다.","<ruby>先生<rt>せんせい</rt></ruby>は<ruby>学生<rt>がくせい</rt></ruby>に<ruby>好<rt>す</rt></ruby>きな<ruby>題名<rt>だいめい</rt></ruby>を<ruby>選<rt>えら</rt></ruby>ばせました。","선생님은 학생들에게 좋아하는 제목을 고르게 했습니다.","～動詞の使役受身는 ‘억지로 하게 되다’까지 더해진 표현이다."
"N4-003","N4","～動詞の使役受身","동사 사역수동형","억지로 ~하게 되다; ~하도록 강요받다.","<ruby>子<rt>こ</rt></ruby>どものころ、<ruby>毎朝<rt>まいあさ</rt></ruby><ruby>牛乳<rt>ぎゅうにゅう</rt></ruby>を<ruby>飲<rt>の</rt></ruby>まされました。","어릴 때 매일 아침 우유를 억지로 마시게 되었습니다.","<ruby>会議<rt>かいぎ</rt></ruby>で<ruby>急<rt>きゅう</rt></ruby>に<ruby>意見<rt>いけん</rt></ruby>を<ruby>言<rt>い</rt></ruby>わされて、こまりました。","회의에서 갑자기 의견을 말하게 되어 곤란했습니다.","～動詞の使役보다 강제당하는 쪽의 입장을 더 강하게 드러낸다."
"N4-004","N4","～動詞の可能","동사 가능형","~할 수 있다. 능력이나 상황적 가능을 나타낸다.","この<ruby>図書館<rt>としょかん</rt></ruby>では<ruby>古<rt>ふる</rt></ruby>い<ruby>新聞<rt>しんぶん</rt></ruby>も<ruby>読<rt>よ</rt></ruby>めます。","이 도서관에서는 오래된 신문도 읽을 수 있습니다.","きょうは<ruby>仕事<rt>しごと</rt></ruby>が<ruby>早<rt>はや</rt></ruby>く<ruby>終<rt>お</rt></ruby>わったので、<ruby>映画<rt>えいが</rt></ruby>を<ruby>見<rt>み</rt></ruby>に<ruby>行<rt>い</rt></ruby>けます。","오늘은 일이 빨리 끝나서 영화를 보러 갈 수 있습니다.","～ができる는 명사 중심 가능, ～動詞の可能은 동사 자체를 가능형으로 바꾼 표현이다."
"N4-005","N4","～自動詞","명사 + が + 자동사","대상이 스스로 변하거나 움직인다.","ドアが<ruby>急<rt>きゅう</rt></ruby>に<ruby>閉<rt>し</rt></ruby>まりました。","문이 갑자기 닫혔습니다.","<ruby>電気<rt>でんき</rt></ruby>が<ruby>消<rt>き</rt></ruby>えて、<ruby>部屋<rt>へや</rt></ruby>が<ruby>暗<rt>くら</rt></ruby>くなりました。","불이 꺼져서 방이 어두워졌습니다.","～他動詞는 누군가가 대상을 바꾸는 동작이다."
"N4-006","N4","～他動詞","명사 + を + 타동사","누군가가 대상에 작용해 변화를 일으킨다.","<ruby>田中<rt>たなか</rt></ruby>さんがドアを<ruby>閉<rt>し</rt></ruby>めました。","다나카 씨가 문을 닫았습니다.","<ruby>私<rt>わたし</rt></ruby>は<ruby>部屋<rt>へや</rt></ruby>の<ruby>電気<rt>でんき</rt></ruby>を<ruby>消<rt>け</rt></ruby>しました。","저는 방의 불을 껐습니다.","～自動詞는 대상이 스스로 변하는 쪽에 초점이 있다."
"N4-007","N4","～動詞命令形","동사 명령형","~해라. 강한 명령이나 긴급 지시를 나타낸다.","もっと<ruby>前<rt>まえ</rt></ruby>を<ruby>見<rt>み</rt></ruby>ろ。","앞을 더 봐라.","<ruby>危<rt>あぶ</rt></ruby>ないから、すぐに<ruby>逃<rt>に</rt></ruby>げろ。","위험하니까 바로 도망쳐라.","～てください보다 훨씬 강하고 거칠다."
"N4-008","N4","～と","동사 기본형 / 동사 ない형 / い형용사 / な형용사 + だ + ～と","~하면 항상 ~된다. 자연스러운 결과나 반복 결과를 나타낸다.","このボタンを<ruby>押<rt>お</rt></ruby>すと、<ruby>音<rt>おと</rt></ruby>が<ruby>出<rt>で</rt></ruby>ます。","이 버튼을 누르면 소리가 납니다.","<ruby>春<rt>はる</rt></ruby>になると、この<ruby>公園<rt>こうえん</rt></ruby>は<ruby>花<rt>はな</rt></ruby>でいっぱいになります。","봄이 되면 이 공원은 꽃으로 가득해집니다.","～たら보다 의지·권유와 덜 어울리고 항상적 결과에 강하다."
"N4-009","N4","～ば","동사 ば형 / い형용사 ければ / な형용사·명사 + なら / であれば","만약 ~하면. 일반적인 가정·조건을 나타낸다.","<ruby>時間<rt>じかん</rt></ruby>があれば、<ruby>少<rt>すこ</rt></ruby>し<ruby>休<rt>やす</rt></ruby>みたいです。","시간이 있으면 조금 쉬고 싶습니다.","もっと<ruby>安<rt>やす</rt></ruby>ければ、その<ruby>店<rt>みせ</rt></ruby>で<ruby>買<rt>か</rt></ruby>います。","더 싸면 그 가게에서 사겠습니다.","～と보다 가정성이 강하고, ～たら보다 일반 조건 느낌이 강하다."
"N4-010","N4","～たら","동사 た형 / い형용사 かった / な형용사·명사 + だった + ～ら","~하면; ~했을 때. 가정이나 완료 뒤 상황을 나타낸다.","<ruby>駅<rt>えき</rt></ruby>に<ruby>着<rt>つ</rt></ruby>いたら、<ruby>電話<rt>でんわ</rt></ruby>してください。","역에 도착하면 전화해 주세요.","<ruby>雨<rt>あめ</rt></ruby>が<ruby>降<rt>ふ</rt></ruby>ったら、<ruby>家<rt>いえ</rt></ruby>にいます。","비가 오면 집에 있겠습니다.","～と보다 제약이 적고 의지·부탁과 잘 어울린다."
"N4-011","N4","～なら","명사 / 보통형 + ～なら","~라면. 화제나 전제를 받아 그 조건에서 말한다.","<ruby>京都<rt>きょうと</rt></ruby>へ<ruby>行<rt>い</rt></ruby>くなら、<ruby>秋<rt>あき</rt></ruby>がいいですよ。","교토에 간다면 가을이 좋아요.","その<ruby>話<rt>はなし</rt></ruby>が<ruby>本当<rt>ほんとう</rt></ruby>なら、もう<ruby>一度<rt>いちど</rt></ruby><ruby>確認<rt>かくにん</rt></ruby>したほうがいいです。","그 이야기가 사실이라면 다시 한 번 확인하는 편이 좋습니다.","～たら보다 상대가 낸 화제를 받아 조언할 때 자주 쓴다."
"N4-012","N4","～たらどう（ですか）","동사 た형 + ～らどうですか","~하면 어때요. 조언이나 권유를 부드럽게 한다.","<ruby>疲<rt>つか</rt></ruby>れているなら、きょうは<ruby>早<rt>はや</rt></ruby>く<ruby>寝<rt>ね</rt></ruby>たらどうですか。","피곤하다면 오늘은 일찍 자는 게 어때요?","そのことが<ruby>心配<rt>しんぱい</rt></ruby>なら、<ruby>先生<rt>せんせい</rt></ruby>に<ruby>聞<rt>き</rt></ruby>いたらどう？","그 일이 걱정된다면 선생님께 물어보는 게 어때?","～ほうがいい보다 조금 더 제안형이고 직접성이 약하다."
"N4-013","N4","～ばよかった","동사 ば형 + ～よかった","~했으면 좋았을 텐데. 지나간 일에 대한 후회를 나타낸다.","もっと<ruby>早<rt>はや</rt></ruby>く<ruby>家<rt>いえ</rt></ruby>を<ruby>出<rt>で</rt></ruby>ればよかった。","좀 더 일찍 집을 나왔으면 좋았을 텐데.","あのとき<ruby>連絡<rt>れんらく</rt></ruby>すればよかったと<ruby>今<rt>いま</rt></ruby>も<ruby>思<rt>おも</rt></ruby>います。","그때 연락했으면 좋았을 텐데 하고 지금도 생각합니다.","～たらどうですか는 앞으로의 조언, ～ばよかった는 지난 일의 후회다."
"N4-014","N4","～場合は","보통형 / 명사 + の + ～場合は","~경우에는. 상황을 객관적으로 나누어 말한다.","<ruby>急<rt>きゅう</rt></ruby>に<ruby>予定<rt>よてい</rt></ruby>が<ruby>変<rt>か</rt></ruby>わった<ruby>場合<rt>ばあい</rt></ruby>は、すぐにご<ruby>連絡<rt>れんらく</rt></ruby>ください。","갑자기 일정이 바뀐 경우에는 바로 연락해 주세요.","<ruby>雨<rt>あめ</rt></ruby>の<ruby>場合<rt>ばあい</rt></ruby>は、<ruby>試合<rt>しあい</rt></ruby>は<ruby>中止<rt>ちゅうし</rt></ruby>です。","비가 오는 경우에는 경기는 중지입니다.","～とき보다 안내문·규칙문에서 더 객관적이고 딱딱하다."
"N4-015","N4","～もし","절 앞에서","만약. 가정의 느낌을 강조하는 부사이다.","もし<ruby>明日<rt>あした</rt></ruby><ruby>暇<rt>ひま</rt></ruby>なら、<ruby>一緒<rt>いっしょ</rt></ruby>に<ruby>映画<rt>えいが</rt></ruby>を<ruby>見<rt>み</rt></ruby>ませんか。","만약 내일 한가하다면 함께 영화 보지 않을래요?","もし<ruby>道<rt>みち</rt></ruby>に<ruby>迷<rt>まよ</rt></ruby>ったら、この<ruby>地図<rt>ちず</rt></ruby>を<ruby>見<rt>み</rt></ruby>てください。","만약 길을 잃으면 이 지도를 봐 주세요.","조건형 자체는 아니고 ～たら·～なら·～ば 등을 강조하는 부사다."
"N4-016","N4","～てあげる","동사 て형 + ～あげる","~해 주다. 화자 쪽이 남에게 베푸는 동작이다.","<ruby>妹<rt>いもうと</rt></ruby>に<ruby>宿題<rt>しゅくだい</rt></ruby>を<ruby>教<rt>おし</rt></ruby>えてあげました。","여동생에게 숙제를 가르쳐 주었습니다.","<ruby>友<rt>とも</rt></ruby>だちが<ruby>困<rt>こま</rt></ruby>っていたので、かさを<ruby>貸<rt>か</rt></ruby>してあげました。","친구가 곤란해해서 우산을 빌려 주었습니다.","화자 쪽이 받으면 ～てくれる / ～てもらう를 쓴다."
"N4-017","N4","～てくれる","동사 て형 + ～くれる","(남이 나에게) ~해 주다. 화자 쪽이 혜택을 받는다.","<ruby>母<rt>はは</rt></ruby>が<ruby>駅<rt>えき</rt></ruby>まで<ruby>送<rt>おく</rt></ruby>ってくれました。","어머니가 역까지 데려다 주었습니다.","<ruby>先輩<rt>せんぱい</rt></ruby>がむずかしい<ruby>言葉<rt>ことば</rt></ruby>を<ruby>説明<rt>せつめい</rt></ruby>してくれました。","선배가 어려운 말을 설명해 주었습니다.","주는 쪽을 주어로 세워 화자 이익을 말하면 ～てくれる다."
"N4-018","N4","～てもらう","동사 て형 + ～もらう","~해 받다. 주어가 다른 사람의 행동을 혜택으로 받는다.","<ruby>友<rt>とも</rt></ruby>だちに<ruby>荷物<rt>にもつ</rt></ruby>を<ruby>運<rt>はこ</rt></ruby>んでもらいました。","친구에게 짐을 옮겨 받았습니다.","<ruby>先生<rt>せんせい</rt></ruby>に<ruby>作文<rt>さくぶん</rt></ruby>を<ruby>見<rt>み</rt></ruby>てもらっています。","선생님께 작문을 봐 받고 있습니다.","～てくれる는 해 주는 사람을 주어로, ～てもらう는 받는 사람을 주어로 세운다."
"N4-019","N4","～てくれない（か）","동사 て형 + ～てくれない（か）","~해 주지 않을래. 친한 사이에서 비교적 가볍게 부탁한다.","ちょっとこの<ruby>箱<rt>はこ</rt></ruby>を<ruby>持<rt>も</rt></ruby>ってくれない？","이 상자를 좀 들어 주지 않을래?","あとで<ruby>駅<rt>えき</rt></ruby>まで<ruby>迎<rt>むか</rt></ruby>えに<ruby>来<rt>き</rt></ruby>てくれないか。","이따가 역까지 데리러 와 주지 않을래?","～てもらえない（か）보다 더 친근하고 직접적이다."
"N4-020","N4","～てもらえない（か）","동사 て형 + ～てもらえない（か）","~해 주실 수 없을까요. 상대에게 조금 더 공손하게 부탁한다.","この<ruby>部分<rt>ぶぶん</rt></ruby>をもう<ruby>一度<rt>いちど</rt></ruby><ruby>説明<rt>せつめい</rt></ruby>してもらえませんか。","이 부분을 다시 한 번 설명해 주실 수 없을까요?","すみません、<ruby>少<rt>すこ</rt></ruby>し<ruby>待<rt>ま</rt></ruby>ってもらえない？","죄송하지만 조금 기다려 주실래요?","～てくれない（か）보다 한 단계 더 완곡하다."
"N4-021","N4","～ていただけませんか","동사 て형 + ～ていただけませんか","~해 주실 수 없겠습니까. 매우 정중한 부탁이다.","こちらにご<ruby>署名<rt>しょめい</rt></ruby>していただけませんか。","여기에 서명해 주실 수 없겠습니까?","もう<ruby>少<rt>すこ</rt></ruby>しゆっくりお<ruby>話<rt>はな</rt></ruby>ししていただけませんか。","조금 더 천천히 말씀해 주실 수 없겠습니까?","세 표현 중 가장 공손하며 비즈니스·손윗사람에게 잘 쓴다."
"N4-022","N4","～いただく","명사 + を + ～いただく","받다. もらう의 겸양 표현이다.","<ruby>会議<rt>かいぎ</rt></ruby>のあとで<ruby>部長<rt>ぶちょう</rt></ruby>から<ruby>名刺<rt>めいし</rt></ruby>をいただきました。","회의 뒤에 부장님께 명함을 받았습니다.","おみやげにお<ruby>菓子<rt>かし</rt></ruby>をいただきました。","선물로 과자를 받았습니다.","일상적인 받다는 ～もらう, 격식 있게 낮추면 ～いただくだ."
"N4-023","N4","～ていただく","동사 て형 + ～いただく","~해 주시다를 겸손하게 말한다.","<ruby>先生<rt>せんせい</rt></ruby>に<ruby>推薦状<rt>すいせんじょう</rt></ruby>を<ruby>書<rt>か</rt></ruby>いていただきました。","선생님께 추천서를 써 주셨습니다.","ご<ruby>案内<rt>あんない</rt></ruby>いただき、ありがとうございました。","안내해 주셔서 감사합니다.","～てもらう의 겸양·격식 표현이다."
"N4-024","N4","～てほしい","동사 て형 + ～てほしい","~해 주었으면 좋겠다. 상대의 행동에 대한 바람을 나타낸다.","もう<ruby>少<rt>すこ</rt></ruby>し<ruby>静<rt>しず</rt></ruby>かにしてほしいです。","조금 더 조용히 해 주었으면 좋겠습니다.","<ruby>大事<rt>だいじ</rt></ruby>なことだから、ちゃんと<ruby>聞<rt>き</rt></ruby>いてほしい。","중요한 일이니까 제대로 들어 주었으면 좋겠다.","직접 부탁보다 부드럽지만 상황에 따라 요구처럼 들릴 수 있다."
"N4-025","N4","～ように～てほしい","상대에게 전하는 내용 + ように + ～てほしい","~하도록 해 주었으면 좋겠다. 특정 내용·방향을 정해 바람을 말한다.","<ruby>子<rt>こ</rt></ruby>どもには<ruby>毎日<rt>まいにち</rt></ruby><ruby>本<rt>ほん</rt></ruby>を<ruby>読<rt>よ</rt></ruby>むようにしてほしいです。","아이에게는 매일 책을 읽도록 해 주었으면 좋겠습니다.","<ruby>会議<rt>かいぎ</rt></ruby>では<ruby>全員<rt>ぜんいん</rt></ruby>が<ruby>発言<rt>はつげん</rt></ruby>するようにしてほしい。","회의에서는 전원이 발언하도록 해 주었으면 좋겠다.","단순 행동 희망은 ～てほしい, 방향·규칙 희망은 ～ように～てほしい가 잘 맞는다."
"N4-026","N4","～ておく","동사 て형 + ～ておく","미리 ~해 두다; 그대로 ~해 두다.","<ruby>旅行<rt>りょこう</rt></ruby>のまえにホテルを<ruby>予約<rt>よやく</rt></ruby>しておきます。","여행 전에 호텔을 예약해 두겠습니다.","<ruby>帰<rt>かえ</rt></ruby>るまえに<ruby>窓<rt>まど</rt></ruby>を<ruby>少<rt>すこ</rt></ruby>し<ruby>開<rt>あ</rt></ruby>けておきました。","돌아가기 전에 창문을 조금 열어 두었습니다.","～てある는 누군가 해 놓은 결과 상태에 초점이 있다."
"N4-027","N4","～とく","동사 て형 축약 + ～とく","미리 ~해 두다. ～ておく의 구어 축약형이다.","このメモ、あとで<ruby>読<rt>よ</rt></ruby>んどくね。","이 메모, 나중에 읽어 둘게.","<ruby>席<rt>せき</rt></ruby>は<ruby>私<rt>わたし</rt></ruby>が<ruby>先<rt>さき</rt></ruby>に<ruby>取<rt>と</rt></ruby>っとくよ。","자리는 내가 먼저 맡아 둘게.","뜻은 ～ておく와 같고 회화에서만 훨씬 편하게 쓴다."
"N4-028","N4","～てある","타동사 て형 + ～てある","~해 놓여 있다. 누군가 의도적으로 해 둔 결과 상태다.","テーブルに<ruby>料理<rt>りょうり</rt></ruby>がきれいに<ruby>並<rt>なら</rt></ruby>べてあります。","테이블에 요리가 가지런히 차려져 있습니다.","ドアに<ruby>注意<rt>ちゅうい</rt></ruby><ruby>事項<rt>じこう</rt></ruby>が<ruby>書<rt>か</rt></ruby>いてあります。","문에 주의 사항이 적혀 있습니다.","～ておく는 준비 동작, ～てある는 그 결과로 남은 상태를 본다."
"N4-029","N4","～てしまう","동사 て형 + ～てしまう","~해 버리다. 완전한 완료나 유감·후회를 나타낸다.","<ruby>大事<rt>だいじ</rt></ruby>なファイルを<ruby>消<rt>け</rt></ruby>してしまいました。","중요한 파일을 지워 버렸습니다.","おなかがすいて、パンを<ruby>全部<rt>ぜんぶ</rt></ruby><ruby>食<rt>た</rt></ruby>べてしまった。","배가 고파서 빵을 전부 먹어 버렸다.","완료만 말할 수도 있고, 의도치 않은 결과의 아쉬움도 담을 수 있다."
"N4-030","N4","～ちゃう","동사 て형 + ～ちゃう / 동사 で형 + ～じゃう","~해 버리다. ～てしまう의 구어 축약형이다.","スマホを<ruby>電車<rt>でんしゃ</rt></ruby>に<ruby>忘<rt>わす</rt></ruby>れちゃった。","스마트폰을 전철에 두고 내려 버렸다.","そんなに<ruby>急<rt>いそ</rt></ruby>ぐと、<ruby>全部<rt>ぜんぶ</rt></ruby><ruby>飲<rt>の</rt></ruby>んじゃうよ。","그렇게 서두르면 전부 마셔 버려.","～てしまう보다 더 회화적이고 가벼운 말이다."
"N4-031","N4","～てみる","동사 て형 + ～てみる","시험 삼아 ~해 보다.","この<ruby>薬<rt>くすり</rt></ruby>を<ruby>一週間<rt>いっしゅうかん</rt></ruby><ruby>飲<rt>の</rt></ruby>んでみます。","이 약을 일주일 동안 먹어 보겠습니다.","わからなかったら、<ruby>自分<rt>じぶん</rt></ruby>で<ruby>調<rt>しら</rt></ruby>べてみてください。","모르겠다면 스스로 찾아보세요.","단순 시도가 아니라 결과를 확인하려는 시험적 행동이다."
"N4-032","N4","～ていく","동사 て형 + ～ていく","~해 가다; 앞으로 점점 ~해 가다.","これからも<ruby>毎日<rt>まいにち</rt></ruby><ruby>漢字<rt>かんじ</rt></ruby>を<ruby>覚<rt>おぼ</rt></ruby>えていきます。","앞으로도 매일 한자를 익혀 가겠습니다.","<ruby>秋<rt>あき</rt></ruby>になると、だんだん<ruby>日<rt>ひ</rt></ruby>が<ruby>短<rt>みじか</rt></ruby>くなっていきます。","가을이 되면 점점 해가 짧아져 갑니다.","～てくる는 지금까지의 변화, ～ていく는 앞으로의 변화에 가깝다."
"N4-033","N4","～てくる","동사 て형 + ～てくる","~해 오다; 지금까지 점점 ~해 오다.","コンビニでおにぎりを<ruby>買<rt>か</rt></ruby>ってきます。","편의점에서 주먹밥을 사 오겠습니다.","このごろ、<ruby>朝<rt>あさ</rt></ruby>はかなり<ruby>冷<rt>ひ</rt></ruby>えてきました。","요즘 아침은 꽤 쌀쌀해졌습니다.","～ていく가 앞으로 향하면, ～てくる는 지금까지 가까워져 온 변화다."
"N4-034","N4","～て","동사 て형 / い형용사 어간 + くて","~해서. 감정·상태의 이유를 나타낸다.","<ruby>試験<rt>しけん</rt></ruby>に<ruby>合格<rt>ごうかく</rt></ruby>して、とてもうれしいです。","시험에 합격해서 매우 기쁩니다.","このへんは<ruby>夜<rt>よる</rt></ruby>でも<ruby>明<rt>あか</rt></ruby>るくて<ruby>安心<rt>あんしん</rt></ruby>です。","이 근처는 밤에도 밝아서 안심됩니다.","순서 연결의 ～て와 달리 여기서는 이유·원인을 나타낸다."
"N4-035","N4","～なくて","동사 ない형 + ～なくて","~하지 않아서. 부정 상태가 이유가 된다.","<ruby>電車<rt>でんしゃ</rt></ruby>が<ruby>来<rt>こ</rt></ruby>なくて、<ruby>会社<rt>かいしゃ</rt></ruby>に<ruby>遅<rt>おく</rt></ruby>れました。","전철이 오지 않아서 회사에 늦었습니다.","<ruby>必要<rt>ひつよう</rt></ruby>な<ruby>資料<rt>しりょう</rt></ruby>が<ruby>見<rt>み</rt></ruby>つからなくて、<ruby>困<rt>こま</rt></ruby>っています。","필요한 자료를 찾지 못해서 곤란합니다.","～ないで는 ‘~하지 않고’, ～なくて는 ‘~하지 않아서’에 가깝다."
"N4-036","N4","～てよかった","동사 て형 + ～てよかった","~해서 다행이다.","<ruby>早<rt>はや</rt></ruby>めに<ruby>予約<rt>よやく</rt></ruby>してよかったです。","미리 예약해 두어서 다행입니다.","<ruby>先生<rt>せんせい</rt></ruby>に<ruby>相談<rt>そうだん</rt></ruby>してよかったと<ruby>思<rt>おも</rt></ruby>いました。","선생님께 상담해서 다행이라고 생각했습니다.","～ばよかった는 후회, ～てよかった는 안도다."
"N4-037","N4","～てすみません","동사 て형 + ～すみません","~해서 죄송합니다.","<ruby>返事<rt>へんじ</rt></ruby>が<ruby>遅<rt>おそ</rt></ruby>くなってすみません。","답장이 늦어져서 죄송합니다.","ご<ruby>心配<rt>しんぱい</rt></ruby>をかけてすみませんでした。","걱정을 끼쳐 죄송했습니다.","사과의 정형 표현으로, 단순 이유 제시보다 미안함이 중심이다."
"N4-038","N4","～そうだ","동사·い형용사 보통형 / な형용사 + だ / 명사 + だ + ～そうだ","~라고 한다. 들은 내용을 전한다.","ニュースによると、<ruby>明日<rt>あした</rt></ruby>は<ruby>雪<rt>ゆき</rt></ruby>が<ruby>降<rt>ふ</rt></ruby>るそうです。","뉴스에 따르면 내일은 눈이 온다고 합니다.","あの<ruby>店<rt>みせ</rt></ruby>のケーキはかなり<ruby>人気<rt>にんき</rt></ruby>だそうです。","저 가게 케이크는 꽤 인기라고 합니다.","양태의 ～そうだ와 달리 보통형에 붙는 전문 표현이다."
"N4-039","N4","～そうだ","동사 ます형 어간 / い형용사 어간 / な형용사 어간 + ～そうだ","~할 것 같다; ~해 보인다.","このスープはとてもおいしそうです。","이 수프는 매우 맛있어 보입니다.","<ruby>空<rt>そら</rt></ruby>が<ruby>暗<rt>くら</rt></ruby>いですね。もう<ruby>雨<rt>あめ</rt></ruby>が<ruby>降<rt>ふ</rt></ruby>りそうです。","하늘이 어둡네요. 이제 비가 올 것 같습니다.","전문의 ～そうだ와 달리 어간에 붙어 겉보기 인상을 말한다."
"N4-040","N4","～そうに","동사 ます형 어간 / い형용사 어간 / な형용사 어간 + ～そうに","~할 듯이, ~해 보이게.","<ruby>妹<rt>いもうと</rt></ruby>はうれしそうにプレゼントを<ruby>開<rt>あ</rt></ruby>けた。","여동생은 기쁜 듯이 선물을 열었다.","その<ruby>犬<rt>いぬ</rt></ruby>は<ruby>苦<rt>くる</rt></ruby>しそうに<ruby>息<rt>いき</rt></ruby>をしている。","그 개는 괴로운 듯이 숨을 쉬고 있다.","～そうだ의 부사형으로, 뒤에 주로 동사가 온다."
"N4-041","N4","～そうな","동사 ます형 어간 / い형용사 어간 / な형용사 어간 + ～そうな + 명사","~해 보이는, ~할 것 같은.","あれは<ruby>簡単<rt>かんたん</rt></ruby>そうな<ruby>問題<rt>もんだい</rt></ruby>ですね。","저것은 쉬워 보이는 문제네요.","<ruby>元気<rt>げんき</rt></ruby>そうな<ruby>学生<rt>がくせい</rt></ruby>があいさつしてくれた。","건강해 보이는 학생이 인사해 주었다.","～そうだ의 연체형으로, 뒤에 명사를 꾸민다."
"N4-042","N4","～みたいだ","보통형 / 명사 + ～みたいだ","~인 것 같다; ~같다.","この<ruby>部屋<rt>へや</rt></ruby>、だれもいないみたいだ。","이 방, 아무도 없는 것 같다.","その<ruby>話<rt>はなし</rt></ruby>は<ruby>本当<rt>ほんとう</rt></ruby>みたいですね。","그 이야기는 사실인 것 같네요.","～のようだ보다 구어적이고 가벼운 표현이다."
"N4-043","N4","～みたいな","보통형 / 명사 + ～みたいな + 명사","~같은.","まるで<ruby>絵<rt>え</rt></ruby>みたいな<ruby>景色<rt>けしき</rt></ruby>だった。","마치 그림 같은 경치였다.","その<ruby>子<rt>こ</rt></ruby>は<ruby>大人<rt>おとな</rt></ruby>みたいな<ruby>話<rt>はな</rt></ruby>し<ruby>方<rt>かた</rt></ruby>をする。","그 아이는 어른 같은 말투를 쓴다.","～みたいだ의 명사 수식형이다."
"N4-044","N4","～みたいに","보통형 / 명사 + ～みたいに","~처럼.","その<ruby>二人<rt>ふたり</rt></ruby>は<ruby>兄弟<rt>きょうだい</rt></ruby>みたいに<ruby>仲<rt>なか</rt></ruby>がいい。","그 두 사람은 형제처럼 사이가 좋다.","<ruby>子<rt>こ</rt></ruby>どもみたいに<ruby>目<rt>め</rt></ruby>を<ruby>輝<rt>かがや</rt></ruby>かせていた。","아이처럼 눈을 반짝이고 있었다.","～みたいだ의 부사형으로, 동작·상태를 꾸민다."
"N4-045","N4","～のように","명사 + のように","~처럼.","<ruby>鳥<rt>とり</rt></ruby>のように<ruby>空<rt>そら</rt></ruby>を<ruby>自由<rt>じゆう</rt></ruby>に<ruby>飛<rt>と</rt></ruby>びたい。","새처럼 하늘을 자유롭게 날고 싶다.","<ruby>先輩<rt>せんぱい</rt></ruby>はいつも<ruby>先生<rt>せんせい</rt></ruby>のように<ruby>落<rt>お</rt></ruby>ち<ruby>着<rt>つ</rt></ruby>いている。","선배는 언제나 선생님처럼 침착하다.","～みたいに보다 격식 있고 문어적인 느낌이 있다."
"N4-046","N4","～のような","명사 + のような + 명사","~와 같은.","それは<ruby>夢<rt>ゆめ</rt></ruby>のような<ruby>出来事<rt>できごと</rt></ruby>だった。","그것은 꿈 같은 일이었다.","あの<ruby>人<rt>ひと</rt></ruby>は<ruby>親<rt>おや</rt></ruby>のような<ruby>存在<rt>そんざい</rt></ruby>です。","저 사람은 부모와 같은 존재입니다.","～のように의 명사 수식형이다."
"N4-047","N4","～らしい","보통형 / 명사 + ～らしい","~인 것 같다; ~답다.","その<ruby>映画<rt>えいが</rt></ruby>はおもしろいらしいよ。","그 영화는 재미있는 것 같아.","あの<ruby>先生<rt>せんせい</rt></ruby>はいつも<ruby>教師<rt>きょうし</rt></ruby>らしい<ruby>態度<rt>たいど</rt></ruby>だ。","저 선생님은 언제나 선생님다운 태도다.","정황 추측과 전형성 ‘~답다’ 두 용법이 있다."
"N4-048","N4","～かもしれない","동사·형용사 보통형 / 명사 + ～かもしれない","~할지도 모른다.","<ruby>今夜<rt>こんや</rt></ruby>はかなり<ruby>冷<rt>ひ</rt></ruby>えるかもしれません。","오늘 밤은 꽤 추워질지도 모릅니다.","あの<ruby>人<rt>ひと</rt></ruby>もこの<ruby>会議<rt>かいぎ</rt></ruby>に<ruby>来<rt>く</rt></ruby>るかもしれない。","저 사람도 이 회의에 올지도 모른다.","추측 표현 중 확신도가 낮은 편이다."
"N4-049","N4","～はずだ","동사·い형용사 보통형 / な형용사 + な / 명사 + の + ～はずだ","~일 것이다. 근거가 있는 강한 추측이다.","<ruby>地図<rt>ちず</rt></ruby>を<ruby>見<rt>み</rt></ruby>たから、もうすぐ<ruby>駅<rt>えき</rt></ruby>に<ruby>着<rt>つ</rt></ruby>くはずです。","지도를 봤으니 곧 역에 도착할 겁니다.","きょうは<ruby>祝日<rt>しゅくじつ</rt></ruby>だから、<ruby>銀行<rt>ぎんこう</rt></ruby>は<ruby>休<rt>やす</rt></ruby>みのはずだ。","오늘은 공휴일이니 은행은 쉬는 게 당연하다.","～かもしれない보다 확신이 훨씬 높다."
"N4-050","N4","～はずがない","동사·い형용사 보통형 / な형용사 + な + ～はずがない","~일 리가 없다.","あの<ruby>人<rt>ひと</rt></ruby>がそんな<ruby>簡単<rt>かんたん</rt></ruby>なことであきらめるはずがない。","저 사람이 그런 간단한 일로 포기할 리가 없다.","このかばんがこんなに<ruby>安<rt>やす</rt></ruby>いはずがない。","이 가방이 이렇게 쌀 리가 없다.","～はずだ의 강한 부정형이다."
"N4-051","N4","～がする","감각 명사 + が + ～する","냄새가 나다; 소리가 나다; 느낌이 들다.","この<ruby>部屋<rt>へや</rt></ruby>はいいにおいがする。","이 방은 좋은 냄새가 난다.","なんとなく<ruby>嫌<rt>いや</rt></ruby>な<ruby>予感<rt>よかん</rt></ruby>がする。","왠지 싫은 예감이 든다.","聞こえる는 ‘들리다’, 見える는 ‘보이다’처럼 특정 감각에 한정된다."
"N4-052","N4","～聞こえる","명사 + が + ～聞こえる","들리다. 소리가 자연히 귀에 들어오다.","となりの<ruby>教室<rt>きょうしつ</rt></ruby>から<ruby>拍手<rt>はくしゅ</rt></ruby>が<ruby>聞<rt>き</rt></ruby>こえた。","옆 교실에서 박수 소리가 들렸다.","もしもし、<ruby>声<rt>こえ</rt></ruby>が<ruby>小<rt>ちい</rt></ruby>さくてよく<ruby>聞<rt>き</rt></ruby>こえません。","여보세요, 목소리가 작아서 잘 들리지 않습니다.","意도적으로 듣는 聞く와 다르다."
"N4-053","N4","～見える","명사 + が + ～見える","보이다. 자연스럽게 시야에 들어오다.","この<ruby>窓<rt>まど</rt></ruby>から<ruby>海<rt>うみ</rt></ruby>が<ruby>見<rt>み</rt></ruby>えます。","이 창문에서 바다가 보입니다.","<ruby>暗<rt>くら</rt></ruby>くて、<ruby>入口<rt>いりぐち</rt></ruby>の<ruby>文字<rt>もじ</rt></ruby>がよく<ruby>見<rt>み</rt></ruby>えない。","어두워서 입구 글자가 잘 보이지 않는다.","意도적으로 보는 見る와 다르다."
"N4-054","N4","～に見える","명사 / な형용사 / い형용사 어간 + く + ～に見える","~처럼 보이다.","その<ruby>時計<rt>とけい</rt></ruby>は<ruby>本物<rt>ほんもの</rt></ruby>に<ruby>見<rt>み</rt></ruby>える。","그 시계는 진짜처럼 보인다.","<ruby>田中<rt>たなか</rt></ruby>さんは<ruby>実際<rt>じっさい</rt></ruby>より<ruby>若<rt>わか</rt></ruby>く<ruby>見<rt>み</rt></ruby>えます。","다나카 씨는 실제보다 젊어 보입니다.","단순히 ‘보이다’는 ～見える, 인상·외관 판단은 ～に見える다."
"N4-055","N4","～がっている","い형용사 어간 / な형용사 어간 + ～がっている","3인칭이 ~해하고 있다; 그런 기색을 보이고 있다.","<ruby>妹<rt>いもうと</rt></ruby>は<ruby>人前<rt>ひとまえ</rt></ruby>で<ruby>話<rt>はな</rt></ruby>すのを<ruby>恥<rt>は</rt></ruby>ずかしがっている。","여동생은 사람들 앞에서 말하는 것을 부끄러워하고 있다.","その<ruby>子<rt>こ</rt></ruby>は<ruby>注射<rt>ちゅうしゃ</rt></ruby>をとても<ruby>嫌<rt>いや</rt></ruby>がっている。","그 아이는 주사를 매우 싫어하고 있다.","～がる보다 관찰되는 상태가 계속됨을 더 잘 드러낸다."
"N4-056","N4","～たがる","동사 ます형 + ～たがる","3인칭이 ~하고 싶어하다.","<ruby>弟<rt>おとうと</rt></ruby>は<ruby>休<rt>やす</rt></ruby>みのたびに<ruby>海<rt>うみ</rt></ruby>へ<ruby>行<rt>い</rt></ruby>きたがる。","남동생은 쉴 때마다 바다에 가고 싶어 한다.","うちの<ruby>犬<rt>いぬ</rt></ruby>は<ruby>散歩<rt>さんぽ</rt></ruby>の<ruby>時間<rt>じかん</rt></ruby>になると<ruby>外<rt>そと</rt></ruby>へ<ruby>出<rt>で</rt></ruby>たがる。","우리 집 개는 산책 시간만 되면 밖에 나가고 싶어 한다.","1인칭 희망은 ～たい, 3인칭 희망은 ～たがる가 자연스럽다."
"N4-057","N4","～ようになる","동사 기본형 / 동사 ない형 + ～ようになる","~하게 되다; ~하지 않게 되다. 능력·습관이 자연스럽게 변한다.","<ruby>毎朝<rt>まいあさ</rt></ruby>ジョギングするようになって、<ruby>体力<rt>たいりょく</rt></ruby>がつきました。","매일 아침 조깅하게 되어서 체력이 붙었습니다.","このごろは<ruby>夜<rt>よる</rt></ruby>にお<ruby>菓子<rt>かし</rt></ruby>を<ruby>食<rt>た</rt></ruby>べないようになりました。","요즘은 밤에 과자를 먹지 않게 되었습니다.","～ようにする는 의식적 노력, ～ようになる는 자연스러운 변화에 가깝다."
"N4-058","N4","～ようにする","동사 기본형 / 동사 ない형 + ～ようにする","~하도록 하다; ~하지 않도록 하다. 의식적으로 노력한다.","<ruby>健康<rt>けんこう</rt></ruby>のために、<ruby>毎日<rt>まいにち</rt></ruby><ruby>階段<rt>かいだん</rt></ruby>を<ruby>使<rt>つか</rt></ruby>うようにしています。","건강을 위해 매일 계단을 사용하도록 하고 있습니다.","<ruby>寝<rt>ね</rt></ruby>る<ruby>前<rt>まえ</rt></ruby>にスマホを<ruby>見<rt>み</rt></ruby>ないようにしてください。","자기 전에 스마트폰을 보지 않도록 해 주세요.","～ようになる는 변화 결과, ～ようにする는 스스로 지키려는 노력이다."
"N4-059","N4","～ことになる","동사 기본형 + ～ことになる","~하게 되다. 외부 결정이나 상황에 의해 정해진다.","<ruby>来月<rt>らいげつ</rt></ruby>から<ruby>東京<rt>とうきょう</rt></ruby><ruby>支社<rt>ししゃ</rt></ruby>で<ruby>働<rt>はたら</rt></ruby>くことになりました。","다음 달부터 도쿄 지사에서 일하게 되었습니다.","<ruby>会場<rt>かいじょう</rt></ruby>の<ruby>工事<rt>こうじ</rt></ruby>で、イベントは<ruby>中止<rt>ちゅうし</rt></ruby>になることになった。","행사장 공사 때문에 이벤트는 중지하게 되었다.","～ようになる는 능력·습관 변화, ～ことになる는 외부 결정이다."
"N4-060","N4","～ことにする","동사 기본형 / 동사 ない형 + ～ことにする","~하기로 하다; ~하지 않기로 하다. 자기 의지로 결정한다.","<ruby>今年<rt>ことし</rt></ruby>は<ruby>夏休<rt>なつやす</rt></ruby>みに<ruby>九州<rt>きゅうしゅう</rt></ruby>を<ruby>旅行<rt>りょこう</rt></ruby>することにしました。","올해는 여름방학에 규슈를 여행하기로 했습니다.","これからは<ruby>夜更<rt>よふ</rt></ruby>かししないことにする。","이제부터는 늦게 자지 않기로 하겠다.","～ことになる는 외부 결정, ～ことにする는 자기 결정이다."
"N4-061","N4","～つもりだ","동사 기본형 / 동사 ない형 + ～つもりだ","~할 생각이다; ~하지 않을 생각이다. 개인의 의지·계획을 말한다.","<ruby>卒業<rt>そつぎょう</rt></ruby>したら、しばらく<ruby>地元<rt>じもと</rt></ruby>で<ruby>働<rt>はたら</rt></ruby>くつもりです。","졸업하면 한동안 고향에서 일할 생각입니다.","もうそのことは<ruby>誰<rt>だれ</rt></ruby>にも<ruby>話<rt>はな</rt></ruby>さないつもりだ。","이제 그 일은 누구에게도 말하지 않을 생각이다.","～予定だ보다 화자의 의지가 더 강하다."
"N4-062","N4","～予定だ","동사 기본형 + ～予定だ","~할 예정이다. 비교적 객관적인 예정·스케줄이다.","<ruby>会議<rt>かいぎ</rt></ruby>は<ruby>午後<rt>ごご</rt></ruby>二時に<ruby>始<rt>はじ</rt></ruby>まる<ruby>予定<rt>よてい</rt></ruby>です。","회의는 오후 2시에 시작할 예정입니다.","<ruby>来週<rt>らいしゅう</rt></ruby>、<ruby>新<rt>あたら</rt></ruby>しいシステムを<ruby>導入<rt>どうにゅう</rt></ruby>する<ruby>予定<rt>よてい</rt></ruby>です。","다음 주에 새로운 시스템을 도입할 예정입니다.","～つもりだ는 개인 의지, ～予定だ는 확정된 일정 느낌이 더 강하다."
"N4-063","N4","～よう / ～おう","동사 의향형","~하자; ~할 것이다. 보통체의 권유·의지 표현이다.","そろそろ<ruby>帰<rt>かえ</rt></ruby>ろう。","슬슬 돌아가자.","<ruby>次<rt>つぎ</rt></ruby>の<ruby>休<rt>やす</rt></ruby>みはゆっくり<ruby>休<rt>やす</rt></ruby>もう。","다음 휴일은 푹 쉬자.","～ましょう의 보통체에 가깝다."
"N4-064","N4","～ようと思う","동사 의향형 + ～と思う","~하려고 생각하다. 지금의 결심·의향을 말한다.","<ruby>来年<rt>らいねん</rt></ruby>は<ruby>新<rt>あたら</rt></ruby>しい<ruby>資格<rt>しかく</rt></ruby>を<ruby>取<rt>と</rt></ruby>ろうと<ruby>思<rt>おも</rt></ruby>います。","내년에는 새로운 자격증을 따려고 생각합니다.","きょうは<ruby>少<rt>すこ</rt></ruby>し<ruby>早<rt>はや</rt></ruby>く<ruby>寝<rt>ね</rt></ruby>ようと<ruby>思<rt>おも</rt></ruby>う。","오늘은 조금 일찍 자려고 생각한다.","～ようと思っている보다 순간적·현재의 결심에 가깝다."
"N4-065","N4","～ようと思っている","동사 의향형 + ～と思っている","~하려고 생각하고 있다. 이전부터 계속 품어 온 의향이다.","<ruby>卒業<rt>そつぎょう</rt></ruby>までに<ruby>一度<rt>いちど</rt></ruby><ruby>留学<rt>りゅうがく</rt></ruby>しようと<ruby>思<rt>おも</rt></ruby>っています。","졸업 전까지 한 번 유학하려고 생각하고 있습니다.","ずっとこの<ruby>町<rt>まち</rt></ruby>で<ruby>暮<rt>く</rt></ruby>らそうと<ruby>思<rt>おも</rt></ruby>っている。","계속 이 마을에서 살려고 생각하고 있다.","～ようと思う보다 이전부터 이어진 계획 느낌이 강하다."
"N4-066","N4","～ように","동사 기본형 / 동사 ない형 / 명사 + の + ～ように","~하도록; ~처럼. 목적·비유를 나타낸다.","みんなに<ruby>見<rt>み</rt></ruby>えるように、<ruby>前<rt>まえ</rt></ruby>に<ruby>立<rt>た</rt></ruby>ってください。","모두에게 보이도록 앞에 서 주세요.","<ruby>前<rt>まえ</rt></ruby>のように<ruby>元気<rt>げんき</rt></ruby>に<ruby>笑<rt>わら</rt></ruby>ってほしいです。","예전처럼 활기차게 웃었으면 좋겠습니다.","의지적 목적에는 ～ために, 무의지·가능 목적에는 ～ように를 잘 쓴다."
"N4-067","N4","～ようにいう","동사 기본형 / 동사 ない형 + ～ように言う","~하라고 말하다; ~하지 말라고 말하다.","<ruby>先生<rt>せんせい</rt></ruby>は<ruby>学生<rt>がくせい</rt></ruby>に<ruby>宿題<rt>しゅくだい</rt></ruby>を<ruby>忘<rt>わす</rt></ruby>れないように<ruby>言<rt>い</rt></ruby>った。","선생님은 학생들에게 숙제를 잊지 말라고 말했다.","<ruby>母<rt>はは</rt></ruby>に<ruby>夜<rt>よる</rt></ruby><ruby>遅<rt>おそ</rt></ruby>くならないように<ruby>言<rt>い</rt></ruby>われました。","어머니에게 밤늦지 않도록 하라고 들었습니다.","직접 인용은 ～と言う, 간접 지시 전달은 ～ように言う가 자연스럽다."
"N4-068","N4","～ようにいのる","동사 기본형 / 동사 가능형 + ～ように祈る","~하기를 빌다; ~할 수 있기를 기원하다.","みんなが<ruby>無事<rt>ぶじ</rt></ruby>に<ruby>帰<rt>かえ</rt></ruby>れるように<ruby>祈<rt>いの</rt></ruby>っています。","모두가 무사히 돌아올 수 있기를 빌고 있습니다.","<ruby>試合<rt>しあい</rt></ruby>で<ruby>実力<rt>じつりょく</rt></ruby>を<ruby>出<rt>だ</rt></ruby>せるように<ruby>祈<rt>いの</rt></ruby>った。","경기에서 실력을 발휘할 수 있기를 빌었다.","～ように言う는 지시 전달, ～ように祈る는 바람·기원이다."
"N4-069","N4","～やすい","동사 ます형 + ～やすい","~하기 쉽다; ~되기 쉽다.","このアプリは<ruby>操作<rt>そうさ</rt></ruby>しやすくて、<ruby>初<rt>はじ</rt></ruby>めてでも<ruby>安心<rt>あんしん</rt></ruby>です。","이 앱은 조작하기 쉬워서 처음이라도 안심입니다.","この<ruby>道<rt>みち</rt></ruby>は<ruby>雨<rt>あめ</rt></ruby>の<ruby>日<rt>ひ</rt></ruby>にすべりやすい。","이 길은 비 오는 날 미끄러지기 쉽다.","반대는 ～にくい / ～づらい이다."
"N4-070","N4","～にくい","동사 ます형 + ～にくい","~하기 어렵다. 객관적으로 난도가 높다.","このペンはインクが<ruby>薄<rt>うす</rt></ruby>くて<ruby>読<rt>よ</rt></ruby>みにくいです。","이 펜은 잉크가 연해서 읽기 어렵습니다.","この<ruby>階段<rt>かいだん</rt></ruby>は<ruby>幅<rt>はば</rt></ruby>がせまくて<ruby>上<rt>のぼ</rt></ruby>りにくい。","이 계단은 폭이 좁아 오르기 어렵다.","～づらい보다 물리적·객관적 어려움에 더 잘 맞는다."
"N4-071","N4","～づらい","동사 ます형 + ～づらい","~하기 힘들다. 심리적·대인적 부담이 있다.","こんなことは<ruby>本人<rt>ほんにん</rt></ruby>には<ruby>言<rt>い</rt></ruby>いづらいです。","이런 말은 본인에게는 하기 힘듭니다.","<ruby>部長<rt>ぶちょう</rt></ruby>には<ruby>急<rt>きゅう</rt></ruby>な<ruby>休暇<rt>きゅうか</rt></ruby>を<ruby>頼<rt>たの</rt></ruby>みづらい。","부장님께는 갑작스러운 휴가를 부탁하기 어렵다.","～にくい는 객관적 어려움, ～づらい는 심리적 부담이 더 강하다."
"N4-072","N4","～はじめる","동사 ます형 + ～はじめる","~하기 시작하다. 자연스럽거나 계획된 시작이다.","<ruby>空<rt>そら</rt></ruby>が<ruby>暗<rt>くら</rt></ruby>くなって、<ruby>雨<rt>あめ</rt></ruby>が<ruby>降<rt>ふ</rt></ruby>りはじめた。","하늘이 어두워져 비가 내리기 시작했다.","<ruby>今年<rt>ことし</rt></ruby>から<ruby>本格的<rt>ほんかくてき</rt></ruby>にギターを<ruby>習<rt>なら</rt></ruby>いはじめました。","올해부터 본격적으로 기타를 배우기 시작했습니다.","～だす보다 돌발성은 약하고 자연스러운 시작에 가깝다."
"N4-073","N4","～おわる","동사 ます형 + ～おわる","~하기를 끝내다; 다 ~하다.","レポートを<ruby>書<rt>か</rt></ruby>きおわったら、メールで<ruby>送<rt>おく</rt></ruby>ってください。","리포트를 다 쓰면 메일로 보내 주세요.","みんなが<ruby>食<rt>た</rt></ruby>べおわるまで、ここで<ruby>待<rt>ま</rt></ruby>っています。","모두가 다 먹을 때까지 여기서 기다리고 있습니다.","～つづける는 지속, ～おわる는 완료에 초점이 있다."
"N4-074","N4","～つづける","동사 ます형 + ～つづける","계속 ~하다.","<ruby>雨<rt>あめ</rt></ruby>の<ruby>中<rt>なか</rt></ruby>でも、<ruby>選手<rt>せんしゅ</rt></ruby>たちは<ruby>走<rt>はし</rt></ruby>りつづけた。","비 속에서도 선수들은 계속 달렸다.","あきらめずに<ruby>勉強<rt>べんきょう</rt></ruby>しつづければ、きっと<ruby>上手<rt>じょうず</rt></ruby>になります。","포기하지 않고 계속 공부하면 반드시 능숙해집니다.","～はじめる는 시작, ～つづける는 지속이다."
"N4-075","N4","～だす","동사 ます형 + ～だす","갑자기 ~하기 시작하다. 돌발적인 시작이다.","<ruby>赤<rt>あか</rt></ruby>ちゃんが<ruby>急<rt>きゅう</rt></ruby>に<ruby>泣<rt>な</rt></ruby>きだして、みんなが<ruby>驚<rt>おどろ</rt></ruby>いた。","아기가 갑자기 울기 시작해서 모두가 놀랐다.","<ruby>会議<rt>かいぎ</rt></ruby>の<ruby>途中<rt>とちゅう</rt></ruby>で、だれかが<ruby>急<rt>きゅう</rt></ruby>に<ruby>笑<rt>わら</rt></ruby>いだした。","회의 도중에 누군가가 갑자기 웃기 시작했다.","～はじめる보다 예상 밖의 갑작스러움이 강하다."
"N4-076","N4","～すぎる","동사 ます형 / い형용사 어간 / な형용사 어간 + ～すぎる","너무 ~하다. 한도를 넘는다.","きのうは<ruby>働<rt>はたら</rt></ruby>きすぎて、<ruby>今日<rt>きょう</rt></ruby>は<ruby>何<rt>なに</rt></ruby>もしたくない。","어제는 너무 일해서 오늘은 아무것도 하고 싶지 않다.","このへやは<ruby>静<rt>しず</rt></ruby>かすぎて、かえって<ruby>落<rt>お</rt></ruby>ち<ruby>着<rt>つ</rt></ruby>かない。","이 방은 너무 조용해서 오히려 마음이 편치 않다.","～とても는 중립적 ‘매우’, ～すぎる는 과도함을 나타낸다."
"N4-077","N4","～ながら","동사 ます형 + ～ながら","~하면서. 두 동작이 동시에 일어난다.","<ruby>音楽<rt>おんがく</rt></ruby>を<ruby>聞<rt>き</rt></ruby>きながら<ruby>部屋<rt>へや</rt></ruby>を<ruby>片<rt>かた</rt></ruby>づけました。","음악을 들으면서 방을 정리했습니다.","コーヒーを<ruby>飲<rt>の</rt></ruby>みながら<ruby>今日<rt>きょう</rt></ruby>の<ruby>予定<rt>よてい</rt></ruby>を<ruby>確認<rt>かくにん</rt></ruby>する。","커피를 마시면서 오늘 일정을 확인한다.","～て는 순차 연결, ～ながら는 동시 진행이다."
"N4-078","N4","～なおす","동사 ます형 + ～なおす","다시 ~하다; 고쳐서 ~하다.","この<ruby>文<rt>ぶん</rt></ruby>はわかりにくいので、もう<ruby>一度<rt>いちど</rt></ruby><ruby>書<rt>か</rt></ruby>きなおします。","이 문장은 알기 어려워서 다시 쓰겠습니다.","まちがえたところだけ<ruby>考<rt>かんが</rt></ruby>えなおせばいいですよ。","틀린 부분만 다시 생각해 보면 됩니다.","단순 반복보다 ‘수정해서 다시’의 뉘앙스가 자주 붙는다."
"N4-079","N4","～ために","동사 기본형 / 명사 + の + ～ために","~하기 위해. 의지적인 목적을 나타낸다.","<ruby>日本<rt>にほん</rt></ruby>で<ruby>働<rt>はたら</rt></ruby>くために、<ruby>毎日<rt>まいにち</rt></ruby><ruby>日本語<rt>にほんご</rt></ruby>を<ruby>勉強<rt>べんきょう</rt></ruby>しています。","일본에서 일하기 위해 매일 일본어를 공부하고 있습니다.","<ruby>健康<rt>けんこう</rt></ruby>のために、<ruby>夜<rt>よる</rt></ruby>はできるだけ<ruby>歩<rt>ある</rt></ruby>くようにしています。","건강을 위해 밤에는 되도록 걷도록 하고 있습니다.","무의지·가능 목적은 ～ように, 의지적 목적은 ～ために가 기본이다."
"N4-080","N4","～のに","동사 기본형 / 명사 + の + ～のに","~하는 데, ~하기에. 목적·용도를 나타낸다.","このはさみは<ruby>厚<rt>あつ</rt></ruby>い<ruby>紙<rt>かみ</rt></ruby>を<ruby>切<rt>き</rt></ruby>るのに<ruby>便利<rt>べんり</rt></ruby>です。","이 가위는 두꺼운 종이를 자르는 데 편리합니다.","この<ruby>道具<rt>どうぐ</rt></ruby>はパンを<ruby>焼<rt>や</rt></ruby>くのに<ruby>使<rt>つか</rt></ruby>います。","이 도구는 빵을 굽는 데 사용합니다.","역접의 ～のに와 달리 목적·용도에 초점이 있다."
"N4-081","N4","～のに","보통형 / 명사 + な + ～のに","~인데도. 기대와 다른 결과에 대한 불만·의외를 나타낸다.","<ruby>毎日<rt>まいにち</rt></ruby><ruby>練習<rt>れんしゅう</rt></ruby>したのに、<ruby>本番<rt>ほんばん</rt></ruby>でまちがえてしまった。","매일 연습했는데도 실전에서 틀려 버렸다.","この<ruby>店<rt>みせ</rt></ruby>は<ruby>有名<rt>ゆうめい</rt></ruby>なのに、きょうはすいている。","이 가게는 유명한데도 오늘은 한산하다.","목적의 ～のに와 달리 역접·불만의 뉘앙스가 강하다."
"N4-082","N4","～ても","동사 て형 / い형용사 어간 + く + ～ても","~해도. 어떤 조건이어도 결과가 바뀌지 않음을 나타낸다.","<ruby>雨<rt>あめ</rt></ruby>が<ruby>降<rt>ふ</rt></ruby>っても、<ruby>明日<rt>あした</rt></ruby>は<ruby>出発<rt>しゅっぱつ</rt></ruby>します。","비가 와도 내일은 출발합니다.","この<ruby>問題<rt>もんだい</rt></ruby>は<ruby>難<rt>むずか</rt></ruby>しくても、あきらめません。","이 문제는 어려워도 포기하지 않습니다.","～のに보다 중립적인 양보 표현이다."
"N4-083","N4","～でも","명사 / な형용사 어간 + ～でも","~이어도. 어떤 조건이어도 결과가 바뀌지 않음을 나타낸다.","<ruby>日曜日<rt>にちようび</rt></ruby>でも、この<ruby>図書館<rt>としょかん</rt></ruby>は<ruby>開<rt>あ</rt></ruby>いています。","일요일이어도 이 도서관은 열려 있습니다.","<ruby>少<rt>すこ</rt></ruby>し<ruby>不便<rt>ふべん</rt></ruby>でも、ここに<ruby>住<rt>す</rt></ruby>みたいです。","조금 불편해도 여기 살고 싶습니다.","조사 ～でも(이라도)와 달리 양보 조건을 나타낸다."
"N4-084","N4","～し / ～し～し","보통형 + ～し","~하고, ~하고. 이유나 사항을 여러 개 나열한다.","この<ruby>町<rt>まち</rt></ruby>は<ruby>静<rt>しず</rt></ruby>かだし、<ruby>空気<rt>くうき</rt></ruby>もきれいだし、<ruby>住<rt>す</rt></ruby>みやすいです。","이 동네는 조용하고 공기도 맑아서 살기 좋습니다.","<ruby>頭<rt>あたま</rt></ruby>も<ruby>痛<rt>いた</rt></ruby>いし、<ruby>熱<rt>ねつ</rt></ruby>もあるし、きょうは<ruby>休<rt>やす</rt></ruby>みます。","머리도 아프고 열도 있어서 오늘은 쉽니다.","～から보다 이유를 여러 개 병렬로 제시할 때 잘 쓴다."
"N4-085","N4","～は～が、～は","명사 + は～が、명사 + は～","~은 ~지만, ~은 …. 두 대상을 뚜렷하게 대비한다.","<ruby>兄<rt>あに</rt></ruby>は<ruby>数学<rt>すうがく</rt></ruby>が<ruby>得意<rt>とくい</rt></ruby>ですが、<ruby>私<rt>わたし</rt></ruby>は<ruby>国語<rt>こくご</rt></ruby>が<ruby>得意<rt>とくい</rt></ruby>です。","형은 수학을 잘하지만 저는 국어를 잘합니다.","この<ruby>店<rt>みせ</rt></ruby>は<ruby>高<rt>たか</rt></ruby>いですが、<ruby>味<rt>あじ</rt></ruby>はいいです。","이 가게는 비싸지만 맛은 좋습니다.","단순 역접의 ～が보다 대비 대상이 더 분명하다."
"N4-086","N4","～ないと","동사 ない형 + ～ないと","~하지 않으면. 구어적인 필수·조건 표현이다.","もう<ruby>出発<rt>しゅっぱつ</rt></ruby>しないと、<ruby>電車<rt>でんしゃ</rt></ruby>に<ruby>間<rt>ま</rt></ruby>に<ruby>合<rt>あ</rt></ruby>わない。","이제 출발하지 않으면 전철에 늦습니다.","この<ruby>薬<rt>くすり</rt></ruby>は<ruby>毎日<rt>まいにち</rt></ruby><ruby>飲<rt>の</rt></ruby>まないと、<ruby>効果<rt>こうか</rt></ruby>がありません。","이 약은 매일 먹지 않으면 효과가 없습니다.","～なければならない보다 훨씬 구어적이다."
"N4-087","N4","～とか～とか","명사 / 보통형 + ～とか～とか","~라든가 ~라든가. 예시를 가볍게 나열한다.","<ruby>休<rt>やす</rt></ruby>みの<ruby>日<rt>ひ</rt></ruby>は、<ruby>映画<rt>えいが</rt></ruby>を<ruby>見<rt>み</rt></ruby>るとか<ruby>本<rt>ほん</rt></ruby>を<ruby>読<rt>よ</rt></ruby>むとかして<ruby>過<rt>す</rt></ruby>ごします。","쉬는 날은 영화를 본다든가 책을 읽는다든가 하며 보냅니다.","かばんにはノートとかペンとか、いろいろ<ruby>入<rt>はい</rt></ruby>っている。","가방에는 공책이라든가 펜이라든가 여러 가지가 들어 있다.","～や보다 더 구어적이고 느슨한 예시 나열이다."
"N4-088","N4","～しか～ない","명사 + ～しか～ない","~밖에 없다. 적은 양·한정을 강조한다.","きょうは<ruby>千円<rt>せんえん</rt></ruby>しか<ruby>持<rt>も</rt></ruby>っていません。","오늘은 천 엔밖에 가지고 있지 않습니다.","この<ruby>店<rt>みせ</rt></ruby>は<ruby>土曜日<rt>どようび</rt></ruby>しか<ruby>開<rt>あ</rt></ruby>きません。","이 가게는 토요일에만 엽니다.","수량+～も는 많음의 놀라움, ～しか～ない는 적음의 한정이다."
"N4-089","N4","～ばかり","명사 / 동사 て형 + いる + ～ばかり","~만, ~뿐. 특정 행동·상태에 치우쳐 있음을 나타낸다.","<ruby>弟<rt>おとうと</rt></ruby>は<ruby>休<rt>やす</rt></ruby>みの<ruby>日<rt>ひ</rt></ruby>になるとゲームばかりしている。","남동생은 쉬는 날만 되면 게임만 하고 있다.","<ruby>最近<rt>さいきん</rt></ruby>は<ruby>甘<rt>あま</rt></ruby>いものばかり<ruby>食<rt>た</rt></ruby>べてしまう。","최근에는 단것만 자꾸 먹게 된다.","～だけ보다 편중·불만의 뉘앙스가 붙기 쉽다."
"N4-090","N4","～だけで","명사 / 동사 기본형 + ～だけで","~만으로. 그것 하나만으로 충분함을 나타낸다.","この<ruby>写真<rt>しゃしん</rt></ruby>を<ruby>見<rt>み</rt></ruby>るだけで、<ruby>旅行<rt>りょこう</rt></ruby>した<ruby>気分<rt>きぶん</rt></ruby>になる。","이 사진을 보는 것만으로 여행한 기분이 듭니다.","<ruby>名前<rt>なまえ</rt></ruby>だけで<ruby>通<rt>つう</rt></ruby>じるくらい<ruby>有名<rt>ゆうめい</rt></ruby>な<ruby>店<rt>みせ</rt></ruby>です。","이름만으로 통할 정도로 유명한 가게입니다.","단순 한정의 ～だけ보다 조건·수단의 느낌이 있다."
"N4-091","N4","～だけでなく","명사 / 동사 기본형 + ～だけでなく","~뿐만 아니라. 범위를 덧붙여 확장한다.","この<ruby>本<rt>ほん</rt></ruby>は<ruby>学生<rt>がくせい</rt></ruby>だけでなく、<ruby>先生<rt>せんせい</rt></ruby>にも<ruby>人気<rt>にんき</rt></ruby>があります。","이 책은 학생뿐만 아니라 선생님들에게도 인기가 있습니다.","<ruby>歌<rt>うた</rt></ruby>うだけでなく、<ruby>作曲<rt>さっきょく</rt></ruby>もできるそうです。","노래할 뿐만 아니라 작곡도 할 수 있다고 합니다.","～だけで는 한정, ～だけでなく는 추가 확장이다."
"N4-092","N4","～も","수량사 + ～も","무려 ~이나. 수량이 많음을 놀라움과 함께 강조한다.","この<ruby>橋<rt>はし</rt></ruby>は<ruby>百年<rt>ひゃくねん</rt></ruby>も<ruby>前<rt>まえ</rt></ruby>に<ruby>作<rt>つく</rt></ruby>られたそうです。","이 다리는 무려 100년 전에 만들어졌다고 합니다.","きのうは<ruby>三時間<rt>さんじかん</rt></ruby>も<ruby>電話<rt>でんわ</rt></ruby>してしまった。","어제는 무려 3시간이나 통화해 버렸다.","～しか～ない는 적음을, 수량사+～も는 많음을 강조한다."
"N4-093","N4","～でも","명사 + ～でも","~라도. 예시를 들거나 완곡하게 제안한다.","つかれたなら、<ruby>温<rt>あたた</rt></ruby>かいお<ruby>茶<rt>ちゃ</rt></ruby>でも<ruby>飲<rt>の</rt></ruby>みましょう。","피곤하다면 따뜻한 차라도 마십시다.","<ruby>週末<rt>しゅうまつ</rt></ruby>は<ruby>近<rt>ちか</rt></ruby>くの<ruby>公園<rt>こうえん</rt></ruby>にでも<ruby>行<rt>い</rt></ruby>きたいです。","주말에는 근처 공원에라도 가고 싶습니다.","양보의 ～でも와 달리 ‘예시·제안’의 조사 표현이다."
"N4-094","N4","～ほかに（も）","명사 + の / 동사 기본형 + ～ほかに（も）","~외에, 그 밖에도. 추가되는 항목을 덧붙인다.","<ruby>英語<rt>えいご</rt></ruby>のほかにも、<ruby>韓国語<rt>かんこくご</rt></ruby>を<ruby>勉強<rt>べんきょう</rt></ruby>しています。","영어 외에도 한국어를 공부하고 있습니다.","この<ruby>料理<rt>りょうり</rt></ruby>のほかに、スープも<ruby>注文<rt>ちゅうもん</rt></ruby>しました。","이 요리 외에 수프도 주문했습니다.","～以外보다 추가 탐색·덧붙임의 느낌이 더 자연스럽다."
"N4-095","N4","～ほか（に）は","명사 + の + ～ほか（に）は","~외에는. 나머지에 대해 말하거나 묻는다.","この<ruby>仕事<rt>しごと</rt></ruby>のほかには、とくに<ruby>予定<rt>よてい</rt></ruby>がありません。","이 일 외에는 특별한 예정이 없습니다.","この<ruby>店<rt>みせ</rt></ruby>のほかには、どこが<ruby>安<rt>やす</rt></ruby>いですか。","이 가게 외에는 어디가 쌉니까?","～ほかに（も）는 추가, ～ほか（に）は는 제외한 나머지에 초점이 있다."
"N4-096","N4","～すこしも～ない","すこしも + 부정형","조금도 ~않다. 완전한 부정을 나타낸다.","この<ruby>問題<rt>もんだい</rt></ruby>はすこしも<ruby>難<rt>むずか</rt></ruby>しくない。","이 문제는 조금도 어렵지 않다.","きのうはつかれていて、<ruby>宿題<rt>しゅくだい</rt></ruby>がすこしもできなかった。","어제는 피곤해서 숙제를 조금도 못 했다.","N5의 ～あまり～ない보다 부정의 강도가 더 세다."
"N4-097","N4","～ぜんぜん～ない","ぜんぜん + 부정형","전혀 ~않다. 강한 부정을 나타낸다.","その<ruby>映画<rt>えいが</rt></ruby>の<ruby>内容<rt>ないよう</rt></ruby>はぜんぜんおぼえていない。","그 영화의 내용은 전혀 기억나지 않는다.","このへんは<ruby>夜<rt>よる</rt></ruby>でもぜんぜん<ruby>静<rt>しず</rt></ruby>かじゃない。","이 근처는 밤에도 전혀 조용하지 않다.","～すこしも～ない와 비슷하지만 회화에서 더 자주 쓴다."
"N4-098","N4","～すくなくない","명사 / 동사 보통형 + ～はすくなくない","적지 않다. 완곡하게 많음을 나타낸다.","この<ruby>問題<rt>もんだい</rt></ruby>に<ruby>悩<rt>なや</rt></ruby>んでいる<ruby>人<rt>ひと</rt></ruby>はすくなくない。","이 문제로 고민하는 사람은 적지 않다.","この<ruby>町<rt>まち</rt></ruby>には<ruby>外国人<rt>がいこくじん</rt></ruby>の<ruby>観光客<rt>かんこうきゃく</rt></ruby>もすくなくない。","이 마을에는 외국인 관광객도 적지 않다.","직접적인 多い보다 더 완곡한 표현이다."
"N4-099","N4","～毎～のように","매 + 시간 단위 + ～のように","거의 매번 ~처럼. 높은 빈도를 나타낸다.","<ruby>祖父<rt>そふ</rt></ruby>は<ruby>毎朝<rt>まいあさ</rt></ruby>のように<ruby>川<rt>かわ</rt></ruby>のそばを<ruby>歩<rt>ある</rt></ruby>いている。","할아버지는 거의 매일 아침 강가를 걷고 계신다.","このごろは<ruby>毎週末<rt>まいしゅうまつ</rt></ruby>のように<ruby>雨<rt>あめ</rt></ruby>が<ruby>降<rt>ふ</rt></ruby>る。","요즘은 거의 매주말마다 비가 온다.","N5의 いつも보다 ‘거의 매번’이라는 느낌이 더 강하다."
"N4-100","N4","～間","동사 て형 + いる / 명사 + の + ～間","~하는 동안. 그 시간 범위 전체에 상태·동작이 계속된다.","<ruby>子<rt>こ</rt></ruby>どもが<ruby>寝<rt>ね</rt></ruby>ている<ruby>間<rt>あいだ</rt></ruby>、<ruby>母<rt>はは</rt></ruby>はとなりで<ruby>仕事<rt>しごと</rt></ruby>をしていた。","아이가 자는 동안 어머니는 옆에서 일을 하고 있었다.","<ruby>留学<rt>りゅうがく</rt></ruby>の<ruby>間<rt>あいだ</rt></ruby>、ずっとその<ruby>町<rt>まち</rt></ruby>に<ruby>住<rt>す</rt></ruby>んでいた。","유학하는 동안 계속 그 마을에 살고 있었다.","～間に는 그 시간 범위 안의 한 시점에서 일어나는 일을 말한다."
"N4-101","N4","～間に","동사 て형 + いる / 명사 + の + ～間に","~하는 사이에. 그 시간 범위 안의 어느 한 시점에 사건이 일어난다.","<ruby>昼寝<rt>ひるね</rt></ruby>している<ruby>間<rt>あいだ</rt></ruby>に、<ruby>宅配便<rt>たくはいびん</rt></ruby>が<ruby>来<rt>き</rt></ruby>た。","낮잠 자는 사이에 택배가 왔다.","<ruby>会議<rt>かいぎ</rt></ruby>の<ruby>間<rt>あいだ</rt></ruby>に、スマホが<ruby>何回<rt>なんかい</rt></ruby>も<ruby>鳴<rt>な</rt></ruby>った。","회의하는 사이에 스마트폰이 몇 번이나 울렸다.","～間은 전체 지속, ～間に는 중간의 한 사건이다."
"N4-102","N4","～たばかり","동사 た형 + ～たばかり","막 ~한 참이다. 직후임을 나타낸다.","さっき<ruby>会社<rt>かいしゃ</rt></ruby>を<ruby>出<rt>で</rt></ruby>たばかりです。","방금 회사를 나온 참입니다.","この<ruby>店<rt>みせ</rt></ruby>は<ruby>先月<rt>せんげつ</rt></ruby>オープンしたばかりだ。","이 가게는 지난달에 막 문을 열었다.","～ところだ의 직후 용법과 비슷하지만 막 끝난 느낌이 더 강하다."
"N4-103","N4","～ところだ","동사 기본형 / 동사 て형 + いる / 동사 た형 + ～ところだ","막 ~하려는 참이다; ~하는 중이다; 막 ~한 참이다.","ちょうどこれから<ruby>夕食<rt>ゆうしょく</rt></ruby>を<ruby>作<rt>つく</rt></ruby>るところです。","마침 지금부터 저녁을 만들려는 참입니다.","いま<ruby>大事<rt>だいじ</rt></ruby>なメールを<ruby>書<rt>か</rt></ruby>いているところです。","지금 중요한 메일을 쓰고 있는 중입니다.","～たばかり는 직후만, ～ところだ는 직전·진행·직후를 모두 나타낼 수 있다."
"N4-104","N4","～まで","명사 / 동사 기본형 + ～まで","~까지; 심지어 ~까지. 범위의 끝이나 극단을 나타낸다.","きょうは<ruby>夜<rt>よる</rt></ruby>の<ruby>十時<rt>じゅうじ</rt></ruby>まで<ruby>図書館<rt>としょかん</rt></ruby>で<ruby>勉強<rt>べんきょう</rt></ruby>しました。","오늘은 밤 10시까지 도서관에서 공부했습니다.","そのニュースは<ruby>子<rt>こ</rt></ruby>どもまで<ruby>知<rt>し</rt></ruby>っていた。","그 뉴스는 아이들까지 알고 있었다.","～までに는 마감 시점, ～まで는 범위의 끝이나 극단이다."
"N4-105","N4","～までに","동사 기본형 / 시간 명사 + ～までに","~까지. 그 시점 이전에 완료해야 하는 마감 시점을 나타낸다.","<ruby>会議<rt>かいぎ</rt></ruby>が<ruby>始<rt>はじ</rt></ruby>まるまでに、<ruby>資料<rt>しりょう</rt></ruby>を<ruby>印刷<rt>いんさつ</rt></ruby>しておきます。","회의가 시작되기까지 자료를 인쇄해 두겠습니다.","<ruby>今週<rt>こんしゅう</rt></ruby><ruby>金曜日<rt>きんようび</rt></ruby>までに<ruby>申込書<rt>もうしこみしょ</rt></ruby>を<ruby>送<rt>おく</rt></ruby>ってください。","이번 주 금요일까지 신청서를 보내 주세요.","～まで는 범위의 끝, ～までには 마감 시점이다."
"N4-106","N4","～まま","동사 た형 / 동사 ない형 / 명사 + の + ～まま","~한 채로. 어떤 상태가 바뀌지 않고 그대로 유지됨을 나타낸다.","コートを<ruby>着<rt>き</rt></ruby>たまま<ruby>部屋<rt>へや</rt></ruby>に<ruby>入<rt>はい</rt></ruby>ってしまった。","코트를 입은 채로 방에 들어와 버렸다.","<ruby>窓<rt>まど</rt></ruby>を<ruby>閉<rt>し</rt></ruby>めないまま<ruby>寝<rt>ね</rt></ruby>たので、<ruby>朝<rt>あさ</rt></ruby><ruby>寒<rt>さむ</rt></ruby>かった。","창문을 닫지 않은 채로 자서 아침에 추웠다.","～ておく는 준비, ～まま는 상태 유지에 초점이 있다."
"N4-107","N4","～ごろ","시간 명사 + ～ごろ","~쯤. 대략적인 시점을 나타낸다.","<ruby>夕方<rt>ゆうがた</rt></ruby>六時ごろに<ruby>駅<rt>えき</rt></ruby>で<ruby>会<rt>あ</rt></ruby>いましょう。","저녁 6시쯤 역에서 만납시다.","<ruby>昼<rt>ひる</rt></ruby>ごろには<ruby>雨<rt>あめ</rt></ruby>がやむと<ruby>思<rt>おも</rt></ruby>います。","정오쯤에는 비가 그칠 거라고 생각합니다.","～ごろ와 ～ころ는 비슷하지만 ～ごろ는 시각·날짜 같은 특정 시점에 더 자주 붙는다."
"N4-108","N4","～ころ","시간 명사 + ～ころ","~무렵, ~쯤. 어느 시기나 시점을 대략 가리킨다.","<ruby>子<rt>こ</rt></ruby>どものころ、よく<ruby>川<rt>かわ</rt></ruby>で<ruby>遊<rt>あそ</rt></ruby>びました。","어릴 무렵 자주 강에서 놀았습니다.","<ruby>春<rt>はる</rt></ruby>の<ruby>終<rt>お</rt></ruby>わりころに、この<ruby>町<rt>まち</rt></ruby>へ<ruby>来<rt>き</rt></ruby>ました。","봄이 끝날 무렵 이 마을에 왔습니다.","～ごろ보다 시기·무렵의 느낌이 조금 더 자연스럽다."
"N4-109","N4","～以上","수량사 + ～以上","~이상. 기준을 포함해 그보다 많거나 큼을 나타낸다.","この<ruby>建物<rt>たてもの</rt></ruby>には二十<ruby>人<rt>にん</rt></ruby><ruby>以上<rt>いじょう</rt></ruby><ruby>入<rt>はい</rt></ruby>れません。","이 건물에는 20명 이상 들어갈 수 없습니다.","これ<ruby>以上<rt>いじょう</rt></ruby><ruby>待<rt>ま</rt></ruby>つのはむずかしいです。","이 이상 기다리는 것은 어렵습니다.","～以下는 기준 포함 아래쪽, ～以上은 기준 포함 위쪽이다."
"N4-110","N4","～以下","수량사 + ～以下","~이하. 기준을 포함해 그보다 적거나 작음을 나타낸다.","千円<ruby>以下<rt>いか</rt></ruby>で<ruby>買<rt>か</rt></ruby>えるおみやげを<ruby>探<rt>さが</rt></ruby>しています。","천 엔 이하로 살 수 있는 기념품을 찾고 있습니다.","十二<ruby>歳<rt>さい</rt></ruby><ruby>以下<rt>いか</rt></ruby>のお<ruby>子<rt>こ</rt></ruby>さんは<ruby>無料<rt>むりょう</rt></ruby>です。","12세 이하 어린이는 무료입니다.","～以上의 반대 방향 표현이다."
"N4-111","N4","～以外","명사 + ～以外","~이외. 특정 대상을 분명히 제외한다.","この<ruby>部屋<rt>へや</rt></ruby>は<ruby>関係者<rt>かんけいしゃ</rt></ruby><ruby>以外<rt>いがい</rt></ruby><ruby>入<rt>はい</rt></ruby>れません。","이 방은 관계자 이외에는 들어갈 수 없습니다.","コーヒー<ruby>以外<rt>いがい</rt></ruby>の<ruby>飲<rt>の</rt></ruby>み<ruby>物<rt>もの</rt></ruby>もあります。","커피 이외의 음료도 있습니다.","ほかより 제외의 뜻이 더 분명하다."
"N4-112","N4","～以外に","명사 + ～以外に","~외에, ~이외에도. 어떤 대상을 빼고도 추가가 있음을 나타낸다.","<ruby>日本語<rt>にほんご</rt></ruby><ruby>以外<rt>いがい</rt></ruby>にも、<ruby>中国語<rt>ちゅうごくご</rt></ruby>を<ruby>少<rt>すこ</rt></ruby>し<ruby>話<rt>はな</rt></ruby>せます。","일본어 외에도 중국어를 조금 할 수 있습니다.","この<ruby>仕事<rt>しごと</rt></ruby><ruby>以外<rt>いがい</rt></ruby>に、やることはありますか。","이 일 외에 할 일이 있습니까?","ほかに보다 제외 기준이 더 뚜렷하다."
"N4-113","N4","～こと","동사 기본형 + ～こと","~하는 것. 동작이나 내용을 명사처럼 만든다.","<ruby>朝<rt>あさ</rt></ruby><ruby>早<rt>はや</rt></ruby>く<ruby>起<rt>お</rt></ruby>きることは、まだ<ruby>苦手<rt>にがて</rt></ruby>です。","아침 일찍 일어나는 것은 아직 서툽니다.","<ruby>大切<rt>たいせつ</rt></ruby>なのは、<ruby>最後<rt>さいご</rt></ruby>まで<ruby>続<rt>つづ</rt></ruby>けることです。","중요한 것은 끝까지 계속하는 것입니다.","～の로 바꿀 수 있는 경우도 있지만 관용 표현은 ～こと만 가능하다."
"N4-114","N4","～ことができる","동사 기본형 + ～ことができる","~할 수 있다. 동작 전체를 가능 표현으로 만든다.","このスマホで<ruby>海外<rt>かいがい</rt></ruby>のニュースを<ruby>読<rt>よ</rt></ruby>むことができます。","이 스마트폰으로 해외 뉴스를 읽을 수 있습니다.","この<ruby>席<rt>せき</rt></ruby>からは<ruby>海<rt>うみ</rt></ruby>を<ruby>見<rt>み</rt></ruby>ることができません。","이 자리에서는 바다를 볼 수 없습니다.","가능형보다 문어적·격식적인 느낌이 있다."
"N4-115","N4","～という","문장 / 명사 + ～という + 명사","~라는, ~라고 하는. 인용 내용을 뒤의 명사에 연결해 설명한다.","「<ruby>蛍<rt>ほたる</rt></ruby>」という<ruby>映画<rt>えいが</rt></ruby>を<ruby>知<rt>し</rt></ruby>っていますか。","‘호타루’라는 영화를 알고 있습니까?","<ruby>木村<rt>きむら</rt></ruby>さんという<ruby>方<rt>かた</rt></ruby>から<ruby>電話<rt>でんわ</rt></ruby>がありました。","기무라 씨라는 분에게서 전화가 왔습니다.","～って보다 더 중립적이고 문어적이다."
"N4-116","N4","～って","문장 / 명사 + ～って","~라고, ~라는. 구어체에서 가볍게 인용하거나 화제를 꺼낸다.","あの<ruby>店<rt>みせ</rt></ruby>、おいしいって<ruby>聞<rt>き</rt></ruby>いたよ。","저 가게 맛있다고 들었어.","「<ruby>空<rt>そら</rt></ruby>ノート」って<ruby>本<rt>ほん</rt></ruby>、<ruby>読<rt>よ</rt></ruby>んだことある？","‘소라 노트’라는 책, 읽어 본 적 있어?","～という의 구어형에 가깝다."
"N4-117","N4","～ということ","보통형 + ～ということ","~라는 것. 문장 전체를 하나의 명사처럼 묶는다.","<ruby>彼<rt>かれ</rt></ruby>がもう<ruby>帰<rt>かえ</rt></ruby>ったということを、だれも<ruby>知<rt>し</rt></ruby>らなかった。","그가 이미 돌아갔다는 것을 아무도 몰랐다.","それは、<ruby>今日<rt>きょう</rt></ruby>は<ruby>休<rt>やす</rt></ruby>みだということです。","그것은 오늘은 쉰다는 뜻입니다.","～こと보다 문장 전체 내용을 명사화하는 힘이 더 크다."
"N4-118","N4","～か","보통형 + ～か","~인지. 의문사를 포함한 내용을 문장 안에 넣는다.","だれが<ruby>先<rt>さき</rt></ruby>に<ruby>着<rt>つ</rt></ruby>いたか、まだわかりません。","누가 먼저 도착했는지 아직 모릅니다.","どこでその<ruby>店<rt>みせ</rt></ruby>を<ruby>知<rt>し</rt></ruby>ったか<ruby>覚<rt>おぼ</rt></ruby>えていますか。","어디서 그 가게를 알게 되었는지 기억하고 있습니까?","의문사가 있으면 ～か, 예·아니오 판단이면 ～かどうか를 많이 쓴다."
"N4-119","N4","～かどうか","보통형 + ～かどうか","~인지 아닌지. 예·아니오로 답할 수 있는 내용을 문장 안에 넣는다.","その<ruby>計画<rt>けいかく</rt></ruby>が<ruby>本当<rt>ほんとう</rt></ruby>かどうか、もう<ruby>一度<rt>いちど</rt></ruby><ruby>調<rt>しら</rt></ruby>べます。","그 계획이 사실인지 아닌지 다시 한 번 조사하겠습니다.","<ruby>明日<rt>あした</rt></ruby><ruby>参加<rt>さんか</rt></ruby>できるかどうか、<ruby>今夜<rt>こんや</rt></ruby>までに<ruby>知<rt>し</rt></ruby>らせてください。","내일 참가할 수 있는지 아닌지 오늘 밤까지 알려 주세요.","의문사가 있으면 보통 ～か만 쓴다."
"N4-120","N4","～と<ruby>思<rt>おも</rt></ruby>う","보통형 + ～と思う","~라고 생각하다. 화자의 의견·판단을 나타낸다.","この<ruby>案<rt>あん</rt></ruby>のほうが、みんなにわかりやすいと<ruby>思<rt>おも</rt></ruby>います。","이 안이 모두에게 더 알기 쉽다고 생각합니다.","<ruby>彼<rt>かれ</rt></ruby>はまだその<ruby>話<rt>はなし</rt></ruby>を<ruby>知<rt>し</rt></ruby>らないと<ruby>思<rt>おも</rt></ruby>う。","그는 아직 그 이야기를 모른다고 생각한다.","의지형+と思う는 ‘~하려고 생각하다’로 뜻이 다르다."
"N4-121","N4","～んです","보통형 / な형용사 + な / 명사 + な + ～んです","~인 거예요. 사정·배경을 회화적으로 설명한다.","すみません、きょうは<ruby>少<rt>すこ</rt></ruby>し<ruby>熱<rt>ねつ</rt></ruby>があるんです。","죄송합니다, 오늘은 조금 열이 있는 거예요.","<ruby>実<rt>じつ</rt></ruby>は、<ruby>来月<rt>らいげつ</rt></ruby><ruby>転職<rt>てんしょく</rt></ruby>するんです。","사실은 다음 달에 이직하는 거예요.","～のです보다 구어적이고 부드럽다."
"N4-122","N4","～のです","보통형 / な형용사 + な / 명사 + な + ～のです","~인 것입니다. 사정·배경을 조금 더 격식 있게 설명한다.","この<ruby>記号<rt>きごう</rt></ruby>は、<ruby>注意<rt>ちゅうい</rt></ruby>が<ruby>必要<rt>ひつよう</rt></ruby>だという<ruby>意味<rt>いみ</rt></ruby>なのです。","이 기호는 주의가 필요하다는 의미인 것입니다.","わたしたちが<ruby>急<rt>いそ</rt></ruby>いでいるのは、<ruby>最終<rt>さいしゅう</rt></ruby><ruby>電車<rt>でんしゃ</rt></ruby>が<ruby>近<rt>ちか</rt></ruby>いからなのです。","우리가 서두르는 것은 막차 시간이 가까워서인 것입니다.","～んです보다 문어적·설명문체 느낌이 강하다."
"N4-123","N4","～さ","い형용사 어간 / な형용사 어간 + ～さ","~함, ~의 정도. 형용사를 성질·정도로 명사화한다.","この<ruby>橋<rt>はし</rt></ruby>の<ruby>長<rt>なが</rt></ruby>さを<ruby>測<rt>はか</rt></ruby>ってみましょう。","이 다리의 길이를 재 봅시다.","このアプリの<ruby>便利<rt>べんり</rt></ruby>さに、みんなが<ruby>驚<rt>おどろ</rt></ruby>いた。","이 앱의 편리함에 모두가 놀랐다.","～こと은 동작 명사화, ～さ는 성질·정도 명사화다."
"N4-124","N4","～<ruby>風<rt>ふう</rt></ruby>","명사 + ～風 / こんな・そんな・あんな + ～風に","~식, ~처럼. 스타일·방식을 나타낸다.","この<ruby>店<rt>みせ</rt></ruby>では<ruby>韓国<rt>かんこく</rt></ruby><ruby>風<rt>ふう</rt></ruby>のスープも<ruby>人気<rt>にんき</rt></ruby>です。","이 가게에서는 한국식 수프도 인기입니다.","そんな<ruby>風<rt>ふう</rt></ruby>に<ruby>急<rt>せ</rt></ruby>かさないでください。","그런 식으로 재촉하지 말아 주세요.","～のように는 비유, ～風는 스타일·방식에 더 가깝다."
"N4-125","N4","～が<ruby>必要<rt>ひつよう</rt></ruby>","명사 + が必要だ","~이 필요하다. 어떤 대상이 필요함을 직접 말한다.","この<ruby>仕事<rt>しごと</rt></ruby>には<ruby>十分<rt>じゅうぶん</rt></ruby>な<ruby>経験<rt>けいけん</rt></ruby>が<ruby>必要<rt>ひつよう</rt></ruby>です。","이 일에는 충분한 경험이 필요합니다.","<ruby>海外<rt>かいがい</rt></ruby><ruby>旅行<rt>りょこう</rt></ruby>にはパスポートが<ruby>必要<rt>ひつよう</rt></ruby>だ。","해외여행에는 여권이 필요하다.","동작 전체의 필요는 ～必要がある로 표현한다."
"N4-126","N4","～<ruby>必要<rt>ひつよう</rt></ruby>がある","동사 기본형 + 必要がある","~할 필요가 있다. 어떤 행동의 필요성을 말한다.","このデータはもう<ruby>一度<rt>いちど</rt></ruby><ruby>確認<rt>かくにん</rt></ruby>する<ruby>必要<rt>ひつよう</rt></ruby>があります。","이 데이터는 다시 한 번 확인할 필요가 있습니다.","<ruby>今夜<rt>こんや</rt></ruby>じゅうに<ruby>連絡<rt>れんらく</rt></ruby>する<ruby>必要<rt>ひつよう</rt></ruby>はありません。","오늘 밤 안에 연락할 필요는 없습니다.","명사 대상은 ～が必要, 행동은 ～必要がある가 자연스럽다."
"N4-127","N4","～に<ruby>気<rt>き</rt></ruby>がつく","명사 + に / 보통형 + ことに + 気がつく","~을 알아차리다, ~임을 깨닫다.","<ruby>会議<rt>かいぎ</rt></ruby>が<ruby>始<rt>はじ</rt></ruby>まってから、<ruby>資料<rt>しりょう</rt></ruby>の<ruby>間違<rt>まちが</rt></ruby>いに<ruby>気<rt>き</rt></ruby>がついた。","회의가 시작된 뒤에 자료의 실수를 알아차렸다.","かぎを<ruby>家<rt>いえ</rt></ruby>に<ruby>忘<rt>わす</rt></ruby>れたことに<ruby>気<rt>き</rt></ruby>がついて、あわてて<ruby>戻<rt>もど</rt></ruby>った。","열쇠를 집에 두고 온 것을 깨닫고 황급히 돌아갔다.","見つける보다 ‘뒤늦게 깨닫다’의 느낌이 강하다."
"N4-128","N4","～なさい","동사 ます형 + ～なさい","~하세요, ~하렴. 아랫사람에게 하는 완곡한 지시다.","もう<ruby>遅<rt>おそ</rt></ruby>いから、<ruby>早<rt>はや</rt></ruby>く<ruby>寝<rt>ね</rt></ruby>なさい。","이제 늦었으니 빨리 자렴.","<ruby>名前<rt>なまえ</rt></ruby>をよく<ruby>見<rt>み</rt></ruby>て<ruby>書<rt>か</rt></ruby>きなさい。","이름을 잘 보고 쓰세요.","～てください보다 지시 느낌이 더 강하고 윗사람에게는 쓰지 않는다."
"N4-129","N4","～させてください","동사 사역형 + ～てください","~하게 해 주세요. 자기 행동에 대한 허락을 정중하게 구한다.","この<ruby>件<rt>けん</rt></ruby>について、まず<ruby>私<rt>わたし</rt></ruby>に<ruby>説明<rt>せつめい</rt></ruby>させてください。","이 건에 대해서 먼저 저에게 설명하게 해 주세요.","もう<ruby>少<rt>すこ</rt></ruby>しだけ<ruby>考<rt>かんが</rt></ruby>えさせてください。","조금만 더 생각하게 해 주세요.","～てください는 상대 행동 부탁, ～させてください는 내 행동 허락 요청이다."
"N4-130","N4","～なくてはいけない","동사 ない형 + ～なくてはいけない","~해야 한다. 기본적인 의무를 비교적 중립적으로 말한다.","<ruby>明日<rt>あした</rt></ruby>までにこの<ruby>書類<rt>しょるい</rt></ruby>を<ruby>出<rt>だ</rt></ruby>さなくてはいけません。","내일까지 이 서류를 내야 합니다.","<ruby>旅行<rt>りょこう</rt></ruby>の<ruby>前<rt>まえ</rt></ruby>にホテルを<ruby>予約<rt>よやく</rt></ruby>しなくてはいけない。","여행 전에 호텔을 예약해야 한다.","～なくちゃ / ～なきゃ보다 격식 있고, ～なければならない보다는 조금 덜 딱딱하다."
"N4-131","N4","～なくてはならない","동사 ない형 + ～なくてはならない","~해야 한다. 의무를 더 딱딱하고 격식 있게 말한다.","この<ruby>規則<rt>きそく</rt></ruby>は<ruby>全員<rt>ぜんいん</rt></ruby>が<ruby>守<rt>まも</rt></ruby>らなくてはならない。","이 규칙은 전원이 지켜야 한다.","<ruby>申込者<rt>もうしこみしゃ</rt></ruby>は<ruby>本人<rt>ほんにん</rt></ruby>が<ruby>説明<rt>せつめい</rt></ruby>を<ruby>聞<rt>き</rt></ruby>かなくてはなりません。","신청자는 본인이 설명을 들어야 합니다.","～なくてはいけない보다 더 격식 있고 문어적이다."
"N4-132","N4","～なくちゃ","동사 ない형 + ～なくちゃ","~해야 해. なくては의 구어 축약형이다.","もう<ruby>家<rt>いえ</rt></ruby>を<ruby>出<rt>で</rt></ruby>なくちゃ、バスに<ruby>間<rt>ま</rt></ruby>に<ruby>合<rt>あ</rt></ruby>わないよ。","이제 집을 나가야 해, 버스를 놓치겠어.","この<ruby>薬<rt>くすり</rt></ruby>、<ruby>食後<rt>しょくご</rt></ruby>に<ruby>飲<rt>の</rt></ruby>まなくちゃ。","이 약, 식후에 먹어야 해.","～なくてはいけない의 회화형이고, ～なきゃ보다 약간 덜 축약된 느낌이다."
"N4-133","N4","～なきゃ","동사 ない형 + ～なきゃ","~해야 해. 매우 자주 쓰는 구어 축약형이다.","そろそろ<ruby>寝<rt>ね</rt></ruby>なきゃ、<ruby>明日<rt>あした</rt></ruby><ruby>起<rt>お</rt></ruby>きられない。","슬슬 자야 해, 내일 못 일어나겠어.","<ruby>急<rt>いそ</rt></ruby>がなきゃ<ruby>電車<rt>でんしゃ</rt></ruby>が<ruby>出<rt>で</rt></ruby>ちゃう。","서둘러야 해, 전철이 떠나 버리겠어.","～なくちゃ보다 더 짧고 가벼운 회화형이다."
"N4-134","N4","～なければならない","동사 ない형 + ～なければならない","~해야 한다. 정식적이고 격식 있는 의무 표현이다.","この<ruby>仕事<rt>しごと</rt></ruby>は<ruby>今日中<rt>きょうじゅう</rt></ruby>に<ruby>終<rt>お</rt></ruby>えなければなりません。","이 일은 오늘 중에 끝내야 합니다.","<ruby>社会人<rt>しゃかいじん</rt></ruby>は<ruby>時間<rt>じかん</rt></ruby>を<ruby>守<rt>まも</rt></ruby>らなければならない。","사회인은 시간을 지켜야 한다.","의무 표현 중 가장 정식적인 축에 속한다."
"N4-135","N4","～なければいけない","동사 ない형 + ～なければいけない","~해야 한다. 의미는 같지만 ならない보다 조금 덜 딱딱하다.","<ruby>会議<rt>かいぎ</rt></ruby>の<ruby>前<rt>まえ</rt></ruby>に<ruby>資料<rt>しりょう</rt></ruby>を<ruby>読<rt>よ</rt></ruby>まなければいけません。","회의 전에 자료를 읽어야 합니다.","もっと<ruby>野菜<rt>やさい</rt></ruby>を<ruby>食<rt>た</rt></ruby>べなければいけないと<ruby>思<rt>おも</rt></ruby>う。","좀 더 채소를 먹어야 한다고 생각한다.","～なければならない보다 약간 부드럽다."
"N4-136","N4","～てごらん（なさい）","동사 て형 + ～てごらん（なさい）","~해 보렴, ~해 보세요. 상대에게 시도해 보라고 권한다.","このスープ、<ruby>一口<rt>ひとくち</rt></ruby><ruby>飲<rt>の</rt></ruby>んでごらん。","이 수프, 한입 마셔 보렴.","わからなかったら、もう<ruby>一度<rt>いちど</rt></ruby>やってごらんなさい。","모르겠으면 한 번 더 해 보렴.","～てみる가 자기 시도라면, ～てごらん은 상대에게 권하는 말이다."
"N4-137","N4","～お～になる","お + 동사 ます형 어간 + ～になる","~하시다. 화자보다 높은 사람의 행동을 높여 말한다.","<ruby>部長<rt>ぶちょう</rt></ruby>はもうお<ruby>帰<rt>かえ</rt></ruby>りになりました。","부장님은 이미 돌아가셨습니다.","こちらでお<ruby>待<rt>ま</rt></ruby>ちになりますか。","이쪽에서 기다리시겠습니까?","자기 행동에는 쓰지 않고, 상대를 높일 때 쓴다."
"N4-138","N4","～ご～になる","ご + 한자어 명사 + ～になる","~하시다. 한자어 중심 표현을 높여 말하는 존경형이다.","こちらのサービスをご<ruby>利用<rt>りよう</rt></ruby>になりますか。","이 서비스를 이용하시겠습니까?","お<ruby>客様<rt>きゃくさま</rt></ruby>は<ruby>何時<rt>なんじ</rt></ruby>ごろご<ruby>到着<rt>とうちゃく</rt></ruby>になりますか。","손님은 몇 시쯤 도착하십니까?","～お～になる와 뜻은 같고, 주로 한자어 명사에 붙는다."
"N4-139","N4","～いたす","する → ～いたす","하다의 겸양 표현이다. 자기 쪽 행동을 낮춘다.","この<ruby>件<rt>けん</rt></ruby>は<ruby>私<rt>わたし</rt></ruby>がいたします。","이 건은 제가 하겠습니다.","のちほどこちらからご<ruby>連絡<rt>れんらく</rt></ruby>いたします。","나중에 이쪽에서 연락드리겠습니다.","～する의 겸양형으로, 상대를 높이는 ～なさる와 반대 방향이다."
"N4-140","N4","～お～する","お + 동사 ます형 어간 + ～する","~해 드리다. 자기 행동을 낮추어 공손하게 말한다.","お<ruby>荷物<rt>にもつ</rt></ruby>をお<ruby>持<rt>も</rt></ruby>ちします。","짐을 들어 드리겠습니다.","こちらでお<ruby>調<rt>しら</rt></ruby>べしますので、<ruby>少々<rt>しょうしょう</rt></ruby>お<ruby>待<rt>ま</rt></ruby>ちください。","이쪽에서 알아보겠으니 잠시 기다려 주세요.","～お～になる는 존경, ～お～する는 겸양이다."
"N4-141","N4","～ご～する","ご + 한자어 명사 + ～する","~해 드리다. 한자어 명사를 써서 겸양 표현을 만든다.","ご<ruby>案内<rt>あんない</rt></ruby>しますので、こちらへどうぞ。","안내해 드리겠으니 이쪽으로 오세요.","あとでご<ruby>説明<rt>せつめい</rt></ruby>します。","나중에 설명드리겠습니다.","～お～する와 뜻은 같고, 한자어 명사에 잘 붙는다."
"N4-142","N4","～いらっしゃる","行く / 来る / いる → ～いらっしゃる","가다·오다·있다의 존경 표현이다.","<ruby>社長<rt>しゃちょう</rt></ruby>はもう<ruby>会議室<rt>かいぎしつ</rt></ruby>にいらっしゃいます。","사장님은 이미 회의실에 계십니다.","あしたは<ruby>何時<rt>なんじ</rt></ruby>ごろこちらへいらっしゃいますか。","내일은 몇 시쯤 이쪽에 오십니까?","세 동사의 존경형이 모두 같아서 문맥으로 뜻을 구분한다."
"N4-143","N4","～なさる","する → ～なさる","하시다. する의 존경 표현이다.","<ruby>休<rt>やす</rt></ruby>みの<ruby>日<rt>ひ</rt></ruby>は<ruby>何<rt>なに</rt></ruby>をなさいますか。","쉬는 날에는 무엇을 하십니까?","どうぞごゆっくりなさってください。","부디 편히 계세요.","～いたす는 겸양, ～なさる는 존경 표현이다."
"N4-144","N4","～お～ください","お + 동사 ます형 어간 + ～ください","~해 주세요. 공손한 의뢰 표현이다.","こちらで<ruby>少々<rt>しょうしょう</rt></ruby>お<ruby>待<rt>ま</rt></ruby>ちください。","여기서 잠시 기다려 주세요.","お<ruby>名前<rt>なまえ</rt></ruby>をお<ruby>書<rt>か</rt></ruby>きください。","성함을 적어 주세요.","～てください보다 더 격식 있고 정중하다."
"N4-145","N4","～ご～ください","ご + 한자어 명사 + ～ください","~해 주세요. 한자어 중심의 공손한 요청 표현이다.","ご<ruby>安心<rt>あんしん</rt></ruby>ください。","안심해 주세요.","ご<ruby>記入<rt>きにゅう</rt></ruby>のうえ、<ruby>受付<rt>うけつけ</rt></ruby>にお<ruby>出<rt>だ</rt></ruby>しください。","기입하신 뒤 접수처에 제출해 주세요.","～お～ください와 뜻은 같고, 한자어 명사에 주로 붙는다."
"N4-146","N4","～かい","보통형 + ～かい","~니, ~냐. 친근하고 비격식적인 의문 종결이다.","<ruby>元気<rt>げんき</rt></ruby>かい。","잘 지내니?","このケーキ、おいしいかい。","이 케이크 맛있니?","N5의 ～か보다 훨씬 친근하고 비격식적이다."
"N4-147","N4","～かな","보통형 + ～かな","~일까. 혼잣말처럼 가볍게 생각하거나 망설인다.","あしたは<ruby>雨<rt>あめ</rt></ruby>が<ruby>降<rt>ふ</rt></ruby>るかな。","내일은 비가 올까.","どの<ruby>道<rt>みち</rt></ruby>を<ruby>通<rt>とお</rt></ruby>ろうかな。","어느 길로 갈까.","～かしら보다 중립적이고 남녀 모두 널리 쓴다."
"N4-148","N4","～かしら","보통형 + ～かしら","~일까. 자문·의심을 부드럽게 나타낸다.","この<ruby>電車<rt>でんしゃ</rt></ruby>で<ruby>間<rt>ま</rt></ruby>に<ruby>合<rt>あ</rt></ruby>うかしら。","이 전철로 시간에 맞을까.","あの<ruby>店<rt>みせ</rt></ruby>、まだ<ruby>開<rt>あ</rt></ruby>いているかしら。","저 가게, 아직 열려 있을까.","～かな와 비슷하지만 더 부드럽고 전통적으로 여성적인 느낌이 있다."
"N4-149","N4","～なあ","보통형 + ～なあ","~구나, ~네. 감탄이나 독백을 나타낸다.","きょうはいい<ruby>天気<rt>てんき</rt></ruby>だなあ。","오늘은 좋은 날씨구나.","<ruby>早<rt>はや</rt></ruby>く<ruby>夏休<rt>なつやす</rt></ruby>みにならないかなあ。","빨리 여름방학이 안 오려나.","N5의 ～ね처럼 상대 확인보다 자기 감정의 독백에 가깝다."
"N4-150","N4","～じゃないか","보통형 + ～じゃないか","~잖아, ~이지 않은가. 확인·비난·놀라움을 강하게 드러낸다.","これ、なかなかいいじゃないか。","이거 꽤 좋잖아.","<ruby>約束<rt>やくそく</rt></ruby>したじゃないか。","약속했잖아.","～よね보다 더 강한 확인이나 놀라움이 실린다."
"N4-151","N4","～そんなに","문장 안에서","그렇게까지, 그 정도로. 주로 부정과 함께 강도를 낮춘다.","この<ruby>問題<rt>もんだい</rt></ruby>はそんなに<ruby>難<rt>むずか</rt></ruby>しくないです。","이 문제는 그렇게까지 어렵지 않습니다.","そんなに<ruby>急<rt>いそ</rt></ruby>がなくてもだいじょうぶだよ。","그렇게까지 서두르지 않아도 괜찮아.","N5의 ～あまり～ない보다 ‘그렇게까지는 아니다’의 느낌이 더 강하다."
"N4-152","N4","～だんだん","문장 안에서","점점. 변화가 서서히 진행됨을 나타낸다.","だんだん<ruby>空<rt>そら</rt></ruby>が<ruby>明<rt>あか</rt></ruby>るくなってきた。","점점 하늘이 밝아져 왔다.","このごろ、だんだん<ruby>漢字<rt>かんじ</rt></ruby>が<ruby>読<rt>よ</rt></ruby>めるようになってきました。","요즘 점점 한자를 읽을 수 있게 되어 왔습니다.","～ようになる가 변화 결과라면, ～だんだん은 변화의 진행을 드러낸다."
"N4-153","N4","～ほとんど","문장 안에서","거의. 거의 전부이거나 거의 ~않음을 나타낸다.","<ruby>宿題<rt>しゅくだい</rt></ruby>はほとんど<ruby>終<rt>お</rt></ruby>わりました。","숙제는 거의 끝났습니다.","きょうはほとんど<ruby>何<rt>なに</rt></ruby>も<ruby>食<rt>た</rt></ruby>べていません。","오늘은 거의 아무것도 먹지 않았습니다.","～だいたい보다 비율이나 정도가 더 높고 구체적이다."
"N4-154","N4","～だいたい","문장 안에서","대체로, 대강. 정확하지 않은 대략의 정도를 말한다.","<ruby>説明<rt>せつめい</rt></ruby>はだいたいわかりました。","설명은 대체로 이해했습니다.","<ruby>毎朝<rt>まいあさ</rt></ruby>だいたい<ruby>六時<rt>ろくじ</rt></ruby>に<ruby>起<rt>お</rt></ruby>きます。","매일 아침 대략 6시에 일어납니다.","～ほとんど가 ‘거의’라면, ～だいたい는 ‘대강’에 가깝다."
"N4-155","N4","～まず","문장 앞에서","우선, 먼저. 순서상 첫 단계임을 나타낸다.","まず<ruby>資料<rt>しりょう</rt></ruby>の<ruby>数<rt>かず</rt></ruby>を<ruby>確認<rt>かくにん</rt></ruby>してから、<ruby>会議<rt>かいぎ</rt></ruby>を<ruby>始<rt>はじ</rt></ruby>めましょう。","우선 자료 수를 확인한 뒤 회의를 시작합시다.","この<ruby>問題<rt>もんだい</rt></ruby>は、まず<ruby>先生<rt>せんせい</rt></ruby>に<ruby>相談<rt>そうだん</rt></ruby>したほうがいい。","이 문제는 우선 선생님과 상담하는 편이 좋다.","～また는 추가·반복, ～まず는 첫 순서를 나타낸다."
"N4-156","N4","～また","문장 앞에서 / 문장 안에서","또, 다시. 반복이나 추가를 나타낸다.","<ruby>来月<rt>らいげつ</rt></ruby>またこの<ruby>町<rt>まち</rt></ruby>へ<ruby>来<rt>き</rt></ruby>ます。","다음 달에 또 이 마을에 옵니다.","この<ruby>本<rt>ほん</rt></ruby>はおもしろい。また、<ruby>説明<rt>せつめい</rt></ruby>もわかりやすい。","이 책은 재미있다. 또 설명도 알기 쉽다.","～または는 선택, ～また는 반복·추가이다."
"N4-157","N4","～または","명사 / 절 + ～または + 명사 / 절","또는. 둘 이상의 선택지를 잇는다.","ご<ruby>連絡<rt>れんらく</rt></ruby>はメールまたはチャットでお<ruby>願<rt>ねが</rt></ruby>いします。","연락은 메일 또는 채팅으로 부탁드립니다.","<ruby>身分証明書<rt>みぶんしょうめいしょ</rt></ruby>は<ruby>学生証<rt>がくせいしょう</rt></ruby>または<ruby>保険証<rt>ほけんしょう</rt></ruby>をお<ruby>持<rt>も</rt></ruby>ちください。","신분증은 학생증 또는 보험증을 가져와 주세요.","～また는 ‘또’, ～または는 ‘또는’이다."
"N4-158","N4","～なるべく","문장 안에서","되도록, 가능한 한. 가능 범위 안의 노력을 나타낸다.","なるべく<ruby>毎日<rt>まいにち</rt></ruby><ruby>日本語<rt>にほんご</rt></ruby>を<ruby>使<rt>つか</rt></ruby>うようにしています。","되도록 매일 일본어를 사용하려고 하고 있습니다.","<ruby>返事<rt>へんじ</rt></ruby>はなるべく<ruby>今日中<rt>きょうじゅう</rt></ruby>にします。","답장은 되도록 오늘 안에 하겠습니다.","～できるだけ와 비슷하지만 회화에서는 ～なるべく도 매우 자주 쓴다."
"N4-159","N4","～やっと","문장 안에서","겨우, 마침내. 오랜 시간이나 노력 끝에 이루어짐을 나타낸다.","やっと<ruby>探<rt>さが</rt></ruby>していた<ruby>本<rt>ほん</rt></ruby>が<ruby>見<rt>み</rt></ruby>つかった。","겨우 찾고 있던 책을 발견했다.","<ruby>雨<rt>あめ</rt></ruby>が<ruby>止<rt>や</rt></ruby>んで、やっと<ruby>外<rt>そと</rt></ruby>へ<ruby>出<rt>で</rt></ruby>られた。","비가 그쳐서 겨우 밖에 나갈 수 있었다.","～とうとう는 결과에 초점, ～やっと는 어렵게 이룬 느낌이 강하다."
"N4-160","N4","～きっと","문장 안에서","반드시, 틀림없이. 강한 확신을 나타낸다.","こんなに<ruby>練習<rt>れんしゅう</rt></ruby>したのだから、きっと<ruby>大丈夫<rt>だいじょうぶ</rt></ruby>だ。","이렇게 연습했으니 틀림없이 괜찮다.","<ruby>彼<rt>かれ</rt></ruby>ならきっと<ruby>約束<rt>やくそく</rt></ruby>を<ruby>守<rt>まも</rt></ruby>ると<ruby>思<rt>おも</rt></ruby>う。","그라면 반드시 약속을 지킬 거라고 생각한다.","～たぶん보다 확신이 더 강하다."
"N4-161","N4","～<ruby>急<rt>きゅう</rt></ruby>に","문장 안에서","갑자기. 예상치 못한 급변을 나타낸다.","<ruby>急<rt>きゅう</rt></ruby>に<ruby>風<rt>かぜ</rt></ruby>が<ruby>強<rt>つよ</rt></ruby>くなってきた。","갑자기 바람이 강해지기 시작했다.","<ruby>急<rt>きゅう</rt></ruby>に<ruby>予定<rt>よてい</rt></ruby>が<ruby>変<rt>か</rt></ruby>わって、あわてて<ruby>準備<rt>じゅんび</rt></ruby>した。","갑자기 일정이 바뀌어 서둘러 준비했다.","～だんだん은 서서히, ～急に는 돌발적 변화이다."
"N3-001","N3","～について","명사 + ～について","~에 대해. 어떤 주제나 대상을 말한다.","この<ruby>記事<rt>きじ</rt></ruby>は<ruby>地方<rt>ちほう</rt></ruby>の<ruby>交通<rt>こうつう</rt></ruby><ruby>問題<rt>もんだい</rt></ruby>について<ruby>書<rt>か</rt></ruby>かれている。","이 기사는 지방의 교통 문제에 대해 쓰여 있다.","その<ruby>件<rt>けん</rt></ruby>については、あとでくわしくご<ruby>説明<rt>せつめい</rt></ruby>します。","그 건에 대해서는 나중에 자세히 설명드리겠습니다.","～にとって는 관점, ～について는 주제 제시이다."
"N3-002","N3","～についての","명사 + ～についての + 명사","~에 대한. 뒤의 명사를 꾸며 준다.","<ruby>環境<rt>かんきょう</rt></ruby>についての<ruby>本<rt>ほん</rt></ruby>を<ruby>図書館<rt>としょかん</rt></ruby>で<ruby>借<rt>か</rt></ruby>りた。","환경에 대한 책을 도서관에서 빌렸다.","これは<ruby>就職<rt>しゅうしょく</rt></ruby><ruby>活動<rt>かつどう</rt></ruby>についての<ruby>案内<rt>あんない</rt></ruby>です。","이것은 취업 활동에 대한 안내입니다.","～について가 문장 성분이라면, ～についての는 명사 수식형이다."
"N3-003","N3","～にとって","명사 + ～にとって","~에게 있어서. 어떤 입장에서 평가한다.","この<ruby>経験<rt>けいけん</rt></ruby>は<ruby>新人<rt>しんじん</rt></ruby>にとって<ruby>大<rt>おお</rt></ruby>きな<ruby>自信<rt>じしん</rt></ruby>になる。","이 경험은 신입에게 있어서 큰 자신감이 된다.","<ruby>海外<rt>かいがい</rt></ruby>で<ruby>暮<rt>く</rt></ruby>らすことは、<ruby>私<rt>わたし</rt></ruby>にとって<ruby>夢<rt>ゆめ</rt></ruby>でした。","해외에서 사는 것은 나에게 있어서 꿈이었다.","～について는 화제, ～にとって는 평가의 관점이다."
"N3-004","N3","～に<ruby>対<rt>たい</rt></ruby>して","명사 + ～に対して","~에 대해, ~에게. 대상에 향하는 태도·행동 또는 대비를 나타낸다.","お<ruby>客様<rt>きゃくさま</rt></ruby>に<ruby>対<rt>たい</rt></ruby>して<ruby>失礼<rt>しつれい</rt></ruby>な<ruby>言葉<rt>ことば</rt></ruby>を<ruby>使<rt>つか</rt></ruby>ってはいけない。","손님에게 실례되는 말을 써서는 안 된다.","<ruby>去年<rt>きょねん</rt></ruby>に<ruby>対<rt>たい</rt></ruby>して、<ruby>今年<rt>ことし</rt></ruby>は<ruby>売上<rt>うりあげ</rt></ruby>がかなり<ruby>伸<rt>の</rt></ruby>びた。","작년에 비해 올해는 매출이 꽤 늘었다.","대상 향함도 되고 대조도 되지만, 단순 화제 제시는 ～について가 더 중립적이다."
"N3-005","N3","～に<ruby>対<rt>たい</rt></ruby>し","명사 + ～に対し","~에 대해, ~에 비해. ～に対して의 문어적 축약형이다.","この<ruby>案<rt>あん</rt></ruby>に<ruby>対<rt>たい</rt></ruby>し、<ruby>多<rt>おお</rt></ruby>くの<ruby>反対<rt>はんたい</rt></ruby><ruby>意見<rt>いけん</rt></ruby>が<ruby>出<rt>で</rt></ruby>た。","이 안에 대해 많은 반대 의견이 나왔다.","<ruby>都市部<rt>としぶ</rt></ruby>に<ruby>対<rt>たい</rt></ruby>し、<ruby>地方<rt>ちほう</rt></ruby>では<ruby>人口<rt>じんこう</rt></ruby>が<ruby>減<rt>へ</rt></ruby>っている。","도시부에 비해 지방에서는 인구가 줄고 있다.","～に対して보다 문어적이고 보고서 문장에 잘 어울린다."
"N3-006","N3","～に<ruby>対<rt>たい</rt></ruby>する","명사 + ～に対する + 명사","~에 대한. 대상을 향하는 태도·평가를 명사 수식으로 나타낸다.","その<ruby>会社<rt>かいしゃ</rt></ruby>に<ruby>対<rt>たい</rt></ruby>する<ruby>信頼<rt>しんらい</rt></ruby>はまだ<ruby>高<rt>たか</rt></ruby>い。","그 회사에 대한 신뢰는 아직 높다.","<ruby>外国人<rt>がいこくじん</rt></ruby>に<ruby>対<rt>たい</rt></ruby>する<ruby>支援<rt>しえん</rt></ruby>がもっと<ruby>必要<rt>ひつよう</rt></ruby>だ。","외국인에 대한 지원이 더 필요하다.","～に対して의 명사 수식형이다."
"N3-007","N3","～によって","명사 + ～によって","~에 의해, ~에 따라, ~을 통해. 원인·수단·차이·동작주를 나타낸다.","<ruby>国<rt>くに</rt></ruby>によって<ruby>働<rt>はたら</rt></ruby>き<ruby>方<rt>かた</rt></ruby>がかなり<ruby>違<rt>ちが</rt></ruby>う。","나라에 따라 일하는 방식이 꽤 다르다.","その<ruby>絵<rt>え</rt></ruby>は<ruby>有名<rt>ゆうめい</rt></ruby>な<ruby>画家<rt>がか</rt></ruby>によって<ruby>描<rt>えが</rt></ruby>かれた。","그 그림은 유명한 화가에 의해 그려졌다.","뜻이 여러 가지이므로 문맥으로 원인·수단·차이·동작주를 구별해야 한다."
"N3-008","N3","～により","명사 + ～により","~에 의해, ~에 따라. ～によって보다 문어적이다.","<ruby>大雨<rt>おおあめ</rt></ruby>により、<ruby>一部<rt>いちぶ</rt></ruby>の<ruby>列車<rt>れっしゃ</rt></ruby>が<ruby>運休<rt>うんきゅう</rt></ruby>になった。","큰비로 인해 일부 열차가 운휴가 되었다.","<ruby>年齢<rt>ねんれい</rt></ruby>により<ruby>料金<rt>りょうきん</rt></ruby>が<ruby>異<rt>こと</rt></ruby>なります。","연령에 따라 요금이 다릅니다.","～によって와 뜻은 비슷하지만 더 문어적이고 공지문에 자주 쓴다."
"N3-009","N3","～による","명사 + ～による + 명사","~에 의한, ~에 따른. 명사를 꾸민다.","<ruby>事故<rt>じこ</rt></ruby>による<ruby>渋滞<rt>じゅうたい</rt></ruby>で<ruby>到着<rt>とうちゃく</rt></ruby>が<ruby>遅<rt>おく</rt></ruby>れた。","사고로 인한 정체로 도착이 늦어졌다.","これは<ruby>専門家<rt>せんもんか</rt></ruby>による<ruby>分析<rt>ぶんせき</rt></ruby><ruby>結果<rt>けっか</rt></ruby>です。","이것은 전문가에 의한 분석 결과입니다.","～によって의 명사 수식형이다."
"N3-010","N3","～によると","명사 + ～によると","~에 따르면. 정보 출처를 밝힌다.","<ruby>天気<rt>てんき</rt></ruby><ruby>予報<rt>よほう</rt></ruby>によると、<ruby>週末<rt>しゅうまつ</rt></ruby>はかなり<ruby>暖<rt>あたた</rt></ruby>かくなるそうだ。","일기예보에 따르면 주말은 꽤 따뜻해진다고 한다.","<ruby>新聞<rt>しんぶん</rt></ruby>によると、その<ruby>制度<rt>せいど</rt></ruby>は<ruby>来年<rt>らいねん</rt></ruby><ruby>変<rt>か</rt></ruby>わるらしい。","신문에 따르면 그 제도는 내년에 바뀐다고 한다.","단순 전문의 ～そうだ보다 출처를 분명히 밝힌다."
"N3-011","N3","～によれば","명사 + ～によれば","~에 따르면. ～によると와 거의 같고 조금 더 문어적이다.","<ruby>調査<rt>ちょうさ</rt></ruby><ruby>結果<rt>けっか</rt></ruby>によれば、この<ruby>地域<rt>ちいき</rt></ruby>では<ruby>高齢化<rt>こうれいか</rt></ruby>が<ruby>進<rt>すす</rt></ruby>んでいる。","조사 결과에 따르면 이 지역에서는 고령화가 진행되고 있다.","<ruby>本人<rt>ほんにん</rt></ruby>の<ruby>説明<rt>せつめい</rt></ruby>によれば、その<ruby>日<rt>ひ</rt></ruby>はずっと<ruby>家<rt>いえ</rt></ruby>にいたそうだ。","본인 설명에 따르면 그날은 계속 집에 있었다고 한다.","～によると보다 약간 더 문어적이다."
"N3-012","N3","～にかけては","명사 + ～にかけては","~에 관해서는. 특히 그 분야에서 뛰어남을 말한다.","<ruby>記憶力<rt>きおくりょく</rt></ruby>にかけては、<ruby>彼女<rt>かのじょ</rt></ruby>にかなう<ruby>人<rt>ひと</rt></ruby>はいない。","기억력에 관해서는 그녀를 당할 사람이 없다.","この<ruby>店<rt>みせ</rt></ruby>は<ruby>魚<rt>さかな</rt></ruby><ruby>料理<rt>りょうり</rt></ruby>にかけてはかなり<ruby>評判<rt>ひょうばん</rt></ruby>がいい。","이 가게는 생선 요리에 관해서는 평판이 꽤 좋다.","～について보다 긍정적 평가·자신감이 강하다."
"N3-013","N3","～に<ruby>応<rt>おう</rt></ruby>じて","명사 + ～に応じて","~에 따라, ~에 응하여. 조건 변화에 맞춰 달라짐을 나타낸다.","<ruby>売上<rt>うりあげ</rt></ruby>に<ruby>応<rt>おう</rt></ruby>じて、ボーナスの<ruby>額<rt>がく</rt></ruby>が<ruby>変<rt>か</rt></ruby>わります。","매출에 따라 보너스 액수가 달라집니다.","お<ruby>客<rt>きゃく</rt></ruby>さまの<ruby>希望<rt>きぼう</rt></ruby>に<ruby>応<rt>おう</rt></ruby>じて、<ruby>内容<rt>ないよう</rt></ruby>を<ruby>調整<rt>ちょうせい</rt></ruby>できます。","고객의 희망에 따라 내용을 조정할 수 있습니다.","～に沿って는 기준을 따름, ～に応じて는 상황 변화에 대응함이다."
"N3-014","N3","～に<ruby>沿<rt>そ</rt></ruby>って","명사 + ～に沿って","~에 따라, ~을 따라. 정해진 기준이나 방향을 벗어나지 않음을 나타낸다.","<ruby>計画<rt>けいかく</rt></ruby>に<ruby>沿<rt>そ</rt></ruby>って、<ruby>順番<rt>じゅんばん</rt></ruby>に<ruby>作業<rt>さぎょう</rt></ruby>を<ruby>進<rt>すす</rt></ruby>めた。","계획에 따라 순서대로 작업을 진행했다.","<ruby>川<rt>かわ</rt></ruby>に<ruby>沿<rt>そ</rt></ruby>って<ruby>歩<rt>ある</rt></ruby>くと、<ruby>古<rt>ふる</rt></ruby>い<ruby>橋<rt>はし</rt></ruby>が<ruby>見<rt>み</rt></ruby>えてくる。","강을 따라 걸으면 오래된 다리가 보이기 시작한다.","～に応じて가 대응이면, ～に沿って는 기준선을 따름이다."
"N3-015","N3","～に<ruby>沿<rt>そ</rt></ruby>い","명사 + ～に沿い","~에 따라. ～に沿って의 문어적 표현이다.","<ruby>規則<rt>きそく</rt></ruby>に<ruby>沿<rt>そ</rt></ruby>い、<ruby>必要<rt>ひつよう</rt></ruby>な<ruby>手続<rt>てつづ</rt></ruby>きを<ruby>行<rt>おこな</rt></ruby>ってください。","규칙에 따라 필요한 절차를 진행해 주세요.","<ruby>契約<rt>けいやく</rt></ruby><ruby>内容<rt>ないよう</rt></ruby>に<ruby>沿<rt>そ</rt></ruby>い、<ruby>支払<rt>しはら</rt></ruby>いを<ruby>進<rt>すす</rt></ruby>めます。","계약 내용에 따라 지불을 진행하겠습니다.","～に沿って보다 문어적이고 공문서에 더 어울린다."
"N3-016","N3","～に<ruby>合<rt>あ</rt></ruby>わせて","명사 + ～に合わせて","~에 맞추어. 대상이나 상황에 능동적으로 조정한다.","<ruby>季節<rt>きせつ</rt></ruby>に<ruby>合<rt>あ</rt></ruby>わせて、<ruby>店内<rt>てんない</rt></ruby>の<ruby>飾<rt>かざ</rt></ruby>りを<ruby>変<rt>か</rt></ruby>えている。","계절에 맞추어 매장 장식을 바꾸고 있다.","<ruby>子<rt>こ</rt></ruby>どもの<ruby>理解<rt>りかい</rt></ruby>に<ruby>合<rt>あ</rt></ruby>わせて、ことばを<ruby>選<rt>えら</rt></ruby>んで<ruby>話<rt>はな</rt></ruby>した。","아이의 이해 수준에 맞추어 말을 골라 이야기했다.","～に応じて보다 화자의 의도적 조정 느낌이 더 강하다."
"N3-017","N3","～に<ruby>合<rt>あ</rt></ruby>った","명사 + ～に合った + 명사","~에 맞는. 이미 적합한 상태를 나타낸다.","この<ruby>色<rt>いろ</rt></ruby>はその<ruby>部屋<rt>へや</rt></ruby>に<ruby>合<rt>あ</rt></ruby>った<ruby>雰囲気<rt>ふんいき</rt></ruby>だ。","이 색은 그 방에 맞는 분위기다.","<ruby>自分<rt>じぶん</rt></ruby>に<ruby>合<rt>あ</rt></ruby>った<ruby>勉強法<rt>べんきょうほう</rt></ruby>を<ruby>見<rt>み</rt></ruby>つけることが<ruby>大切<rt>たいせつ</rt></ruby>だ。","자기에게 맞는 공부법을 찾는 것이 중요하다.","～に合わせて는 맞추는 행동, ～に合った는 맞는 상태이다."
"N3-018","N3","～を<ruby>中心<rt>ちゅうしん</rt></ruby>に","명사 + ～を中心に","~을 중심으로. 중심이 되는 대상을 중심축으로 삼아 전개한다.","このイベントは<ruby>若者<rt>わかもの</rt></ruby>を<ruby>中心<rt>ちゅうしん</rt></ruby>に<ruby>人気<rt>にんき</rt></ruby>が<ruby>広<rt>ひろ</rt></ruby>がった。","이 이벤트는 젊은 층을 중심으로 인기가 퍼졌다.","<ruby>駅前<rt>えきまえ</rt></ruby>を<ruby>中心<rt>ちゅうしん</rt></ruby>に<ruby>新<rt>あたら</rt></ruby>しい<ruby>店<rt>みせ</rt></ruby>が<ruby>増<rt>ふ</rt></ruby>えている。","역 앞을 중심으로 새 가게가 늘고 있다.","～について보다 중심축을 세워 주변을 묶는 느낌이 강하다."
"N3-019","N3","～をめぐって","명사 + ～をめぐって","~을 둘러싸고. 그 대상을 놓고 논쟁·갈등·움직임이 있다.","<ruby>再開発<rt>さいかいはつ</rt></ruby><ruby>計画<rt>けいかく</rt></ruby>をめぐって、<ruby>住民<rt>じゅうみん</rt></ruby>の<ruby>意見<rt>いけん</rt></ruby>が<ruby>分<rt>わ</rt></ruby>かれている。","재개발 계획을 둘러싸고 주민들의 의견이 갈리고 있다.","その<ruby>判定<rt>はんてい</rt></ruby>をめぐって、SNSで<ruby>大<rt>おお</rt></ruby>きな<ruby>議論<rt>ぎろん</rt></ruby>になった。","그 판정을 둘러싸고 SNS에서 큰 논쟁이 되었다.","～について보다 논란·대립의 뉘앙스가 강하다."
"N3-020","N3","～をめぐる","명사 + ～をめぐる + 명사","~을 둘러싼. 논쟁·갈등의 대상을 명사 앞에서 꾸민다.","<ruby>資源<rt>しげん</rt></ruby>をめぐる<ruby>国際<rt>こくさい</rt></ruby><ruby>競争<rt>きょうそう</rt></ruby>がますます<ruby>激<rt>はげ</rt></ruby>しくなっている。","자원을 둘러싼 국제 경쟁이 점점 치열해지고 있다.","その<ruby>発言<rt>はつげん</rt></ruby>をめぐる<ruby>批判<rt>ひはん</rt></ruby><ruby>記事<rt>きじ</rt></ruby>がいくつも<ruby>出<rt>で</rt></ruby>た。","그 발언을 둘러싼 비판 기사가 여러 개 나왔다.","～をめぐって의 명사 수식형이다."
"N3-021","N3","～を通して","명사 + ～を通して","~을 통해; ~을 통틀어. 매개체나 기간 전체를 나타낸다.","<ruby>地域<rt>ちいき</rt></ruby><ruby>活動<rt>かつどう</rt></ruby>を<ruby>通<rt>とお</rt></ruby>して、いろいろな<ruby>世代<rt>せだい</rt></ruby>の<ruby>人<rt>ひと</rt></ruby>と<ruby>知<rt>し</rt></ruby>り<ruby>合<rt>あ</rt></ruby>えた。","지역 활동을 통해 여러 세대의 사람들과 알게 되었다.","この<ruby>町<rt>まち</rt></ruby>は<ruby>一年<rt>いちねん</rt></ruby>を<ruby>通<rt>とお</rt></ruby>して<ruby>雨<rt>あめ</rt></ruby>が<ruby>少<rt>すく</rt></ruby>ない。","이 마을은 일 년 내내 비가 적다.","～を通じて와 거의 같고, ～を通じて가 약간 더 문어적이다."
"N3-022","N3","～を通じて","명사 + ～を通じて","~을 통해; ~을 통틀어. 매개나 기간 전체를 나타낸다.","インターン<ruby>経験<rt>けいけん</rt></ruby>を<ruby>通<rt>つう</rt></ruby>じて、<ruby>働<rt>はたら</rt></ruby>くことの<ruby>厳<rt>きび</rt></ruby>しさを<ruby>知<rt>し</rt></ruby>った。","인턴 경험을 통해 일하는 것의 엄격함을 알게 되었다.","その<ruby>地域<rt>ちいき</rt></ruby>では、<ruby>四季<rt>しき</rt></ruby>を<ruby>通<rt>つう</rt></ruby>じて<ruby>観光<rt>かんこう</rt></ruby><ruby>客<rt>きゃく</rt></ruby>が<ruby>訪<rt>おとず</rt></ruby>れる。","그 지역에는 사계절 내내 관광객이 찾아온다.","～を通して와 거의 같지만 조금 더 문어적이다."
"N3-023","N3","～のうち(で)","명사 + ～のうち(で)","~중에서. 일정 범위 안에서 선택·한정한다.","<ruby>応募者<rt>おうぼしゃ</rt></ruby>のうち、<ruby>最終<rt>さいしゅう</rt></ruby><ruby>面接<rt>めんせつ</rt></ruby>に<ruby>進<rt>すす</rt></ruby>めるのは<ruby>三人<rt>さんにん</rt></ruby>だけだ。","응모자 중에서 최종 면접에 갈 수 있는 것은 세 명뿐이다.","この<ruby>三<rt>みっ</rt></ruby>つの<ruby>案<rt>あん</rt></ruby>のうちで、どれがいちばん<ruby>現実的<rt>げんじつてき</rt></ruby>だと<ruby>思<rt>おも</rt></ruby>いますか。","이 세 가지 안 중에서 어느 것이 가장 현실적이라고 생각합니까?","최상급만이 아니라 범위·비율의 선택에도 쓴다."
"N3-024","N3","～向け","명사 + ～向け","~용, ~대상. 특정 대상층을 겨냥해 만든 느낌이다.","このアプリは<ruby>高齢者<rt>こうれいしゃ</rt></ruby><ruby>向<rt>む</rt></ruby>けに<ruby>文字<rt>もじ</rt></ruby>が<ruby>大<rt>おお</rt></ruby>きく<ruby>作<rt>つく</rt></ruby>られている。","이 앱은 고령자용으로 글자가 크게 만들어져 있다.","<ruby>海外<rt>かいがい</rt></ruby><ruby>市場<rt>しじょう</rt></ruby><ruby>向<rt>む</rt></ruby>けの<ruby>商品<rt>しょうひん</rt></ruby>を<ruby>新<rt>あら</rt></ruby>たに<ruby>開発<rt>かいはつ</rt></ruby>した。","해외 시장용 상품을 새로 개발했다.","～向き는 적합성, ～向け는 기획·제작 의도가 강하다."
"N3-025","N3","～向き","명사 + ～向き","~에 적합함. 결과적으로 잘 어울리거나 맞는다.","このコースは<ruby>初心者<rt>しょしんしゃ</rt></ruby><ruby>向<rt>む</rt></ruby>きで、<ruby>専門<rt>せんもん</rt></ruby><ruby>知識<rt>ちしき</rt></ruby>がなくても<ruby>参加<rt>さんか</rt></ruby>できる。","이 코스는 초보자에게 적합해서 전문 지식이 없어도 참가할 수 있다.","その<ruby>仕事<rt>しごと</rt></ruby>は<ruby>体力<rt>たいりょく</rt></ruby>のある<ruby>人<rt>ひと</rt></ruby><ruby>向<rt>む</rt></ruby>きだ。","그 일은 체력이 있는 사람에게 적합하다.","～向け는 대상층을 겨냥함, ～向き는 어울림·적합성이다."
"N3-026","N3","～当たり","수량사 + ～当たり","~당. 단위당 비율을 나타낸다.","この<ruby>会場<rt>かいじょう</rt></ruby>では<ruby>一人<rt>ひとり</rt></ruby><ruby>当<rt>あ</rt></ruby>たりの<ruby>利用<rt>りよう</rt></ruby><ruby>時間<rt>じかん</rt></ruby>が<ruby>決<rt>き</rt></ruby>められている。","이 행사장에서는 1인당 이용 시간이 정해져 있다.","この<ruby>会社<rt>かいしゃ</rt></ruby>の<ruby>社員<rt>しゃいん</rt></ruby><ruby>一人<rt>ひとり</rt></ruby><ruby>当<rt>あ</rt></ruby>たりの<ruby>売上<rt>うりあげ</rt></ruby>はかなり<ruby>高<rt>たか</rt></ruby>い。","이 회사의 직원 1인당 매출은 꽤 높다.","～に当たる는 해당함, ～当たり는 단위당 비율이다."
"N3-027","N3","～に当たる","명사 + ～に当たる","~에 해당하다. 어떤 범주·위치에 들어감을 나타낸다.","この<ruby>日<rt>ひ</rt></ruby>はこの<ruby>地域<rt>ちいき</rt></ruby>では<ruby>祝日<rt>しゅくじつ</rt></ruby>に<ruby>当<rt>あ</rt></ruby>たる。","이 날은 이 지역에서는 공휴일에 해당한다.","その<ruby>制度<rt>せいど</rt></ruby>では、18<ruby>歳<rt>さい</rt></ruby><ruby>以上<rt>いじょう</rt></ruby>が<ruby>成人<rt>せいじん</rt></ruby>に<ruby>当<rt>あ</rt></ruby>たる。","그 제도에서는 18세 이상이 성인에 해당한다.","～当たり는 비율, ～に当たる는 분류·해당이다."
"N3-028","N3","～反面","보통형 / 명사 + である + ～反面","~인 반면. 하나의 대상이 지닌 상반된 두 측면을 보인다.","この<ruby>町<rt>まち</rt></ruby>は<ruby>交通<rt>こうつう</rt></ruby>が<ruby>便利<rt>べんり</rt></ruby>な<ruby>反面<rt>はんめん</rt></ruby>、<ruby>物価<rt>ぶっか</rt></ruby>が<ruby>高<rt>たか</rt></ruby>い。","이 도시는 교통이 편리한 반면 물가가 비싸다.","<ruby>自由<rt>じゆう</rt></ruby>である<ruby>反面<rt>はんめん</rt></ruby>、<ruby>自己<rt>じこ</rt></ruby><ruby>責任<rt>せきにん</rt></ruby>も<ruby>大<rt>おお</rt></ruby>きい。","자유로운 반면 자기 책임도 크다.","～一方で보다 같은 대상의 양면성을 더 강하게 드러낸다."
"N3-029","N3","～半面","보통형 / 명사 + である + ～半面","~인 반면. ～反面과 같은 뜻의 표기이다.","この<ruby>方法<rt>ほうほう</rt></ruby>は<ruby>簡単<rt>かんたん</rt></ruby>な<ruby>半面<rt>はんめん</rt></ruby>、<ruby>細<rt>こま</rt></ruby>かい<ruby>調整<rt>ちょうせい</rt></ruby>がしにくい。","이 방법은 간단한 반면 세밀한 조정은 하기 어렵다.","<ruby>都心<rt>としん</rt></ruby>はにぎやかな<ruby>半面<rt>はんめん</rt></ruby>、<ruby>落<rt>お</rt></ruby>ち<ruby>着<rt>つ</rt></ruby>ける<ruby>場所<rt>ばしょ</rt></ruby>が<ruby>少<rt>すく</rt></ruby>ない。","도심은 번화한 반면 차분히 있을 곳이 적다.","뜻은 ～反面과 거의 같고 표기 차이만 있다."
"N3-030","N3","～一方で","보통형 / 명사 + である + ～一方で","한편으로는, 반면에. 두 상황을 나란히 대비한다.","<ruby>地方<rt>ちほう</rt></ruby>では<ruby>人口<rt>じんこう</rt></ruby>が<ruby>減<rt>へ</rt></ruby>る<ruby>一方<rt>いっぽう</rt></ruby>で、<ruby>都市部<rt>としぶ</rt></ruby>には<ruby>人<rt>ひと</rt></ruby>が<ruby>集<rt>あつ</rt></ruby>まっている。","지방에서는 인구가 줄어드는 한편 도시부에는 사람이 모이고 있다.","この<ruby>仕事<rt>しごと</rt></ruby>は<ruby>責任<rt>せきにん</rt></ruby>が<ruby>重<rt>おも</rt></ruby>い<ruby>一方<rt>いっぽう</rt></ruby>で、やりがいも<ruby>大<rt>おお</rt></ruby>きい。","이 일은 책임이 무거운 한편 보람도 크다.","～反面보다 주어가 달라도 자연스럽게 쓸 수 있다."
"N3-031","N3","～にしては","명사 / 보통형 + ～にしては","~치고는. 기준에 비해 의외의 결과임을 나타낸다.","このホテルは<ruby>駅前<rt>えきまえ</rt></ruby>にしては<ruby>静<rt>しず</rt></ruby>かだ。","이 호텔은 역 앞 치고는 조용하다.","まだ<ruby>習<rt>なら</rt></ruby>い<ruby>始<rt>はじ</rt></ruby>めたばかりにしては、かなり<ruby>自然<rt>しぜん</rt></ruby>に<ruby>話<rt>はな</rt></ruby>せている。","아직 막 배우기 시작한 것치고는 꽤 자연스럽게 말하고 있다.","～にしても는 가정적 양보, ～にしては는 실제 기준 대비 의외성이다."
"N3-032","N3","たとえ～ても","たとえ + 동사 て형 / い형용사 くて / な형용사 / 명사 + も","설령 ~해도. 극단적 가정을 내세운 강한 양보이다.","たとえ<ruby>失敗<rt>しっぱい</rt></ruby>しても、この<ruby>挑戦<rt>ちょうせん</rt></ruby>には<ruby>意味<rt>いみ</rt></ruby>があると<ruby>思<rt>おも</rt></ruby>う。","설령 실패하더라도 이 도전에는 의미가 있다고 생각한다.","たとえ<ruby>不便<rt>ふべん</rt></ruby>でも、<ruby>自然<rt>しぜん</rt></ruby>の<ruby>近<rt>ちか</rt></ruby>くで<ruby>暮<rt>く</rt></ruby>らしたい。","설령 불편하더라도 자연 가까이에서 살고 싶다.","～いくら～ても보다 ‘극단적 가정’ 자체를 더 강조한다."
"N3-033","N3","いくら～ても","いくら + 동사 て형 / い형용사 くて / な형용사 + でも","아무리 ~해도. 정도를 높여도 결과가 바뀌지 않음을 나타낸다.","いくら<ruby>謝<rt>あやま</rt></ruby>っても、<ruby>失<rt>うしな</rt></ruby>った<ruby>信頼<rt>しんらい</rt></ruby>はすぐには<ruby>戻<rt>もど</rt></ruby>らない。","아무리 사과해도 잃어버린 신뢰는 금방 돌아오지 않는다.","いくら<ruby>寒<rt>さむ</rt></ruby>くても、<ruby>朝<rt>あさ</rt></ruby>の<ruby>散歩<rt>さんぽ</rt></ruby>は<ruby>続<rt>つづ</rt></ruby>けるつもりだ。","아무리 추워도 아침 산책은 계속할 생각이다.","～たとえ～ても보다 ‘정도의 극대화’ 뉘앙스가 더 강하다."
"N3-034","N3","どんなに～ても","どんなに + 동사 て형 / い형용사 くて / な형용사 + でも","아무리 ~해도. 상태의 강도를 최대화해도 결과는 같다.","どんなに<ruby>急<rt>いそ</rt></ruby>いでも、ここからでは<ruby>終電<rt>しゅうでん</rt></ruby>に<ruby>間<rt>ま</rt></ruby>に<ruby>合<rt>あ</rt></ruby>わない。","아무리 서둘러도 여기서는 막차에 늦는다.","どんなに<ruby>好<rt>す</rt></ruby>きでも、<ruby>毎日<rt>まいにち</rt></ruby><ruby>同<rt>おな</rt></ruby>じものは<ruby>食<rt>た</rt></ruby>べられない。","아무리 좋아해도 매일 같은 것은 먹을 수 없다.","～いくら～ても와 거의 같고, 회화에서는 둘 다 많이 쓴다."
"N3-035","N3","～にしても","보통형 + ～にしても","~라고 해도. 어떤 사실이나 가정을 인정해도 결론은 달라지지 않는다.","<ruby>冗談<rt>じょうだん</rt></ruby>にしても、<ruby>相手<rt>あいて</rt></ruby>を<ruby>傷<rt>きず</rt></ruby>つける<ruby>言<rt>い</rt></ruby>い<ruby>方<rt>かた</rt></ruby>はよくない。","농담이라고 해도 상대를 상처 주는 말투는 좋지 않다.","<ruby>行<rt>い</rt></ruby>くにしても、まず<ruby>宿<rt>やど</rt></ruby>を<ruby>確保<rt>かくほ</rt></ruby>したほうがいい。","간다고 해도 우선 숙소를 확보하는 편이 좋다.","～にしては는 기준 대비 의외, ～にしても는 인정·가정 뒤의 양보다."
"N3-036","N3","～ながら（も）","동사 ます형 / い형용사 / な형용사 어간 / 명사 + ～ながら（も）","~하면서도, ~인데도. 앞뒤가 모순되는 상태를 함께 말한다.","<ruby>危険<rt>きけん</rt></ruby>だと<ruby>知<rt>し</rt></ruby>りながらも、その<ruby>仕事<rt>しごと</rt></ruby>を<ruby>続<rt>つづ</rt></ruby>けていた。","위험하다는 것을 알면서도 그 일을 계속하고 있었다.","<ruby>小<rt>ちい</rt></ruby>さながらも、<ruby>必要<rt>ひつよう</rt></ruby>な<ruby>機能<rt>きのう</rt></ruby>はすべてそろっている。","작으면서도 필요한 기능은 모두 갖추고 있다.","N4의 동시 진행 ～ながら와 달리, N3에서는 역접 양보가 중심이다."
"N3-037","N3","～代わりに","보통형 / 명사 + の + ～代わりに","~대신에. 대체·보상·교환의 뜻을 나타낸다.","<ruby>外食<rt>がいしょく</rt></ruby>する<ruby>代<rt>か</rt></ruby>わりに、<ruby>家<rt>いえ</rt></ruby>でゆっくり<ruby>料理<rt>りょうり</rt></ruby>することにした。","외식하는 대신 집에서 천천히 요리하기로 했다.","<ruby>残業<rt>ざんぎょう</rt></ruby>した<ruby>代<rt>か</rt></ruby>わりに、<ruby>翌日<rt>よくじつ</rt></ruby>は<ruby>少<rt>すこ</rt></ruby>し<ruby>早<rt>はや</rt></ruby>く<ruby>帰<rt>かえ</rt></ruby>れた。","야근한 대신 다음 날은 조금 일찍 돌아갈 수 있었다.","～に代わって는 대리·교체, ～代わりに는 대가·대체가 중심이다."
"N3-038","N3","～に代わって","명사 + ～に代わって","~를 대신해. 원래 해야 할 사람 대신 다른 사람이 한다.","<ruby>会長<rt>かいちょう</rt></ruby>に<ruby>代<rt>か</rt></ruby>わって、<ruby>副会長<rt>ふくかいちょう</rt></ruby>が<ruby>閉会<rt>へいかい</rt></ruby>のあいさつをした。","회장을 대신해 부회장이 폐회 인사를 했다.","<ruby>紙<rt>かみ</rt></ruby>の<ruby>書類<rt>しょるい</rt></ruby>に<ruby>代<rt>か</rt></ruby>わって、オンライン<ruby>申請<rt>しんせい</rt></ruby>が<ruby>増<rt>ふ</rt></ruby>えている。","종이 서류를 대신해 온라인 신청이 늘고 있다.","～に代わり보다 덜 문어적이고 일반적으로 더 자주 쓴다."
"N3-039","N3","～に代わり","명사 + ～に代わり","~를 대신해. ～に代わって와 같은 뜻의 문어적 표현이다.","<ruby>社長<rt>しゃちょう</rt></ruby>に<ruby>代<rt>か</rt></ruby>わり、<ruby>私<rt>わたし</rt></ruby>がみなさまにお<ruby>礼<rt>れい</rt></ruby>を<ruby>申<rt>もう</rt></ruby>し<ruby>上<rt>あ</rt></ruby>げます。","사장을 대신해 제가 여러분께 감사의 말씀을 드립니다.","<ruby>現金<rt>げんきん</rt></ruby>に<ruby>代<rt>か</rt></ruby>わり、<ruby>電子<rt>でんし</rt></ruby>マネーでの<ruby>支払<rt>しはら</rt></ruby>いが<ruby>一般的<rt>いっぱんてき</rt></ruby>になった。","현금을 대신해 전자머니 결제가 일반적이 되었다.","～に代わって보다 문어적이고 공지·발표문에 잘 어울린다."
"N3-040","N3","～と違って","명사 + ～と違って","~와 달리. 비교 대상과의 차이를 먼저 밝힌다.","<ruby>前回<rt>ぜんかい</rt></ruby>と<ruby>違<rt>ちが</rt></ruby>って、<ruby>今回<rt>こんかい</rt></ruby>は<ruby>準備<rt>じゅんび</rt></ruby>がかなり<ruby>順調<rt>じゅんちょう</rt></ruby>だ。","지난번과 달리 이번에는 준비가 꽤 순조롭다.","<ruby>妹<rt>いもうと</rt></ruby>と<ruby>違<rt>ちが</rt></ruby>って、<ruby>兄<rt>あに</rt></ruby>は<ruby>人前<rt>ひとまえ</rt></ruby>で<ruby>話<rt>はな</rt></ruby>すのが<ruby>得意<rt>とくい</rt></ruby>だ。","여동생과 달리 형은 사람들 앞에서 말하는 것을 잘한다.","～に比べて는 정도 비교, ～と違って는 차이 자체를 드러낸다."
"N3-041","N3","～ならともかく","명사 / 보통형 + ～ならともかく","~라면 몰라도. A는 인정하지만 B는 안 된다는 뜻이다.","<ruby>一日<rt>いちにち</rt></ruby>ならともかく、<ruby>一週間<rt>いっしゅうかん</rt></ruby>も<ruby>待<rt>ま</rt></ruby>つのは<ruby>無理<rt>むり</rt></ruby>だ。","하루라면 몰라도 일주일이나 기다리는 것은 무리다.","<ruby>近所<rt>きんじょ</rt></ruby>ならともかく、そんなに<ruby>遠<rt>とお</rt></ruby>い<ruby>場所<rt>ばしょ</rt></ruby>へはひとりで<ruby>行<rt>い</rt></ruby>けない。","근처라면 몰라도 그렇게 먼 곳에는 혼자 갈 수 없다.","A는 인정하지만 B는 어렵다는 점에서 ～にしても와 다르다."
"N3-042","N3","～おかげで","명사 + の / 보통형 + ～おかげで","~덕분에. 좋은 결과의 원인에 감사·긍정 평가를 담는다.","みなさんが<ruby>協力<rt>きょうりょく</rt></ruby>してくれたおかげで、<ruby>予定通<rt>よていどお</rt></ruby>りに<ruby>終<rt>お</rt></ruby>えることができた。","여러분이 협력해 준 덕분에 예정대로 끝낼 수 있었다.","<ruby>天気<rt>てんき</rt></ruby>がよかったおかげで、<ruby>山頂<rt>さんちょう</rt></ruby>まで<ruby>安全<rt>あんぜん</rt></ruby>に<ruby>登<rt>のぼ</rt></ruby>れた。","날씨가 좋았던 덕분에 산 정상까지 안전하게 올라갈 수 있었다.","～せいで와 반대로 긍정적 결과에 쓴다."
"N3-043","N3","～おかげだ","명사 + の / 보통형 + ～おかげだ","~덕분이다. 좋은 결과의 원인을 문장 끝에서 단정한다.","いまの<ruby>自分<rt>じぶん</rt></ruby>があるのは、<ruby>家族<rt>かぞく</rt></ruby>の<ruby>支<rt>ささ</rt></ruby>えがあったおかげだ。","지금의 내가 있는 것은 가족의 뒷받침이 있었던 덕분이다.","この<ruby>成果<rt>せいか</rt></ruby>は、<ruby>全員<rt>ぜんいん</rt></ruby>が<ruby>最後<rt>さいご</rt></ruby>まであきらめなかったおかげだ。","이 성과는 전원이 끝까지 포기하지 않았던 덕분이다.","～おかげで는 뒤에 결과가 이어지고, ～おかげだ는 문장을 맺는다."
"N3-044","N3","～せいで","명사 + の / 보통형 / い형용사 / な형용사 + な + ～せいで","~탓에. 좋지 않은 결과의 원인을 말한다.","<ruby>寝不足<rt>ねぶそく</rt></ruby>のせいで、<ruby>会議<rt>かいぎ</rt></ruby>の<ruby>内容<rt>ないよう</rt></ruby>がほとんど<ruby>頭<rt>あたま</rt></ruby>に<ruby>入<rt>はい</rt></ruby>らなかった。","수면 부족 탓에 회의 내용이 거의 머리에 들어오지 않았다.","<ruby>道<rt>みち</rt></ruby>が<ruby>混<rt>こ</rt></ruby>んでいたせいで、<ruby>約束<rt>やくそく</rt></ruby>の<ruby>時間<rt>じかん</rt></ruby>に<ruby>遅<rt>おく</rt></ruby>れてしまった。","길이 막힌 탓에 약속 시간에 늦어 버렸다.","～おかげで와 반대로 부정적 결과에 쓴다."
"N3-045","N3","～せいだ","명사 + の / 보통형 / い형용사 / な형용사 + な + ～せいだ","~탓이다. 좋지 않은 결과의 원인을 단정해 말한다.","こんなに<ruby>部屋<rt>へや</rt></ruby>が<ruby>寒<rt>さむ</rt></ruby>いのは、<ruby>窓<rt>まど</rt></ruby>が<ruby>少<rt>すこ</rt></ruby>し<ruby>開<rt>あ</rt></ruby>いているせいだ。","이렇게 방이 추운 것은 창문이 조금 열려 있는 탓이다.","みんなの<ruby>機嫌<rt>きげん</rt></ruby>が<ruby>悪<rt>わる</rt></ruby>いのは、<ruby>彼<rt>かれ</rt></ruby>の<ruby>一言<rt>ひとこと</rt></ruby>のせいだと<ruby>思<rt>おも</rt></ruby>う。","모두의 기분이 안 좋은 것은 그의 한마디 탓이라고 생각한다.","～せいで는 뒤에 결과가 이어지고, ～せいだ는 원인을 문장 끝에서 단정한다."
"N3-046","N3","～ばかりに","보통형 / い형용사 / な형용사 + な / 명사 + である + ～ばかりに","오직 ~때문에. 한 가지 이유 때문에 나쁜 결과가 생겼음을 한탄한다.","<ruby>近道<rt>ちかみち</rt></ruby>だと<ruby>思<rt>おも</rt></ruby>ったばかりに、かえって<ruby>遠回<rt>とおまわ</rt></ruby>りになってしまった。","지름길이라고 생각한 탓에 오히려 멀리 돌아가게 되어 버렸다.","<ruby>軽<rt>かる</rt></ruby>い<ruby>気持<rt>きも</rt></ruby>ちで<ruby>引<rt>ひ</rt></ruby>き<ruby>受<rt>う</rt></ruby>けたばかりに、あとでとても<ruby>苦労<rt>くろう</rt></ruby>した。","가벼운 마음으로 맡은 탓에 나중에 몹시 고생했다.","～せいで보다 후회·원망의 감정이 더 강하다."
"N3-047","N3","～ことから","보통형 / い형용사 / な형용사 + な / 명사 + である + ～ことから","~라는 점에서. 어떤 사실을 근거로 판단·명칭이 생김을 나타낸다.","この<ruby>花<rt>はな</rt></ruby>は<ruby>形<rt>かたち</rt></ruby>が<ruby>星<rt>ほし</rt></ruby>に<ruby>似<rt>に</rt></ruby>ていることから、その<ruby>名<rt>な</rt></ruby>がつけられた。","이 꽃은 모양이 별을 닮았다는 점에서 그 이름이 붙었다.","その<ruby>町<rt>まち</rt></ruby>は<ruby>海<rt>うみ</rt></ruby>に<ruby>近<rt>ちか</rt></ruby>いことから、<ruby>新鮮<rt>しんせん</rt></ruby>な<ruby>魚<rt>さかな</rt></ruby>で<ruby>有名<rt>ゆうめい</rt></ruby>だ。","그 마을은 바다에 가깝다는 점에서 신선한 생선으로 유명하다.","직접 원인보다는 판단의 근거를 나타낸다."
"N3-048","N3","～からこそ","보통형 / な형용사 + だ + ～からこそ","바로 ~이기 때문에야말로. 이유를 강하게 강조한다.","<ruby>難<rt>むずか</rt></ruby>しいからこそ、みんなで<ruby>協力<rt>きょうりょく</rt></ruby>する<ruby>価値<rt>かち</rt></ruby>がある。","어렵기 때문에야말로 모두가 협력할 가치가 있다.","<ruby>家族<rt>かぞく</rt></ruby>だからこそ、きびしいことも<ruby>正直<rt>しょうじき</rt></ruby>に<ruby>言<rt>い</rt></ruby>えるのだ。","가족이기 때문에야말로 엄한 말도 솔직하게 할 수 있는 것이다.","보통 ～から보다 이유의 강조가 훨씬 강하다."
"N3-049","N3","～がきっかけで","명사 + ～がきっかけで","~이 계기가 되어. 어떤 사건이 변화의 출발점이 되었음을 말한다.","<ruby>転職<rt>てんしょく</rt></ruby>がきっかけで、<ruby>生活<rt>せいかつ</rt></ruby>の<ruby>見方<rt>みかた</rt></ruby>が<ruby>大<rt>おお</rt></ruby>きく<ruby>変<rt>か</rt></ruby>わった。","이직이 계기가 되어 생활을 보는 관점이 크게 바뀌었다.","<ruby>友<rt>とも</rt></ruby>だちの<ruby>一言<rt>ひとこと</rt></ruby>がきっかけで、もう<ruby>一度<rt>いちど</rt></ruby><ruby>挑戦<rt>ちょうせん</rt></ruby>する<ruby>気<rt>き</rt></ruby>になった。","친구의 한마디가 계기가 되어 다시 한 번 도전할 마음이 생겼다.","사건 자체가 계기가 되었음을 말할 때 자연스럽다."
"N3-050","N3","～をきっかけに(して)","명사 + ～をきっかけに(して)","~을 계기로. 그것을 기회 삼아 새로운 행동·변화를 시작한다.","<ruby>留学<rt>りゅうがく</rt></ruby>をきっかけに、<ruby>将来<rt>しょうらい</rt></ruby>の<ruby>目標<rt>もくひょう</rt></ruby>がはっきりした。","유학을 계기로 장래 목표가 분명해졌다.","その<ruby>出来事<rt>できごと</rt></ruby>をきっかけにして、<ruby>毎日<rt>まいにち</rt></ruby><ruby>日記<rt>にっき</rt></ruby>をつけるようになった。","그 일을 계기로 매일 일기를 쓰게 되었다.","～がきっかけで보다 ‘그것을 계기로 삼다’는 느낌이 더 강하다."
"N3-051","N3","～から～にかけて","명사 + ～から + 명사 + ～にかけて","~부터 ~에 걸쳐. 경계가 다소 흐린 범위를 나타낸다.","この<ruby>地域<rt>ちいき</rt></ruby>では、<ruby>六月<rt>ろくがつ</rt></ruby>から<ruby>七月<rt>しちがつ</rt></ruby>にかけて<ruby>雨<rt>あめ</rt></ruby>が<ruby>多<rt>おお</rt></ruby>い。","이 지역에서는 6월부터 7월에 걸쳐 비가 많다.","<ruby>首都圏<rt>しゅとけん</rt></ruby>から<ruby>東北<rt>とうほく</rt></ruby>にかけて、<ruby>強<rt>つよ</rt></ruby>い<ruby>風<rt>かぜ</rt></ruby>に<ruby>注意<rt>ちゅうい</rt></ruby>が<ruby>必要<rt>ひつよう</rt></ruby>だ。","수도권부터 도호쿠에 걸쳐 강한 바람에 주의가 필요하다.","N5의 ～から～まで보다 범위의 경계가 더 흐리다."
"N3-052","N3","なぜなら～から","앞문장 / なぜなら + 절 + ～からだ","왜냐하면 ~이기 때문이다. 앞 주장 뒤에 이유를 문어적으로 덧붙인다.","この<ruby>案<rt>あん</rt></ruby>には<ruby>反対<rt>はんたい</rt></ruby>だ。なぜなら、<ruby>現場<rt>げんば</rt></ruby>の<ruby>負担<rt>ふたん</rt></ruby>が<ruby>大<rt>おお</rt></ruby>きすぎるからだ。","이 안에는 반대다. 왜냐하면 현장의 부담이 너무 크기 때문이다.","この<ruby>店<rt>みせ</rt></ruby>をおすすめする。なぜなら、<ruby>味<rt>あじ</rt></ruby>だけでなく<ruby>接客<rt>せっきゃく</rt></ruby>もすばらしいからだ。","이 가게를 추천한다. 왜냐하면 맛뿐만 아니라 응대도 훌륭하기 때문이다.","회화의 ～から보다 논설문·설명문 느낌이 강하다."
"N3-053","N3","～わけだ","보통형 / な형용사 + な / 명사 + という + ～わけだ","~인 셈이다. 앞 사실을 바탕으로 논리적 결론을 내린다.","この<ruby>電車<rt>でんしゃ</rt></ruby>は<ruby>各駅<rt>かくえき</rt></ruby>に<ruby>止<rt>と</rt></ruby>まる。だから<ruby>時間<rt>じかん</rt></ruby>がかかるわけだ。","이 전철은 모든 역에 선다. 그러니까 시간이 걸리는 셈이다.","<ruby>彼<rt>かれ</rt></ruby>は<ruby>十年<rt>じゅうねん</rt></ruby>もこの<ruby>仕事<rt>しごと</rt></ruby>をしている。くわしいわけだ。","그는 이 일을 10년이나 했다. 자세한 셈이다.","～というわけだ보다 직접적인 귀결 정리에 가깝다."
"N3-054","N3","～というわけだ","보통형 + ～というわけだ","즉 ~라는 셈이다. 앞 내용을 요약·정리해 결론짓는다.","<ruby>全員<rt>ぜんいん</rt></ruby>の<ruby>意見<rt>いけん</rt></ruby>がそろった。これで<ruby>方針<rt>ほうしん</rt></ruby>が<ruby>決<rt>き</rt></ruby>まったというわけだ。","전원의 의견이 모였다. 이로써 방침이 정해진 셈이다.","<ruby>予算<rt>よさん</rt></ruby>も<ruby>人手<rt>ひとで</rt></ruby>も<ruby>足<rt>た</rt></ruby>りない。しばらくは<ruby>計画<rt>けいかく</rt></ruby>を<ruby>延期<rt>えんき</rt></ruby>するというわけだ。","예산도 인력도 부족하다. 당분간은 계획을 연기한다는 셈이다.","～わけだ보다 요약·정리의 느낌이 더 강하다."
"N3-055","N3","～わけではない","보통형 / な형용사 + な + ～わけではない","반드시 ~인 것은 아니다. 전면 부정이 아닌 부분 부정을 나타낸다.","この<ruby>制度<rt>せいど</rt></ruby>が<ruby>完全<rt>かんぜん</rt></ruby>に<ruby>悪<rt>わる</rt></ruby>いわけではない。","이 제도가 완전히 나쁜 것만은 아니다.","<ruby>彼<rt>かれ</rt></ruby>の<ruby>意見<rt>いけん</rt></ruby>に<ruby>賛成<rt>さんせい</rt></ruby>できないわけではないが、まだ<ruby>不安<rt>ふあん</rt></ruby>もある。","그의 의견에 찬성할 수 없는 것만은 아니지만 아직 불안도 있다.","부분 부정의 문어적·중립적 표현이다."
"N3-056","N3","～わけじゃない","보통형 / な형용사 + な + ～わけじゃない","꼭 ~인 건 아니다. ～わけではない의 구어형이다.","<ruby>別<rt>べつ</rt></ruby>に<ruby>怒<rt>おこ</rt></ruby>っているわけじゃないよ。","딱히 화난 건 아니야.","その<ruby>店<rt>みせ</rt></ruby>がきらいなわけじゃないけど、<ruby>今日<rt>きょう</rt></ruby>は<ruby>別<rt>べつ</rt></ruby>の<ruby>場所<rt>ばしょ</rt></ruby>にしたい。","그 가게가 싫은 건 아니지만 오늘은 다른 곳으로 하고 싶다.","～わけではない보다 구어적이고 부드럽다."
"N3-057","N3","～わけがない","보통형 / な형용사 + な + ～わけがない","~일 리가 없다. 상식·논리상 강하게 부정한다.","あんなに<ruby>準備<rt>じゅんび</rt></ruby>したのだから、うまくいかないわけがない。","저렇게 준비했으니 잘 안 될 리가 없다.","この<ruby>値段<rt>ねだん</rt></ruby>で<ruby>本物<rt>ほんもの</rt></ruby>なわけがない。","이 가격에 진품일 리가 없다.","N4의 ～はずがない보다 화자의 단정이 더 강하게 들리기 쉽다."
"N3-058","N3","～に違いない","보통형 / 명사 + ～に違いない","~임에 틀림없다. 근거를 바탕으로 강하게 확신한다.","あの<ruby>様子<rt>ようす</rt></ruby>だと、<ruby>彼<rt>かれ</rt></ruby>はもうすべてを<ruby>知<rt>し</rt></ruby>っているに<ruby>違<rt>ちが</rt></ruby>いない。","저 모습으로 보아 그는 이미 모든 것을 알고 있음에 틀림없다.","この<ruby>空<rt>そら</rt></ruby>の<ruby>色<rt>いろ</rt></ruby>なら、<ruby>夕方<rt>ゆうがた</rt></ruby>には<ruby>雨<rt>あめ</rt></ruby>になるに<ruby>違<rt>ちが</rt></ruby>いない。","이 하늘빛이라면 저녁에는 비가 올 것이 틀림없다.","～はずだ보다 확신의 정도가 더 강하다."
"N3-059","N3","～ということだ","보통형 + ～ということだ","~라고 한다; 즉 ~라는 뜻이다. 전언 전달이나 내용 요약에 쓴다.","ニュースでは、<ruby>来月<rt>らいげつ</rt></ruby>から<ruby>料金<rt>りょうきん</rt></ruby>が<ruby>上<rt>あ</rt></ruby>がるということだ。","뉴스에서는 다음 달부터 요금이 오른다고 한다.","このマークは、ここから<ruby>先<rt>さき</rt></ruby>は<ruby>立入<rt>たちい</rt></ruby>り<ruby>禁止<rt>きんし</rt></ruby>だということだ。","이 표시는 여기부터는 출입 금지라는 뜻이다.","～とのことだ와 달리 전언 외에 ‘즉 ~라는 뜻’ 용법도 있다."
"N3-060","N3","～とのことだ","보통형 + ～とのことだ","~라고 한다. 들은 내용을 비교적 격식 있게 전한다.","<ruby>担当者<rt>たんとうしゃ</rt></ruby>から、<ruby>結果<rt>けっか</rt></ruby>は<ruby>来週<rt>らいしゅう</rt></ruby><ruby>知<rt>し</rt></ruby>らせるとのことでした。","담당자에게서 결과는 다음 주에 알려 준다고 했습니다.","<ruby>先生<rt>せんせい</rt></ruby>によると、<ruby>提出<rt>ていしゅつ</rt></ruby>は<ruby>明日<rt>あした</rt></ruby>までとのことです。","선생님 말씀으로는 제출은 내일까지라고 합니다.","전언 전달에만 쓰고, 의미 요약 용법은 없다."
"N3-061","N3","～なくはない","동사 ない형 → ～なくはない / い형용사 어간 + くなくはない","꼭 ~않은 것은 아니다. 완곡하게 가능성이나 긍정을 남긴다.","この<ruby>案<rt>あん</rt></ruby>も<ruby>悪<rt>わる</rt></ruby>くなくはないが、もっとよい<ruby>方法<rt>ほうほう</rt></ruby>がありそうだ。","이 안도 나쁘지 않기는 하지만 더 좋은 방법이 있을 것 같다.","<ruby>今週<rt>こんしゅう</rt></ruby>なら<ruby>行<rt>い</rt></ruby>けなくはないよ。","이번 주라면 못 가는 건 아니야.","～ないことはない보다 약간 더 짧고 딱딱한 느낌이 있다."
"N3-062","N3","～ないことはない","동사 ない형 + ことはない / い형용사 くない + ことはない","꼭 ~않은 것은 아니다. 조심스럽게 가능성·긍정을 인정한다.","<ruby>時間<rt>じかん</rt></ruby>をかければ、できないことはない。","시간을 들이면 못 할 것도 없다.","その<ruby>説明<rt>せつめい</rt></ruby>もわからないことはないが、まだ<ruby>少<rt>すこ</rt></ruby>しあいまいだ。","그 설명도 이해 못 하는 것은 아니지만 아직 조금 애매하다.","～なくはない보다 조금 더 회화적이고 풀어 말한 느낌이다."
"N3-063","N3","～結果 / その結果","동사 た형 + ～結果 / 문장 앞에서 その結果","그 결과. 조사·행동의 결과를 문어적으로 잇는다.","<ruby>十分<rt>じゅうぶん</rt></ruby>に<ruby>話<rt>はな</rt></ruby>し<ruby>合<rt>あ</rt></ruby>った<ruby>結果<rt>けっか</rt></ruby>、<ruby>計画<rt>けいかく</rt></ruby>を<ruby>見直<rt>みなお</rt></ruby>すことにした。","충분히 상의한 결과 계획을 재검토하기로 했다.","<ruby>新<rt>あたら</rt></ruby>しい<ruby>方法<rt>ほうほう</rt></ruby>を<ruby>試<rt>ため</rt></ruby>した。その<ruby>結果<rt>けっか</rt></ruby>、<ruby>作業<rt>さぎょう</rt></ruby><ruby>時間<rt>じかん</rt></ruby>がかなり<ruby>短<rt>みじか</rt></ruby>くなった。","새 방법을 시도했다. 그 결과 작업 시간이 꽤 짧아졌다.","～結果는 절에 붙고, その結果는 문장 첫머리에서 쓴다."
"N3-064","N3","～と言える","보통형 + ～と言える","~라고 할 수 있다. 판단을 완곡하게 주장한다.","この<ruby>制度<rt>せいど</rt></ruby>は、いまの<ruby>社会<rt>しゃかい</rt></ruby>にかなり<ruby>合<rt>あ</rt></ruby>っていると<ruby>言<rt>い</rt></ruby>える。","이 제도는 지금 사회에 꽤 잘 맞는다고 할 수 있다.","この<ruby>結果<rt>けっか</rt></ruby>から、<ruby>一定<rt>いってい</rt></ruby>の<ruby>成果<rt>せいか</rt></ruby>があったと<ruby>言<rt>い</rt></ruby>えるだろう。","이 결과로부터 일정한 성과가 있었다고 할 수 있을 것이다.","～わけだ가 귀결 정리라면, ～と言える은 분석적 판단 제시에 가깝다."
"N3-065","N3","～べきだ","동사 기본형 + ～べきだ","~해야 한다. 도덕·상식 차원의 강한 당위를 나타낸다.","<ruby>約束<rt>やくそく</rt></ruby>したことは、<ruby>最後<rt>さいご</rt></ruby>まで<ruby>守<rt>まも</rt></ruby>るべきだ。","약속한 것은 끝까지 지켜야 한다.","<ruby>問題<rt>もんだい</rt></ruby>を<ruby>先送<rt>さきおく</rt></ruby>りせず、いま<ruby>話<rt>はな</rt></ruby>し<ruby>合<rt>あ</rt></ruby>うべきだと<ruby>思<rt>おも</rt></ruby>う。","문제를 미루지 말고 지금 논의해야 한다고 생각한다.","～ことだ보다 더 강하고 가치판단이 실린다."
"N3-066","N3","～べきではない","동사 기본형 + ～べきではない","~해서는 안 된다. 강한 부정적 당위를 나타낸다.","<ruby>人<rt>ひと</rt></ruby>の<ruby>失敗<rt>しっぱい</rt></ruby>を<ruby>簡単<rt>かんたん</rt></ruby>に<ruby>笑<rt>わら</rt></ruby>うべきではない。","남의 실패를 쉽게 비웃어서는 안 된다.","まだ<ruby>事実<rt>じじつ</rt></ruby>がわからないのに、<ruby>結論<rt>けつろん</rt></ruby>を<ruby>急<rt>いそ</rt></ruby>ぐべきではない。","아직 사실을 모르는 채 결론을 서둘러서는 안 된다.","～べきだ의 부정형으로, 규범적 금지의 느낌이 강하다."
"N3-067","N3","～ことだ","동사 기본형 / 동사 ない형 + ～ことだ","~하는 것이 좋다. 실용적이고 객관적인 조언을 한다.","<ruby>試験<rt>しけん</rt></ruby>の<ruby>前<rt>まえ</rt></ruby>は、むりに<ruby>新<rt>あたら</rt></ruby>しいことに<ruby>手<rt>て</rt></ruby>を<ruby>出<rt>だ</rt></ruby>さないことだ。","시험 전에는 무리하게 새로운 것에 손대지 않는 것이 좋다.","<ruby>体調<rt>たいちょう</rt></ruby>が<ruby>悪<rt>わる</rt></ruby>いなら、まずゆっくり<ruby>休<rt>やす</rt></ruby>むことだ。","몸 상태가 나쁘다면 우선 푹 쉬는 것이 좋다.","～べきだ보다 부드럽고 실용적인 충고에 가깝다."
"N3-068","N3","～ものだ","동사 기본형 / 동사 ない형 + ～ものだ","원래 ~법이다. 사회적 통념이나 일반적 규범을 말한다.","<ruby>人<rt>ひと</rt></ruby>の<ruby>話<rt>はなし</rt></ruby>は、さいごまできちんと<ruby>聞<rt>き</rt></ruby>くものだ。","남의 이야기는 끝까지 제대로 듣는 법이다.","あいさつは、<ruby>先<rt>さき</rt></ruby>に<ruby>気<rt>き</rt></ruby>づいた<ruby>人<rt>ひと</rt></ruby>がするものだ。","인사는 먼저 알아챈 사람이 하는 법이다.","～ことだ가 조언이라면, ～ものだ는 일반적 통념·규범에 가깝다."
"N3-069","N3","～ものだ","동사 기본형 / 동사 ない형 + ～ものだ","원래 ~법이다. 일반적인 통념이나 규범을 말한다.","<ruby>人<rt>ひと</rt></ruby>の<ruby>話<rt>はなし</rt></ruby>は、さいごまでちゃんと<ruby>聞<rt>き</rt></ruby>くものだ。","남의 이야기는 끝까지 제대로 듣는 법이다.","<ruby>約束<rt>やくそく</rt></ruby>したことは、できるだけ<ruby>守<rt>まも</rt></ruby>るものだ。","약속한 것은 되도록 지키는 법이다.","～べきだ보다 개인 판단보다 사회 통념의 느낌이 강하다."
"N3-070","N3","～ものではない","동사 기본형 / 동사 ない형 + ～ものではない","원래 ~하는 것이 아니다. 일반적인 금지나 훈계를 나타낸다.","<ruby>人<rt>ひと</rt></ruby>の<ruby>失敗<rt>しっぱい</rt></ruby>を、そんなふうに<ruby>笑<rt>わら</rt></ruby>うものではない。","남의 실패를 그런 식으로 비웃는 것이 아니다.","まだ<ruby>相手<rt>あいて</rt></ruby>の<ruby>話<rt>はなし</rt></ruby>が<ruby>終<rt>お</rt></ruby>わっていないのに、<ruby>途中<rt>とちゅう</rt></ruby>で<ruby>口<rt>くち</rt></ruby>を<ruby>出<rt>だ</rt></ruby>すものではない。","아직 상대의 말이 끝나지 않았는데 중간에 끼어드는 것이 아니다.","～てはいけない보다 더 훈계조·통념적이다."
"N3-071","N3","～もの","동사 보통형 / い형용사 / な형용사 + だ + ～もの","~인걸, ~니까. 개인적인 변명이나 이유를 감정적으로 덧붙인다.","だって、まだ<ruby>準備<rt>じゅんび</rt></ruby>が<ruby>終<rt>お</rt></ruby>わっていないもの。","그야 아직 준비가 끝나지 않았는걸.","そんなところに<ruby>一人<rt>ひとり</rt></ruby>で<ruby>行<rt>い</rt></ruby>きたくないもの。","그런 곳에 혼자 가고 싶지 않은걸.","～もん보다 약간 덜 가볍고, 둘 다 구어적이다."
"N3-072","N3","～もん","동사 보통형 / い형용사 / な형용사 + だ + ～もん","~인걸, ~니까. ～もの의 더 캐주얼한 구어형이다.","<ruby>食<rt>た</rt></ruby>べたくないよ。だって、ぜんぜんおいしくないもん。","먹기 싫어. 왜냐하면 전혀 맛이 없으니까.","まだ<ruby>決<rt>き</rt></ruby>められないもん。<ruby>情報<rt>じょうほう</rt></ruby>が<ruby>足<rt>た</rt></ruby>りないんだよ。","아직 결정할 수 없는걸. 정보가 부족하단 말이야.","～もの보다 더 가볍고 감정적인 회화형이다."
"N3-073","N3","～ずにはいられない","동사 ない형 어간 + ～ずにはいられない","~하지 않을 수 없다. 충동을 억누를 수 없는 심리적 불가피를 나타낸다.","その<ruby>話<rt>はなし</rt></ruby>を<ruby>聞<rt>き</rt></ruby>いたら、<ruby>誰<rt>だれ</rt></ruby>でも<ruby>心配<rt>しんぱい</rt></ruby>せずにはいられない。","그 이야기를 들으면 누구라도 걱정하지 않을 수 없다.","<ruby>久<rt>ひさ</rt></ruby>しぶりにその<ruby>歌<rt>うた</rt></ruby>を<ruby>聞<rt>き</rt></ruby>いて、<ruby>昔<rt>むかし</rt></ruby>のことを<ruby>思<rt>おも</rt></ruby>い<ruby>出<rt>だ</rt></ruby>さずにはいられなかった。","오랜만에 그 노래를 듣고 옛일을 떠올리지 않을 수 없었다.","행동 자체를 억누를 수 없음에 초점이 있다."
"N3-074","N3","～てしかたがない","동사 て형 / い형용사 어간 + くて / な형용사 + で","너무 ~해서 어쩔 수 없다. 감정·감각이 강해 제어하기 어렵다.","<ruby>明日<rt>あした</rt></ruby>の<ruby>発表<rt>はっぴょう</rt></ruby>が<ruby>気<rt>き</rt></ruby>になってしかたがない。","내일 발표가 신경 쓰여서 어쩔 수 없다.","きのうは<ruby>眠<rt>ねむ</rt></ruby>くてしかたがなくて、<ruby>授業<rt>じゅぎょう</rt></ruby>に<ruby>集中<rt>しゅうちゅう</rt></ruby>できなかった。","어제는 너무 졸려서 수업에 집중할 수 없었다.","～てたまらない보다 체념·어쩔 수 없음의 느낌이 강하다."
"N3-075","N3","～てしようがない","동사 て형 / い형용사 어간 + くて / な형용사 + で","너무 ~해서 어쩔 수 없다. ～てしかたがない와 뜻이 거의 같다.","このごろ<ruby>肩<rt>かた</rt></ruby>がこってしようがない。","요즘 어깨가 결려서 어쩔 수 없다.","<ruby>結果<rt>けっか</rt></ruby>がまだ<ruby>分<rt>わ</rt></ruby>からなくて、<ruby>不安<rt>ふあん</rt></ruby>でしようがない。","결과를 아직 몰라서 불안해 어쩔 수 없다.","～てしかたがない와 거의 같고, 둘 다 널리 쓴다."
"N3-076","N3","～てたまらない","동사 て형 / い형용사 어간 + くて / な형용사 + で","너무 ~해서 견딜 수 없다. 감각·감정의 강도가 매우 높다.","のどが<ruby>渇<rt>かわ</rt></ruby>いてたまらないから、まず<ruby>水<rt>みず</rt></ruby>を<ruby>飲<rt>の</rt></ruby>みたい。","목이 말라 견딜 수 없어서 우선 물을 마시고 싶다.","その<ruby>景色<rt>けしき</rt></ruby>が<ruby>見<rt>み</rt></ruby>たくてたまらない。","그 경치가 보고 싶어 견딜 수 없다.","～てしかたがない보다 감각적 강도가 더 세다."
"N3-077","N3","～てならない","동사 て형 / い형용사 어간 + くて / な형용사 + で","너무 ~해서 견딜 수 없다. 자연히 솟아오르는 감정을 문어적으로 나타낸다.","あの<ruby>言葉<rt>ことば</rt></ruby>が<ruby>耳<rt>みみ</rt></ruby>に<ruby>残<rt>のこ</rt></ruby>って、<ruby>気<rt>き</rt></ruby>になってならない。","그 말이 귀에 남아서 신경 쓰여 견딜 수 없다.","この<ruby>映画<rt>えいが</rt></ruby>の<ruby>続<rt>つづ</rt></ruby>きが<ruby>知<rt>し</rt></ruby>りたくてならない。","이 영화의 다음 내용이 알고 싶어 견딜 수 없다.","～てたまらない보다 약간 더 문어적이고 심리 묘사에 잘 맞는다."
"N3-078","N3","～としたら","보통형 + ～としたら","~라고 가정하면. 개인적·가벼운 가정을 세운다.","もし<ruby>来年<rt>らいねん</rt></ruby><ruby>海外<rt>かいがい</rt></ruby>へ<ruby>行<rt>い</rt></ruby>くとしたら、まずどの<ruby>国<rt>くに</rt></ruby>を<ruby>選<rt>えら</rt></ruby>ぶ？","만약 내년에 해외에 간다고 하면 먼저 어느 나라를 고를래?","それが<ruby>本当<rt>ほんとう</rt></ruby>だとしたら、もう<ruby>一度<rt>いちど</rt></ruby><ruby>計画<rt>けいかく</rt></ruby>を<ruby>見直<rt>みなお</rt></ruby>す<ruby>必要<rt>ひつよう</rt></ruby>がある。","그것이 사실이라고 하면 다시 계획을 재검토할 필요가 있다.","세 표현 중 가장 개인적이고 가정적인 느낌이 있다."
"N3-079","N3","～とすれば","보통형 + ～とすれば","~라고 가정하면. 논리적으로 조건을 놓고 판단한다.","この<ruby>数字<rt>すうじ</rt></ruby>が<ruby>正<rt>ただ</rt></ruby>しいとすれば、<ruby>今年<rt>ことし</rt></ruby>はかなりの<ruby>成長<rt>せいちょう</rt></ruby>だ。","이 수치가 맞다고 하면 올해는 상당한 성장이다.","<ruby>彼<rt>かれ</rt></ruby>が<ruby>参加<rt>さんか</rt></ruby>しないとすれば、<ruby>日程<rt>にってい</rt></ruby>を<ruby>変<rt>か</rt></ruby>えるしかない。","그가 참가하지 않는다고 하면 일정을 바꿀 수밖에 없다.","～としたら보다 논리 전개의 느낌이 더 강하다."
"N3-080","N3","～とすると","보통형 + ～とすると","~라고 하면. 가정에서 자연스러운 귀결을 끌어낸다.","この<ruby>電車<rt>でんしゃ</rt></ruby>が<ruby>止<rt>と</rt></ruby>まるとすると、かなり<ruby>混乱<rt>こんらん</rt></ruby>しそうだ。","이 전철이 멈춘다고 하면 꽤 혼란스러울 것 같다.","その<ruby>話<rt>はなし</rt></ruby>が<ruby>事実<rt>じじつ</rt></ruby>だとすると、みんなの<ruby>考<rt>かんが</rt></ruby>えも<ruby>変<rt>か</rt></ruby>わるだろう。","그 이야기가 사실이라고 하면 모두의 생각도 바뀔 것이다.","세 표현 중 결과의 자연스러운 귀결 느낌이 가장 강하다."
"N3-081","N3","～さえ","명사 / 동사 ます형 + ～さえ","~조차, ~마저. 극단적인 예를 들어 강조한다.","きのうは<ruby>忙<rt>いそが</rt></ruby>しすぎて、<ruby>水<rt>みず</rt></ruby>さえゆっくり<ruby>飲<rt>の</rt></ruby>めなかった。","어제는 너무 바빠서 물조차 천천히 마실 수 없었다.","あの<ruby>人<rt>ひと</rt></ruby>は<ruby>連絡<rt>れんらく</rt></ruby>さえしてこない。","저 사람은 연락조차 해 오지 않는다.","단독 ～さえ은 극단 예시 강조이고, ～さえ～ば는 최소 조건이다."
"N3-082","N3","～さえ～ば","명사 + ～さえ + あれば / 동사 ます형 + ～さえ + すれば","~하기만 하면. 그것 하나만 충족되면 된다는 최소 조건을 나타낸다.","<ruby>静<rt>しず</rt></ruby>かな<ruby>場所<rt>ばしょ</rt></ruby>さえあれば、どこでも<ruby>勉強<rt>べんきょう</rt></ruby>できる。","조용한 장소만 있으면 어디서든 공부할 수 있다.","ちゃんと<ruby>説明<rt>せつめい</rt></ruby>しさえすれば、きっと<ruby>理解<rt>りかい</rt></ruby>してもらえる。","제대로 설명하기만 하면 분명 이해받을 수 있다.","～さえ 단독은 ‘조차’, ～さえ～ば는 ‘하기만 하면’이다."
"N3-083","N3","～さえ～たら","명사 + ～さえ + あったら / 동사 ます형 + ～さえ + したら","~하기만 하면. 최소 조건을 회화적으로 나타낸다.","<ruby>時間<rt>じかん</rt></ruby>さえあったら、もっとゆっくり<ruby>話<rt>はな</rt></ruby>せるのに。","시간만 있으면 더 천천히 이야기할 수 있을 텐데.","その<ruby>資料<rt>しりょう</rt></ruby>を<ruby>見<rt>み</rt></ruby>せさえしたら、<ruby>先方<rt>せんぽう</rt></ruby>も<ruby>納得<rt>なっとく</rt></ruby>するはずだ。","그 자료를 보여 주기만 하면 상대도 납득할 것이다.","～さえ～ば와 뜻은 비슷하고, ～たら 쪽이 회화적이다."
"N3-084","N3","～ば～ほど","동사 ば형 + 동사 기본형 + ほど / い형용사 ければ + い형용사 + ほど / な형용사 + であれば + な형용사 + ほど","~하면 할수록. 앞뒤가 비례하여 함께 변한다.","この<ruby>本<rt>ほん</rt></ruby>は<ruby>読<rt>よ</rt></ruby>めば<ruby>読<rt>よ</rt></ruby>むほど<ruby>深<rt>ふか</rt></ruby>さが<ruby>分<rt>わ</rt></ruby>かる。","이 책은 읽으면 읽을수록 깊이를 알게 된다.","<ruby>練習<rt>れんしゅう</rt></ruby>すればするほど、<ruby>発音<rt>はつおん</rt></ruby>が<ruby>自然<rt>しぜん</rt></ruby>になってきた。","연습하면 할수록 발음이 자연스러워졌다.","～につれて도 변화지만, ～ば～ほど는 비례 구조가 더 분명하다."
"N3-085","N3","～につれて","동사 기본형 / 명사 + ～につれて","~함에 따라. 자연스러운 변화에 따라 다른 것도 변한다.","<ruby>季節<rt>きせつ</rt></ruby>が<ruby>変<rt>か</rt></ruby>わるにつれて、<ruby>町<rt>まち</rt></ruby>の<ruby>景色<rt>けしき</rt></ruby>も<ruby>少<rt>すこ</rt></ruby>しずつ<ruby>変<rt>か</rt></ruby>わっていく。","계절이 바뀜에 따라 거리 풍경도 조금씩 변해 간다.","<ruby>経験<rt>けいけん</rt></ruby>を<ruby>積<rt>つ</rt></ruby>むにつれて、<ruby>判断<rt>はんだん</rt></ruby>が<ruby>速<rt>はや</rt></ruby>くなった。","경험을 쌓음에 따라 판단이 빨라졌다.","세 표현 중 자연스러운 동반 변화에 가장 잘 맞는다."
"N3-086","N3","～に従って","동사 기본형 / 명사 + ～に従って","~에 따라. 규칙·지시·방향을 따르거나 변화가 생긴다.","<ruby>画面<rt>がめん</rt></ruby>の<ruby>案内<rt>あんない</rt></ruby>に<ruby>従<rt>したが</rt></ruby>って、<ruby>必要<rt>ひつよう</rt></ruby>な<ruby>情報<rt>じょうほう</rt></ruby>を<ruby>入力<rt>にゅうりょく</rt></ruby>してください。","화면 안내에 따라 필요한 정보를 입력해 주세요.","<ruby>年齢<rt>ねんれい</rt></ruby>が<ruby>上<rt>あ</rt></ruby>がるに<ruby>従<rt>したが</rt></ruby>って、<ruby>責任<rt>せきにん</rt></ruby>も<ruby>重<rt>おも</rt></ruby>くなる。","나이가 들수록 책임도 무거워진다.","～につれて보다 ‘따름’의 느낌이 더 강하다."
"N3-087","N3","～に伴って","명사 / 동사 기본형 + ～に伴って","~에 수반하여, ~함에 따라. 어떤 변화에 다른 변화가 함께 따라온다.","<ruby>制度<rt>せいど</rt></ruby>の<ruby>変更<rt>へんこう</rt></ruby>に<ruby>伴<rt>ともな</rt></ruby>って、<ruby>手続<rt>てつづ</rt></ruby>きも<ruby>複雑<rt>ふくざつ</rt></ruby>になった。","제도 변경에 수반해 절차도 복잡해졌다.","<ruby>人口<rt>じんこう</rt></ruby>が<ruby>増<rt>ふ</rt></ruby>えるに<ruby>伴<rt>ともな</rt></ruby>って、<ruby>交通<rt>こうつう</rt></ruby><ruby>問題<rt>もんだい</rt></ruby>も<ruby>深刻<rt>しんこく</rt></ruby>になっている。","인구가 늘어남에 따라 교통 문제도 심각해지고 있다.","세 표현 중 ‘수반됨’의 뉘앙스가 가장 강하다."
"N3-088","N3","～てからでないと","동사 て형 + ～てからでないと","~하고 나서가 아니면. 선행 행동이 없으면 뒤가 불가능함을 나타낸다.","この<ruby>機械<rt>きかい</rt></ruby>は<ruby>電源<rt>でんげん</rt></ruby>を<ruby>入<rt>い</rt></ruby>れてからでないと、<ruby>設定<rt>せってい</rt></ruby>できない。","이 기계는 전원을 켜고 나서가 아니면 설정할 수 없다.","<ruby>本人<rt>ほんにん</rt></ruby>に<ruby>確認<rt>かくにん</rt></ruby>してからでないと、<ruby>返事<rt>へんじ</rt></ruby>はできません。","본인에게 확인하고 나서가 아니면 답할 수 없습니다.","～てからでなければ보다 조금 더 회화적이다."
"N3-089","N3","～てからでなければ","동사 て형 + ～てからでなければ","~하고 나서가 아니면. 앞일이 먼저 끝나지 않으면 뒤가 불가능함을 문어적으로 나타낸다.","<ruby>内容<rt>ないよう</rt></ruby>を<ruby>最後<rt>さいご</rt></ruby>まで<ruby>読<rt>よ</rt></ruby>んでからでなければ、<ruby>正確<rt>せいかく</rt></ruby>な<ruby>判断<rt>はんだん</rt></ruby>はできない。","내용을 끝까지 읽고 나서가 아니면 정확한 판단은 할 수 없다.","その<ruby>書類<rt>しょるい</rt></ruby>を<ruby>提出<rt>ていしゅつ</rt></ruby>してからでなければ、<ruby>次<rt>つぎ</rt></ruby>の<ruby>手続<rt>てつづ</rt></ruby>きには<ruby>進<rt>すす</rt></ruby>めない。","그 서류를 제출하고 나서가 아니면 다음 절차로 진행할 수 없다.","～てからでないと보다 더 문어적이고 딱딱하다."
"N3-090","N3","～次第","동사 ます형 어간 + ～次第 / 명사 + ～次第","~하는 대로 즉시; ~에 달려 있음. 접속에 따라 뜻이 달라진다.","<ruby>準備<rt>じゅんび</rt></ruby>ができ<ruby>次第<rt>しだい</rt></ruby>、こちらからお<ruby>知<rt>し</rt></ruby>らせします。","준비가 되는 대로 이쪽에서 알려 드리겠습니다.","<ruby>旅行<rt>りょこう</rt></ruby>の<ruby>日程<rt>にってい</rt></ruby>は<ruby>天気<rt>てんき</rt></ruby><ruby>次第<rt>しだい</rt></ruby>で<ruby>変<rt>か</rt></ruby>わるかもしれない。","여행 일정은 날씨에 따라 달라질지도 모른다.","앞은 ‘즉시’, 뒤는 ‘상황 의존’이라는 두 뜻을 가진다."
"N3-091","N3","～うちに","동사 기본형 / 동사 ている형 / い형용사 / 명사 + の + ～うちに","~하는 동안에, ~할 때. 상태가 변하기 전에 기회를 살린다.","<ruby>元気<rt>げんき</rt></ruby>なうちに、やりたいことをいろいろやっておきたい。","건강할 때 하고 싶은 것을 여러 가지 해 두고 싶다.","<ruby>熱<rt>あつ</rt></ruby>いうちにこのスープを<ruby>飲<rt>の</rt></ruby>んでください。","뜨거울 때 이 수프를 드세요.","N4의 ～間에 비해 ‘상태가 변하기 전 기회’의 느낌이 강하다."
"N3-092","N3","～ないうちに","동사 ない형 + ～ないうちに","~하기 전에. 아직 그 상태가 되지 않았을 때를 나타낸다.","<ruby>暗<rt>くら</rt></ruby>くならないうちに、<ruby>山<rt>やま</rt></ruby>を<ruby>下<rt>お</rt></ruby>りたほうがいい。","어두워지기 전에 산을 내려가는 편이 좋다.","<ruby>忘<rt>わす</rt></ruby>れないうちに、<ruby>必要<rt>ひつよう</rt></ruby>なことをメモしておこう。","잊기 전에 필요한 것을 메모해 두자.","～うちに의 부정형으로, ‘아직 ~하지 않았을 때’에 초점이 있다."
"N3-093","N3","～最中に","동사 ている형 / 명사 + の + ～最中に","한창 ~하는 도중에. 진행이 절정인 가운데 다른 일이 일어난다.","オンライン<ruby>会議<rt>かいぎ</rt></ruby>の<ruby>最中<rt>さいちゅう</rt></ruby>に、<ruby>突然<rt>とつぜん</rt></ruby>ネットが<ruby>切<rt>き</rt></ruby>れてしまった。","온라인 회의 도중에 갑자기 인터넷이 끊겨 버렸다.","みんなが<ruby>食事<rt>しょくじ</rt></ruby>している<ruby>最中<rt>さいちゅう</rt></ruby>に、<ruby>電話<rt>でんわ</rt></ruby>が<ruby>何度<rt>なんど</rt></ruby>も<ruby>鳴<rt>な</rt></ruby>った。","모두가 식사하는 도중에 전화가 몇 번이나 울렸다.","～うちに보다 ‘한창 ~중’의 느낌이 더 강하다."
"N3-094","N3","～たとたん(に)","동사 た형 + ～たとたん(に)","~하자마자 바로. 직후에 뜻밖의 일이 일어남을 나타낸다.","<ruby>窓<rt>まど</rt></ruby>を<ruby>開<rt>あ</rt></ruby>けたとたん、<ruby>冷<rt>つめ</rt></ruby>たい<ruby>風<rt>かぜ</rt></ruby>が<ruby>入<rt>はい</rt></ruby>ってきた。","창문을 열자마자 차가운 바람이 들어왔다.","<ruby>席<rt>せき</rt></ruby>に<ruby>座<rt>すわ</rt></ruby>ったとたんに、どっと<ruby>疲<rt>つか</rt></ruby>れが<ruby>出<rt>で</rt></ruby>た。","자리에 앉자마자 피로가 확 몰려왔다.","～と同時に보다 뜻밖의 즉시성·돌발성이 더 강하다."
"N3-095","N3","～たところ","동사 た형 + ～たところ","~해 보니, ~했더니. 실제로 해 본 뒤 알게 된 결과를 말한다.","<ruby>駅員<rt>えきいん</rt></ruby>に<ruby>聞<rt>き</rt></ruby>いたところ、<ruby>次<rt>つぎ</rt></ruby>の<ruby>電車<rt>でんしゃ</rt></ruby>は<ruby>十分後<rt>じゅっぷんご</rt></ruby>だとわかった。","역무원에게 물어보니 다음 전철은 10분 후라는 것을 알았다.","このアプリを<ruby>使<rt>つか</rt></ruby>ってみたところ、<ruby>思<rt>おも</rt></ruby>ったより<ruby>便利<rt>べんり</rt></ruby>だった。","이 앱을 써 보니 생각보다 편리했다.","～たら보다 ‘실제로 해 보고 안 결과’의 뉘앙스가 분명하다."
"N3-096","N3","～ところだった","동사 기본형 + ～ところだった","하마터면 ~할 뻔했다. 실제로는 일어나지 않은 아슬아슬한 상황이다.","もう<ruby>少<rt>すこ</rt></ruby>しで<ruby>大事<rt>だいじ</rt></ruby>な<ruby>書類<rt>しょるい</rt></ruby>を<ruby>捨<rt>す</rt></ruby>てるところだった。","하마터면 중요한 서류를 버릴 뻔했다.","<ruby>急<rt>いそ</rt></ruby>いでブレーキを<ruby>踏<rt>ふ</rt></ruby>まなかったら、<ruby>前<rt>まえ</rt></ruby>の<ruby>車<rt>くるま</rt></ruby>にぶつかるところだった。","급히 브레이크를 밟지 않았더라면 앞차에 부딪힐 뻔했다.","실제 완료 직전 상황을 말하며, 단순 과거와 다르다."
"N3-097","N3","～てはじめて","동사 て형 + ～はじめて","~하고 나서야 비로소. 어떤 경험 뒤에 처음 알게 됨을 나타낸다.","<ruby>一人<rt>ひとり</rt></ruby>で<ruby>暮<rt>く</rt></ruby>らしてはじめて、<ruby>家族<rt>かぞく</rt></ruby>のありがたさがわかった。","혼자 살아 보고 나서야 비로소 가족의 고마움을 알았다.","この<ruby>仕事<rt>しごと</rt></ruby>を<ruby>任<rt>まか</rt></ruby>されてはじめて、<ruby>責任<rt>せきにん</rt></ruby>の<ruby>重<rt>おも</rt></ruby>さを<ruby>実感<rt>じっかん</rt></ruby>した。","이 일을 맡고 나서야 비로소 책임의 무게를 실감했다.","～てから보다 ‘그때서야 처음’이라는 발견의 뜻이 강하다."
"N3-098","N3","～たびに","동사 기본형 / 명사 + の + ～たびに","~할 때마다. 반복해서 같은 상황이 생김을 나타낸다.","この<ruby>写真<rt>しゃしん</rt></ruby>を<ruby>見<rt>み</rt></ruby>るたびに、<ruby>留学<rt>りゅうがく</rt></ruby><ruby>時代<rt>じだい</rt></ruby>を<ruby>思<rt>おも</rt></ruby>い<ruby>出<rt>だ</rt></ruby>す。","이 사진을 볼 때마다 유학 시절이 떠오른다.","<ruby>季節<rt>きせつ</rt></ruby>の<ruby>変<rt>か</rt></ruby>わり<ruby>目<rt>め</rt></ruby>のたびに、<ruby>体調<rt>たいちょう</rt></ruby>をくずしやすい。","계절이 바뀔 때마다 몸 상태를 해치기 쉽다.","～ごとに보다 개별 사건의 반복 느낌이 더 강하다."
"N3-099","N3","～ごとに","명사 / 동사 기본형 + ～ごとに","~마다. 규칙적인 간격이나 반복 변화가 있음을 나타낸다.","この<ruby>植物<rt>しょくぶつ</rt></ruby>は、<ruby>季節<rt>きせつ</rt></ruby>ごとに<ruby>色<rt>いろ</rt></ruby>が<ruby>変<rt>か</rt></ruby>わる。","이 식물은 계절마다 색이 바뀐다.","<ruby>会<rt>あ</rt></ruby>うごとに、その<ruby>子<rt>こ</rt></ruby>は<ruby>少<rt>すこ</rt></ruby>しずつ<ruby>大人<rt>おとな</rt></ruby>っぽくなっていく。","만날 때마다 그 아이는 조금씩 어른스러워진다.","～たびに보다 규칙성·변화의 누적이 더 잘 드러난다."
"N3-100","N3","～おきに","수량 명사 + ～おきに","~간격으로, 걸러서. 일정한 간격을 두고 반복함을 나타낸다.","このバスは<ruby>十分<rt>じゅっぷん</rt></ruby>おきに<ruby>出発<rt>しゅっぱつ</rt></ruby>する。","이 버스는 10분 간격으로 출발한다.","この<ruby>薬<rt>くすり</rt></ruby>は<ruby>一日<rt>いちにち</rt></ruby>おきに<ruby>飲<rt>の</rt></ruby>んでください。","이 약은 하루 걸러 드세요.","～ごとに가 ‘매번’, ～おきに는 ‘간격을 두고’라는 뜻이다."
"N3-101","N3","～ついでに","동사 기본형 / 동사 た형 / 명사 + の + ～ついでに","~하는 김에. 본래 목적을 하면서 다른 일도 함께 한다.","<ruby>銀行<rt>ぎんこう</rt></ruby>へ<ruby>行<rt>い</rt></ruby>くついでに、<ruby>近<rt>ちか</rt></ruby>くの<ruby>店<rt>みせ</rt></ruby>で<ruby>切手<rt>きって</rt></ruby>を<ruby>買<rt>か</rt></ruby>ってきた。","은행에 가는 김에 근처 가게에서 우표를 사 왔다.","<ruby>散歩<rt>さんぽ</rt></ruby>のついでに、<ruby>公園<rt>こうえん</rt></ruby>の<ruby>桜<rt>さくら</rt></ruby>も<ruby>見<rt>み</rt></ruby>てきた。","산책하는 김에 공원의 벚꽃도 보고 왔다.","두 일의 주종 관계가 있으며, 앞일이 본래 목적이다."
"N3-102","N3","～と<ruby>同時<rt>どうじ</rt></ruby>に","동사 기본형 / 명사 + と同時に","~와 동시에. 두 일이 거의 같은 시점에 일어남을 나타낸다.","ベルが<ruby>鳴<rt>な</rt></ruby>ると<ruby>同時<rt>どうじ</rt></ruby>に、<ruby>学生<rt>がくせい</rt></ruby>たちは<ruby>教室<rt>きょうしつ</rt></ruby>を<ruby>飛<rt>と</rt></ruby>び<ruby>出<rt>だ</rt></ruby>した。","벨이 울리자마자 학생들은 교실을 뛰쳐나갔다.","<ruby>就職<rt>しゅうしょく</rt></ruby>と<ruby>同時<rt>どうじ</rt></ruby>に、<ruby>一人暮<rt>ひとりぐ</rt></ruby>らしを<ruby>始<rt>はじ</rt></ruby>めた。","취직과 동시에 자취를 시작했다.","～たとたん보다 돌발성은 약하고 객관적 동시성에 가깝다."
"N3-103","N3","～と<ruby>共<rt>とも</rt></ruby>に","동사 기본형 / 명사 + と共に","~와 함께, ~함에 따라. 동시 진행이나 동반 변화를 문어적으로 나타낸다.","<ruby>年齢<rt>ねんれい</rt></ruby>と<ruby>共<rt>とも</rt></ruby>に、<ruby>考<rt>かんが</rt></ruby>え<ruby>方<rt>かた</rt></ruby>も<ruby>変<rt>か</rt></ruby>わってきた。","나이와 함께 생각하는 방식도 바뀌어 왔다.","<ruby>時代<rt>じだい</rt></ruby>が<ruby>進<rt>すす</rt></ruby>むと共に、<ruby>働<rt>はたら</rt></ruby>き<ruby>方<rt>かた</rt></ruby>も<ruby>多様<rt>たよう</rt></ruby>になっている。","시대가 나아감과 함께 일하는 방식도 다양해지고 있다.","～と同時に보다 더 문어적이고 변화의 동반성을 잘 드러낸다."
"N3-104","N3","～て<ruby>以来<rt>いらい</rt></ruby>","동사 て형 + 以来","~한 이래. 그때부터 지금까지 계속 이어짐을 나타낸다.","この<ruby>町<rt>まち</rt></ruby>に<ruby>引<rt>ひ</rt></ruby>っ<ruby>越<rt>こ</rt></ruby>して<ruby>以来<rt>いらい</rt></ruby>、<ruby>毎朝<rt>まいあさ</rt></ruby><ruby>川<rt>かわ</rt></ruby>のそばを<ruby>歩<rt>ある</rt></ruby>いている。","이 마을로 이사 온 이래 매일 아침 강가를 걷고 있다.","その<ruby>先生<rt>せんせい</rt></ruby>に<ruby>会<rt>あ</rt></ruby>って<ruby>以来<rt>いらい</rt></ruby>、<ruby>文学<rt>ぶんがく</rt></ruby>に<ruby>興味<rt>きょうみ</rt></ruby>を<ruby>持<rt>も</rt></ruby>つようになった。","그 선생님을 만난 이래 문학에 흥미를 가지게 되었다.","～てから보다 ‘그 이후 지금까지 계속’의 뜻이 강하다."
"N3-105","N3","～たて","동사 ます형 + ～たて","막 ~한 상태. 아주 최근에 끝난 일을 나타낸다.","<ruby>焼<rt>や</rt></ruby>きたてのパンが<ruby>店先<rt>みせさき</rt></ruby>に<ruby>並<rt>なら</rt></ruby>んでいる。","갓 구운 빵이 가게 앞에 늘어서 있다.","このアプリはできたてなので、まだ<ruby>不安定<rt>ふあんてい</rt></ruby>なところもある。","이 앱은 막 만든 상태라 아직 불안정한 부분도 있다.","N4의 ～たばかり와 비슷하지만, ～たて는 명사처럼 상태를 가리키기 쉽다."
"N3-106","N3","～たものだ","동사 た형 + ～ものだ","예전에 자주 ~하곤 했다. 회상·향수를 담아 말한다.","<ruby>学生<rt>がくせい</rt></ruby>のころは、よく<ruby>終電<rt>しゅうでん</rt></ruby>まで<ruby>図書館<rt>としょかん</rt></ruby>で<ruby>勉強<rt>べんきょう</rt></ruby>したものだ。","학생 때는 종종 막차 시간까지 도서관에서 공부하곤 했다.","<ruby>子<rt>こ</rt></ruby>どものころ、<ruby>夏<rt>なつ</rt></ruby>になるとこの<ruby>川<rt>かわ</rt></ruby>でよく<ruby>遊<rt>あそ</rt></ruby>んだものだ。","어릴 때는 여름만 되면 이 강에서 자주 놀곤 했다.","단순 과거보다 회상·그리움의 느낌이 강하다."
"N3-107","N3","～のことだから","명사 + のことだから","~의 일이니, ~이니까. 그 사람·대상의 성향을 근거로 추측한다.","<ruby>彼<rt>かれ</rt></ruby>のことだから、きっと<ruby>約束<rt>やくそく</rt></ruby>の<ruby>時間<rt>じかん</rt></ruby>より<ruby>早<rt>はや</rt></ruby>く<ruby>来<rt>く</rt></ruby>るだろう。","그 사람이니까 분명 약속 시간보다 일찍 올 것이다.","<ruby>先生<rt>せんせい</rt></ruby>のことだから、そんな<ruby>単純<rt>たんじゅん</rt></ruby>なミスはしないはずだ。","선생님이시니까 그런 단순한 실수는 하지 않을 것이다.","근거가 ‘그 사람의 평소 성향’에 있다는 점이 특징이다."
"N3-108","N3","～かける","동사 ます형 + ～かける","~하다 말다, ~할 뻔하다. 아직 끝나지 않은 중도 상태를 나타낸다.","<ruby>食<rt>た</rt></ruby>べかけのケーキがテーブルにそのまま<ruby>置<rt>お</rt></ruby>いてあった。","먹다 만 케이크가 테이블에 그대로 놓여 있었다.","<ruby>言<rt>い</rt></ruby>いかけて、やっぱり<ruby>黙<rt>だま</rt></ruby>ることにした。","말하다 말고 역시 조용히 있기로 했다.","완료가 아니라 ‘중도’ 상태에 초점이 있다."
"N3-109","N3","～かけだ","동사 ます형 + ～かけだ","~하다 만 것이다. 미완의 상태를 명사처럼 단정해 말한다.","このレポートはまだ<ruby>書<rt>か</rt></ruby>きかけだ。","이 리포트는 아직 쓰다 만 상태다.","あの<ruby>橋<rt>はし</rt></ruby>は<ruby>工事<rt>こうじ</rt></ruby>の<ruby>途中<rt>とちゅう</rt></ruby>で、いまは<ruby>作<rt>つく</rt></ruby>りかけだ。","저 다리는 공사 도중이라 지금은 만들다 만 상태다.","～かける의 상태 단정형으로, 뒤를 명사처럼 받는다."
"N3-110","N3","～かけの","동사 ます형 + ～かけの + 명사","~하다 만 ~. 미완성인 명사를 꾸민다.","<ruby>読<rt>よ</rt></ruby>みかけの<ruby>本<rt>ほん</rt></ruby>を<ruby>机<rt>つくえ</rt></ruby>の<ruby>上<rt>うえ</rt></ruby>に<ruby>戻<rt>もど</rt></ruby>しておいた。","읽다 만 책을 책상 위에 되돌려 두었다.","<ruby>飲<rt>の</rt></ruby>みかけのコーヒーがまだ<ruby>温<rt>あたた</rt></ruby>かかった。","마시다 만 커피가 아직 따뜻했다.","～かける 계열의 명사 수식형이다."
"N3-111","N3","～きる","동사 ます형 + ～きる","끝까지 ~하다, 완전히 ~하다. 한계까지 완료함을 나타낸다.","<ruby>長<rt>なが</rt></ruby>いマラソンだったが、なんとか<ruby>走<rt>はし</rt></ruby>りきった。","긴 마라톤이었지만 어떻게든 끝까지 달렸다.","その<ruby>俳優<rt>はいゆう</rt></ruby>は<ruby>難<rt>むずか</rt></ruby>しい<ruby>役<rt>やく</rt></ruby>を<ruby>見事<rt>みごと</rt></ruby>に<ruby>演<rt>えん</rt></ruby>じきった。","그 배우는 어려운 역할을 훌륭하게 끝까지 연기해 냈다.","‘완전히 해냄’의 달성감이 강하다."
"N3-112","N3","～きれない","동사 ます형 + ～きれない","끝까지 ~할 수 없다. 능력·한계 부족으로 완수하지 못함을 나타낸다.","<ruby>一人<rt>ひとり</rt></ruby>ではこの<ruby>量<rt>りょう</rt></ruby>を<ruby>食<rt>た</rt></ruby>べきれない。","혼자서는 이 양을 다 먹을 수 없다.","その<ruby>問題<rt>もんだい</rt></ruby>は<ruby>短時間<rt>たんじかん</rt></ruby>では<ruby>考<rt>かんが</rt></ruby>えきれないほど<ruby>複雑<rt>ふくざつ</rt></ruby>だ。","그 문제는 짧은 시간에는 다 생각해 낼 수 없을 만큼 복잡하다.","～きる의 불가능형으로, 한계 초과를 드러낸다."
"N3-113","N3","～<ruby>込<rt>こ</rt></ruby>む","동사 ます형 + ～込む","깊이 ~하다, 안으로 ~들다. 안쪽으로 들어감·철저함을 나타낸다.","その<ruby>俳優<rt>はいゆう</rt></ruby>は<ruby>役<rt>やく</rt></ruby>に<ruby>入<rt>はい</rt></ruby>り<ruby>込<rt>こ</rt></ruby>んで、しばらく<ruby>普段<rt>ふだん</rt></ruby>の<ruby>生活<rt>せいかつ</rt></ruby>ができなかったそうだ。","그 배우는 역할에 깊이 몰입해서 한동안 평소 생활을 못 했다고 한다.","<ruby>人通<rt>ひとどお</rt></ruby>りの<ruby>少<rt>すく</rt></ruby>ない<ruby>道<rt>みち</rt></ruby>に<ruby>入<rt>はい</rt></ruby>り<ruby>込<rt>こ</rt></ruby>むのは<ruby>少<rt>すこ</rt></ruby>し<ruby>不安<rt>ふあん</rt></ruby>だった。","사람이 적은 길 안쪽으로 들어가는 것은 조금 불안했다.","단순 이동보다 ‘안쪽·깊게’의 뉘앙스가 추가된다."
"N3-114","N3","～<ruby>上<rt>あ</rt></ruby>がる","동사 ます형 + ～上がる","완전히 ~되다. 결과가 끝까지 올라가 완성됨을 나타낸다.","ケーキがちょうど<ruby>焼<rt>や</rt></ruby>き<ruby>上<rt>あ</rt></ruby>がったところです。","케이크가 막 다 구워진 참입니다.","<ruby>原稿<rt>げんこう</rt></ruby>がようやく<ruby>書<rt>か</rt></ruby>き<ruby>上<rt>あ</rt></ruby>がって、ほっとした。","원고가 드디어 다 완성되어 안도했다.","결과가 완성되어 ‘되어 있다’는 느낌이 강하다."
"N3-115","N3","～<ruby>上<rt>あ</rt></ruby>げる","동사 ます형 + ～上げる","완전히 ~해 내다. 의지를 가지고 끝까지 해냄을 나타낸다.","このレポートを<ruby>今夜中<rt>こんやじゅう</rt></ruby>に<ruby>書<rt>か</rt></ruby>き<ruby>上<rt>あ</rt></ruby>げるつもりだ。","이 리포트를 오늘 밤 안에 다 써낼 생각이다.","チームみんなで<ruby>大<rt>おお</rt></ruby>きな<ruby>企画<rt>きかく</rt></ruby>を<ruby>作<rt>つく</rt></ruby>り<ruby>上<rt>あ</rt></ruby>げた。","팀 모두가 큰 기획을 완성해 냈다.","～上がる가 결과 상태라면, ～上げる는 주체의 완수 의지가 더 드러난다."
"N3-116","N3","～<ruby>合<rt>あ</rt></ruby>う","동사 ます형 + ～合う","서로 ~하다. 둘 이상이 상호적으로 행동한다.","<ruby>困<rt>こま</rt></ruby>ったときは、みんなで<ruby>助<rt>たす</rt></ruby>け<ruby>合<rt>あ</rt></ruby>うことが<ruby>大切<rt>たいせつ</rt></ruby>だ。","곤란할 때는 모두가 서로 돕는 것이 중요하다.","おたがいに<ruby>意見<rt>いけん</rt></ruby>を<ruby>出<rt>だ</rt></ruby>し<ruby>合<rt>あ</rt></ruby>えば、もっとよい<ruby>案<rt>あん</rt></ruby>になる。","서로 의견을 내면 더 좋은 안이 된다.","상대적·상호적인 동작이라는 점이 핵심이다."
"N3-117","N3","～だらけ","명사 + ～だらけ","~투성이. 바람직하지 않은 것이 많이 붙어 있거나 섞여 있다.","このメモは<ruby>書<rt>か</rt></ruby>き<ruby>間違<rt>まちが</rt></ruby>いだらけで、<ruby>読<rt>よ</rt></ruby>みにくい。","이 메모는 오자투성이여서 읽기 어렵다.","<ruby>久<rt>ひさ</rt></ruby>しぶりに<ruby>開<rt>あ</rt></ruby>けた<ruby>箱<rt>はこ</rt></ruby>の<ruby>中<rt>なか</rt></ruby>は、ほこりだらけだった。","오랜만에 연 상자 안은 먼지투성이였다.","대체로 부정적인 것이 많음을 말할 때 쓴다."
"N3-118","N3","～まみれ","명사 + ～まみれ","~투성이, ~범벅. 실제 물질이 잔뜩 묻은 상태를 말한다.","<ruby>雨<rt>あめ</rt></ruby>の<ruby>中<rt>なか</rt></ruby>を<ruby>走<rt>はし</rt></ruby>って、<ruby>服<rt>ふく</rt></ruby>が<ruby>泥<rt>どろ</rt></ruby>まみれになった。","빗속을 달려서 옷이 진흙투성이가 되었다.","<ruby>試合<rt>しあい</rt></ruby>のあと、<ruby>選手<rt>せんしゅ</rt></ruby>たちは<ruby>汗<rt>あせ</rt></ruby>まみれだった。","경기 후 선수들은 땀범벅이었다.","～だらけ보다 실제 물질이 잔뜩 묻은 느낌이 더 강하다."
"N3-119","N3","～っぱなし","동사 ます형 + ～っぱなし","~한 채로 그대로 두다. 어떤 동작 뒤 정리·원상복구 없이 방치된 상태를 말한다.","エアコンをつけっぱなしで<ruby>出<rt>で</rt></ruby>かけてしまった。","에어컨을 켜 둔 채 외출해 버렸다.","<ruby>机<rt>つくえ</rt></ruby>の<ruby>上<rt>うえ</rt></ruby>に<ruby>資料<rt>しりょう</rt></ruby>が<ruby>広<rt>ひろ</rt></ruby>げっぱなしだ。","책상 위에 자료가 펼쳐진 채로 방치되어 있다.","～まま보다 ‘방치’의 뉘앙스가 더 강하다."
"N3-120","N3","～っぽい","명사 / 동사 ます형 / い형용사 어간 + ～っぽい","~같다; ~기 쉽다. 성질이나 인상을 가볍게 말한다.","このコートは<ruby>形<rt>かたち</rt></ruby>がシンプルで、でもどこか<ruby>子<rt>こ</rt></ruby>どもっぽい。","이 코트는 형태가 심플하지만 어딘가 아이 같다.","あの<ruby>人<rt>ひと</rt></ruby>は<ruby>飽<rt>あ</rt></ruby>きっぽいから、<ruby>長続<rt>ながつづ</rt></ruby>きしないかもしれない。","저 사람은 쉽게 싫증 내는 편이라 오래가지 않을지도 모른다.","～そうだ가 겉보기 인상이라면, ～っぽい는 성질·경향까지 포함하기 쉽다."
"N3-121","N3","ふりをする","동사 보통형 / 명사 + の / な형용사 + な + ふりをする","~한 척하다. 실제와 다르게 태도를 가장한다.","<ruby>知<rt>し</rt></ruby>っているのに、<ruby>知<rt>し</rt></ruby>らないふりをするのはよくない。","알고 있는데 모르는 척하는 것은 좋지 않다.","<ruby>疲<rt>つか</rt></ruby>れていないふりをしていたが、ほんとうはかなり<ruby>眠<rt>ねむ</rt></ruby>かった。","피곤하지 않은 척하고 있었지만 사실은 꽤 졸렸다.","실제 상태와 다른 ‘가장’이라는 점이 핵심이다."
"N3-122","N3","～一方だ","동사 기본형 + ～一方だ","점점 ~하기만 하다. 한 방향으로만 계속 진행되는 변화를 말한다.","このままだと、<ruby>人口<rt>じんこう</rt></ruby>は<ruby>減<rt>へ</rt></ruby>る<ruby>一方<rt>いっぽう</rt></ruby>だ。","이대로라면 인구는 줄어들기만 한다.","その<ruby>店<rt>みせ</rt></ruby>の<ruby>人気<rt>にんき</rt></ruby>は<ruby>高<rt>たか</rt></ruby>まる<ruby>一方<rt>いっぽう</rt></ruby>で、<ruby>予約<rt>よやく</rt></ruby>がとりにくくなっている。","그 가게의 인기는 높아지기만 해서 예약이 어려워지고 있다.","～ばかりだ와 비슷하지만 문어적이고 변화의 방향성이 더 또렷하다."
"N3-123","N3","～ばかりだ","동사 기본형 + ～ばかりだ","점점 ~하기만 하다. 한 방향으로 계속 변하는 상태를 회화적으로 말한다.","スマホの<ruby>値段<rt>ねだん</rt></ruby>は<ruby>上<rt>あ</rt></ruby>がるばかりで、なかなか<ruby>買<rt>か</rt></ruby>えない。","스마트폰 가격은 오르기만 해서 좀처럼 살 수 없다.","<ruby>何<rt>なに</rt></ruby>もしなければ、<ruby>問題<rt>もんだい</rt></ruby>は<ruby>悪化<rt>あっか</rt></ruby>するばかりだ。","아무것도 하지 않으면 문제는 악화되기만 한다.","～一方だ보다 조금 더 회화적이다."
"N3-124","N3","そうにない","동사 ます형 + そうにない","~할 것 같지 않다. 겉보기에 가능성이 낮아 보임을 말한다.","この<ruby>雨<rt>あめ</rt></ruby>は、しばらくやみそうにない。","이 비는 한동안 그칠 것 같지 않다.","あの<ruby>様子<rt>ようす</rt></ruby>では、<ruby>今日中<rt>きょうじゅう</rt></ruby>に<ruby>終<rt>お</rt></ruby>わりそうにない。","저 모양으로는 오늘 안에 끝날 것 같지 않다.","겉보기에 가능성이 낮아 보인다는 점에서 판단의 근거가 눈앞에 있다."
"N3-125","N3","そうもない","동사 ます형 + そうもない","꼭 ~할 것 같지도 않다. 가능성이 낮음을 조금 더 완곡하게 말한다.","この<ruby>時間<rt>じかん</rt></ruby>なら、<ruby>会場<rt>かいじょう</rt></ruby>はそんなに<ruby>混<rt>こ</rt></ruby>みそうもない。","이 시간이라면 행사장은 그렇게 붐빌 것 같지도 않다.","あの<ruby>二人<rt>ふたり</rt></ruby>は、すぐには<ruby>仲直<rt>なかなお</rt></ruby>りしそうもない。","저 두 사람은 금방 화해할 것 같지도 않다.","～そうにない보다 조금 더 부드럽고 완곡하다."
"N3-126","N3","～たことがある","동사 た형 + ～たことがある","가끔 ~할 때가 있다. 반복 속의 예외적 경험·상황을 말한다.","この<ruby>電車<rt>でんしゃ</rt></ruby>は<ruby>雪<rt>ゆき</rt></ruby>の<ruby>日<rt>ひ</rt></ruby>に<ruby>遅<rt>おく</rt></ruby>れることがある。","이 전철은 눈 오는 날에는 늦을 때가 있다.","どんなに<ruby>元気<rt>げんき</rt></ruby>な<ruby>人<rt>ひと</rt></ruby>でも、<ruby>急<rt>きゅう</rt></ruby>に<ruby>不安<rt>ふあん</rt></ruby>になることがある。","아무리 활기찬 사람이라도 갑자기 불안해질 때가 있다.","N5의 ～たことがある가 ‘경험 있음’이라면, 여기서는 ‘그런 일이 있다’는 뜻이다."
"N3-127","N3","～に比べて","명사 + ～に比べて","~에 비해. 두 대상을 비교해 차이를 말한다.","<ruby>去年<rt>きょねん</rt></ruby>に<ruby>比<rt>くら</rt></ruby>べて、ことしは<ruby>観光客<rt>かんこうきゃく</rt></ruby>がかなり<ruby>増<rt>ふ</rt></ruby>えた。","작년에 비해 올해는 관광객이 꽤 늘었다.","この<ruby>町<rt>まち</rt></ruby>は<ruby>都心<rt>としん</rt></ruby>に<ruby>比<rt>くら</rt></ruby>べて、<ruby>家賃<rt>やちん</rt></ruby>が<ruby>安<rt>やす</rt></ruby>い。","이 도시는 도심에 비해 집세가 싸다.","～と違って가 차이 자체라면, ～に比べて는 비교 평가에 가깝다."
"N3-128","N3","～ほど","명사 / 동사 보통형 + ～ほど","~정도, ~만큼. 정도나 범위를 나타낸다.","<ruby>夢中<rt>むちゅう</rt></ruby>になると、<ruby>時間<rt>じかん</rt></ruby>を<ruby>忘<rt>わす</rt></ruby>れるほど<ruby>集中<rt>しゅうちゅう</rt></ruby>してしまう。","몰입하면 시간을 잊을 만큼 집중해 버린다.","この<ruby>景色<rt>けしき</rt></ruby>は、<ruby>言葉<rt>ことば</rt></ruby>にできないほどきれいだ。","이 경치는 말로 할 수 없을 만큼 아름답다.","비교의 ～ほど～ない와 달리 단독으로는 ‘정도’를 나타낸다."
"N3-129","N3","～ほど～ない","명사 + ほど + 부정형","~만큼 ~하지 않다. 비교 기준보다 정도가 낮음을 말한다.","この<ruby>道<rt>みち</rt></ruby>は<ruby>駅前<rt>えきまえ</rt></ruby>ほど<ruby>混<rt>こ</rt></ruby>んでいない。","이 길은 역 앞만큼 붐비지 않는다.","ことしの<ruby>夏<rt>なつ</rt></ruby>は<ruby>去年<rt>きょねん</rt></ruby>ほど<ruby>暑<rt>あつ</rt></ruby>くない。","올여름은 작년만큼 덥지 않다.","N5의 ～より보다 비교 결과를 부정형으로 표현하는 방식이다."
"N3-130","N3","～くらい","명사 / 동사 보통형 + ～くらい","~정도, ~할 만큼. 정도를 나타내거나 가볍게 예시를 든다.","<ruby>立<rt>た</rt></ruby>っていられないくらい<ruby>疲<rt>つか</rt></ruby>れている。","서 있을 수 없을 정도로 피곤하다.","これくらいの<ruby>荷物<rt>にもつ</rt></ruby>なら、<ruby>一人<rt>ひとり</rt></ruby>で<ruby>運<rt>はこ</rt></ruby>べる。","이 정도 짐이라면 혼자서 옮길 수 있다.","～ぐらい와 뜻은 거의 같고, 둘 다 일상적으로 쓴다."
"N3-131","N3","～ぐらい","명사 / 동사 보통형 + ～ぐらい","~정도, ~할 만큼. 정도를 나타내는 구어적인 표현이다.","<ruby>泣<rt>な</rt></ruby>きたいぐらい<ruby>悔<rt>くや</rt></ruby>しかった。","울고 싶을 정도로 분했다.","そのくらいの<ruby>距離<rt>きょり</rt></ruby>なら、<ruby>毎日<rt>まいにち</rt></ruby><ruby>歩<rt>ある</rt></ruby>けるよ。","그 정도 거리라면 매일 걸을 수 있어.","～くらい와 거의 같고, 회화에서는 ～ぐらい도 매우 흔하다."
"N3-132","N3","～こそ","명사 + ～こそ","~야말로. 특별히 강조할 대상을 찍어 말한다.","いまこそ、みんなで<ruby>力<rt>ちから</rt></ruby>を<ruby>合<rt>あ</rt></ruby>わせるべきだ。","지금이야말로 모두가 힘을 합쳐야 한다.","<ruby>失敗<rt>しっぱい</rt></ruby>したときこそ、<ruby>落<rt>お</rt></ruby>ち<ruby>着<rt>つ</rt></ruby>いて<ruby>考<rt>かんが</rt></ruby>えることが<ruby>大切<rt>たいせつ</rt></ruby>だ。","실패했을 때야말로 침착하게 생각하는 것이 중요하다.","강조의 초점이 매우 뚜렷하다."
"N3-133","N3","～はもちろん","명사 + はもちろん","~은 물론. 대표적인 대상을 먼저 들고 다른 것도 포함함을 말한다.","この<ruby>店<rt>みせ</rt></ruby>は<ruby>味<rt>あじ</rt></ruby>はもちろん、<ruby>店員<rt>てんいん</rt></ruby>の<ruby>対応<rt>たいおう</rt></ruby>もすばらしい。","이 가게는 맛은 물론 점원의 대응도 훌륭하다.","<ruby>子<rt>こ</rt></ruby>どもはもちろん、<ruby>大人<rt>おとな</rt></ruby>も<ruby>楽<rt>たの</rt></ruby>しめる<ruby>内容<rt>ないよう</rt></ruby>になっている。","아이들은 물론 어른도 즐길 수 있는 내용으로 되어 있다.","대표 항목을 먼저 강조해 포함 범위를 넓힌다."
"N3-134","N3","～なんか","명사 + なんか","~따위, ~같은 것. 낮춰 보거나 가볍게 예시를 든다.","わたしなんか、まだまだ<ruby>経験<rt>けいけん</rt></ruby>が<ruby>足<rt>た</rt></ruby>りない。","나 같은 건 아직 경험이 부족하다.","そんな<ruby>失礼<rt>しつれい</rt></ruby>な<ruby>言<rt>い</rt></ruby>い<ruby>方<rt>かた</rt></ruby>なんか、するべきじゃない。","그런 무례한 말투 따위는 해서는 안 된다.","～なんて보다 더 구어적이고 가볍다."
"N3-135","N3","～なんて","명사 / 절 + なんて","~라니, ~따위. 놀람·경시·강조가 섞인 구어 표현이다.","こんなに<ruby>簡単<rt>かんたん</rt></ruby>だなんて、<ruby>思<rt>おも</rt></ruby>ってもみなかった。","이렇게 간단하다니 전혀 생각도 못 했다.","あの<ruby>人<rt>ひと</rt></ruby>がうそをつくなんて、まだ<ruby>信<rt>しん</rt></ruby>じられない。","저 사람이 거짓말을 하다니 아직 믿기지 않는다.","～なんか보다 놀람·감정이 더 잘 실린다."
"N3-136","N3","～など","명사 / 절 + など","~등, ~따위. 열거나 낮추는 문어적 표현이다.","<ruby>会議<rt>かいぎ</rt></ruby>では、<ruby>予算<rt>よさん</rt></ruby>や<ruby>人員<rt>じんいん</rt></ruby><ruby>配置<rt>はいち</rt></ruby>などについて<ruby>話<rt>はな</rt></ruby>し<ruby>合<rt>あ</rt></ruby>った。","회의에서는 예산이나 인원 배치 등에 대해 이야기했다.","<ruby>人前<rt>ひとまえ</rt></ruby>で<ruby>怒鳴<rt>どな</rt></ruby>るなど、してはいけない。","사람들 앞에서 고함치는 따위의 행동은 해서는 안 된다.","～なんか / ～なんて보다 덜 구어적이고 더 중립적이다."
"N3-137","N3","あまり","동사 보통형 / い형용사 / な형용사 + ～あまり","너무 ~한 나머지. 정도가 지나쳐 결과가 생김을 말한다.","うれしさのあまり、<ruby>何<rt>なに</rt></ruby>を<ruby>話<rt>はな</rt></ruby>したか<ruby>覚<rt>おぼ</rt></ruby>えていない。","너무 기쁜 나머지 무엇을 말했는지 기억나지 않는다.","<ruby>心配<rt>しんぱい</rt></ruby>のあまり、<ruby>夜<rt>よる</rt></ruby>ほとんど<ruby>眠<rt>ねむ</rt></ruby>れなかった。","너무 걱정한 나머지 밤에 거의 잠을 못 잤다.","N5의 ‘별로’라는 부사 あまり와는 전혀 다른 용법이다."
"N3-138","N3","あまりに","あまりに + い형용사 / な형용사 / 동사","너무, 지나치게. 정도가 매우 크다는 뜻을 강하게 드러낸다.","その<ruby>映画<rt>えいが</rt></ruby>はあまりに<ruby>悲<rt>かな</rt></ruby>しくて、しばらく<ruby>席<rt>せき</rt></ruby>を<ruby>立<rt>た</rt></ruby>てなかった。","그 영화는 너무 슬퍼서 한동안 자리에서 일어날 수 없었다.","あまりに<ruby>急<rt>きゅう</rt></ruby>な<ruby>話<rt>はなし</rt></ruby>で、すぐには<ruby>返事<rt>へんじ</rt></ruby>できなかった。","너무 갑작스러운 이야기여서 바로 대답할 수 없었다.","문두에서 정도를 강하게 강조하는 부사이다."
"N3-139","N3","～み","い형용사 어간 + ～み","~함, ~스러움. 감각적·추상적 성질을 명사화한다.","このワインは<ruby>少<rt>すこ</rt></ruby>し<ruby>甘<rt>あま</rt></ruby>みがあって、<ruby>飲<rt>の</rt></ruby>みやすい。","이 와인은 약간 단맛이 있어서 마시기 쉽다.","その<ruby>俳優<rt>はいゆう</rt></ruby>の<ruby>演技<rt>えんぎ</rt></ruby>には<ruby>深<rt>ふか</rt></ruby>みがある。","그 배우의 연기에는 깊이가 있다.","N4의 ～さ보다 더 제한적이고 감각적 용례가 많다."
"N3-140","N3","～というのは","명사 / 절 + ～というのは","~라고 하는 것은. 주제를 꺼내어 정의·설명을 시작한다.","<ruby>働<rt>はたら</rt></ruby>き<ruby>方<rt>かた</rt></ruby>の<ruby>自由<rt>じゆう</rt></ruby>というのは、<ruby>場所<rt>ばしょ</rt></ruby>だけでなく<ruby>時間<rt>じかん</rt></ruby>も<ruby>選<rt>えら</rt></ruby>べることだ。","일하는 방식의 자유라는 것은 장소뿐 아니라 시간도 고를 수 있다는 것이다.","<ruby>失敗<rt>しっぱい</rt></ruby>したというのは、<ruby>決<rt>き</rt></ruby>して<ruby>終<rt>お</rt></ruby>わりを<ruby>意味<rt>いみ</rt></ruby>しない。","실패했다는 것은 결코 끝을 의미하지 않는다.","설명·정의의 도입에 자주 쓰인다."
"N3-141","N3","～というより","보통형 + ～というより","~라기보다. 앞 표현을 약하게 수정하고 뒤가 더 맞다고 말한다.","この<ruby>料理<rt>りょうり</rt></ruby>は<ruby>辛<rt>から</rt></ruby>いというより、<ruby>香<rt>こう</rt></ruby>りが<ruby>強<rt>つよ</rt></ruby>い。","이 요리는 맵다기보다 향이 강하다.","それは<ruby>失敗<rt>しっぱい</rt></ruby>というより、<ruby>経験<rt>けいけん</rt></ruby>だったと<ruby>思<rt>おも</rt></ruby>う。","그것은 실패라기보다 경험이었다고 생각한다.","완전 부정보다 ‘더 맞는 표현으로 수정’하는 느낌이다."
"N3-142","N3","～と言っても","보통형 + ～と言っても","~라고 해도. 앞말을 인정하면서 실제 범위를 제한·보정한다.","<ruby>近<rt>ちか</rt></ruby>いと言っても、<ruby>歩<rt>ある</rt></ruby>くと<ruby>三十分<rt>さんじゅっぷん</rt></ruby>はかかる。","가깝다고 해도 걸으면 30분은 걸린다.","<ruby>休<rt>やす</rt></ruby>みと言っても、<ruby>午前中<rt>ごぜんちゅう</rt></ruby>は<ruby>会議<rt>かいぎ</rt></ruby>がある。","쉰다고 해도 오전 중에는 회의가 있다.","앞말의 인상을 좁히거나 현실적으로 수정할 때 쓴다."
"N3-143","N3","～といえば","명사 / 절 + ～といえば","~라고 하면. 어떤 말을 듣고 연상되는 화제나 대표 예를 든다.","<ruby>夏<rt>なつ</rt></ruby>といえば、やっぱり<ruby>花火<rt>はなび</rt></ruby>を<ruby>思<rt>おも</rt></ruby>い<ruby>出<rt>だ</rt></ruby>す。","여름이라고 하면 역시 불꽃놀이가 떠오른다.","<ruby>健康<rt>けんこう</rt></ruby>といえば、<ruby>最近<rt>さいきん</rt></ruby>は<ruby>睡眠<rt>すいみん</rt></ruby>の<ruby>大切<rt>たいせつ</rt></ruby>さがよく<ruby>話題<rt>わだい</rt></ruby>になる。","건강이라고 하면 최근에는 수면의 중요성이 자주 화제가 된다.","정의의 ～というのは와 달리 화제 전환·연상에 가깝다."
"N3-144","N3","～とおりに","동사 기본형 / 명사 + の + ～とおりに","~한 대로; ~대로.","<ruby>説明書<rt>せつめいしょ</rt></ruby>のとおりに<ruby>設定<rt>せってい</rt></ruby>したら、すぐに<ruby>使<rt>つか</rt></ruby>えるようになった。","설명서대로 설정했더니 바로 사용할 수 있게 되었다.","<ruby>先生<rt>せんせい</rt></ruby>が<ruby>言<rt>い</rt></ruby>ったとおりに<ruby>練習<rt>れんしゅう</rt></ruby>したら、<ruby>発音<rt>はつおん</rt></ruby>がよくなった。","선생님이 말한 대로 연습했더니 발음이 좋아졌다.","～どおりに와 뜻은 같고, 발음 차이만 있다."
"N3-145","N3","～どおりに","동사 기본형 / 명사 + ～どおりに","~한 대로; ~대로.","<ruby>予定<rt>よてい</rt></ruby>どおりに<ruby>会議<rt>かいぎ</rt></ruby>が<ruby>終<rt>お</rt></ruby>わって、みんなほっとした。","예정대로 회의가 끝나서 모두 안심했다.","<ruby>思<rt>おも</rt></ruby>いどおりにいかなくても、あきらめないで<ruby>続<rt>つづ</rt></ruby>けよう。","생각대로 되지 않더라도 포기하지 말고 계속하자.","～とおりに와 뜻은 같고, 관용적으로 思いどおり・予定どおり처럼 자주 쓴다."
"N3-146","N3","～って","보통형 / 명사 + ～って","~은 말이지; ~라고.","<ruby>山田<rt>やまだ</rt></ruby>さんって、<ruby>毎朝<rt>まいあさ</rt></ruby>こんなに<ruby>早<rt>はや</rt></ruby>く<ruby>来<rt>く</rt></ruby>るの？","야마다 씨는 말이지, 매일 아침 이렇게 일찍 와?","<ruby>弟<rt>おとうと</rt></ruby>が<ruby>明日<rt>あした</rt></ruby>は<ruby>休<rt>やす</rt></ruby>みだって<ruby>嬉<rt>うれ</rt></ruby>しそうに<ruby>話<rt>はな</rt></ruby>していた。","남동생이 내일은 쉰다고 기뻐하며 이야기하고 있었다.","구어에서 は / と言う를 가볍게 바꾼 느낌이다."
"N3-147","N3","～っけ","보통형 + ～っけ","~였지?; ~더라?","<ruby>次<rt>つぎ</rt></ruby>の<ruby>電車<rt>でんしゃ</rt></ruby>って<ruby>何時<rt>なんじ</rt></ruby>だっけ。","다음 전철 몇 시였지?","この<ruby>店<rt>みせ</rt></ruby>、<ruby>前<rt>まえ</rt></ruby>にも<ruby>来<rt>き</rt></ruby>たっけ。","이 가게, 전에도 왔었나?","혼잣말처럼 기억을 더듬는 구어 표현이다."
"N3-148","N3","～の<ruby>上<rt>うえ</rt></ruby>で","명사 + の + ～上で","~의 면에서; ~의 관점에서.","<ruby>安全<rt>あんぜん</rt></ruby>の<ruby>上<rt>うえ</rt></ruby>で、この<ruby>方法<rt>ほうほう</rt></ruby>がいちばん<ruby>確実<rt>かくじつ</rt></ruby>だ。","안전 면에서 이 방법이 가장 확실하다.","<ruby>法律<rt>ほうりつ</rt></ruby>の<ruby>上<rt>うえ</rt></ruby>で<ruby>問題<rt>もんだい</rt></ruby>がないか、もう<ruby>一度<rt>いちど</rt></ruby><ruby>確<rt>たし</rt></ruby>かめよう。","법률 면에서 문제가 없는지 다시 한번 확인하자.","～た上で가 순서라면, ～の上で는 관점·범위를 말한다."
"N3-149","N3","～た<ruby>上<rt>うえ</rt></ruby>で","동사 た형 + ～上で","~한 후에; ~하고 나서.","<ruby>内容<rt>ないよう</rt></ruby>をよく<ruby>読<rt>よ</rt></ruby>んだ<ruby>上<rt>うえ</rt></ruby>で、<ruby>申込<rt>もうしこ</rt></ruby>みをしてください。","내용을 잘 읽은 후에 신청해 주세요.","<ruby>家族<rt>かぞく</rt></ruby>と<ruby>相談<rt>そうだん</rt></ruby>した<ruby>上<rt>うえ</rt></ruby>で、<ruby>返事<rt>へんじ</rt></ruby>をするつもりです。","가족과 상의한 후에 답할 생각입니다.","～てから보다 더 격식 있고 절차적이다."
"N3-150","N3","～やら～やら","명사 / 보통형 + ～やら～やら","~도 하고 ~도 하고; ~인지 ~인지.","<ruby>休<rt>やす</rt></ruby>みの<ruby>日<rt>ひ</rt></ruby>は<ruby>掃除<rt>そうじ</rt></ruby>やら<ruby>洗濯<rt>せんたく</rt></ruby>やらで、すぐ<ruby>終<rt>お</rt></ruby>わってしまう。","쉬는 날은 청소도 하고 빨래도 하고 하다 보면 금방 끝나 버린다.","<ruby>泣<rt>な</rt></ruby>くやら<ruby>笑<rt>わら</rt></ruby>うやらで、<ruby>会場<rt>かいじょう</rt></ruby>はとてもにぎやかだった。","울고 웃고 해서 회장은 매우 떠들썩했다.","～とか～とか보다 다소 문어적이고 뒤섞인 느낌이 있다."
"N3-151","N3","～とか～とか","명사 / 보통형 + ～とか～とか","~라든가 ~라든가.","<ruby>週末<rt>しゅうまつ</rt></ruby>は<ruby>映画<rt>えいが</rt></ruby>を<ruby>見<rt>み</rt></ruby>るとか<ruby>本<rt>ほん</rt></ruby>を<ruby>読<rt>よ</rt></ruby>むとかして<ruby>過<rt>す</rt></ruby>ごしたい。","주말은 영화를 본다든가 책을 읽는다든가 하며 보내고 싶다.","<ruby>旅行<rt>りょこう</rt></ruby>のおみやげにお<ruby>菓子<rt>かし</rt></ruby>とかお<ruby>茶<rt>ちゃ</rt></ruby>とかを<ruby>買<rt>か</rt></ruby>ってきた。","여행 선물로 과자라든가 차라든가를 사 왔다.","～やら～やら보다 더 회화적이고 가벼운 나열이다."
"N3-152","N3","～ようとする","동사 의향형 + ～とする","막 ~하려 하다; ~하려고 하다.","<ruby>家<rt>いえ</rt></ruby>を<ruby>出<rt>で</rt></ruby>ようとしたとき、<ruby>友達<rt>ともだち</rt></ruby>から<ruby>電話<rt>でんわ</rt></ruby>がかかってきた。","집을 나서려 할 때 친구에게서 전화가 왔다.","<ruby>泣<rt>な</rt></ruby>こうとする<ruby>子<rt>こ</rt></ruby>どもを、<ruby>母親<rt>ははおや</rt></ruby>がやさしく<ruby>抱<rt>だ</rt></ruby>いた。","울려고 하는 아이를 어머니가 다정히 안았다.","의지 그 자체보다 막 행동에 들어가려는 직전 느낌이 있다."
"N3-153","N3","～ようとしたが","동사 의향형 + ～としたが","~하려고 했지만.","<ruby>説明<rt>せつめい</rt></ruby>しようとしたが、うまく<ruby>言葉<rt>ことば</rt></ruby>が<ruby>出<rt>で</rt></ruby>てこなかった。","설명하려고 했지만 말이 잘 나오지 않았다.","<ruby>電車<rt>でんしゃ</rt></ruby>に<ruby>乗<rt>の</rt></ruby>ろうとしたが、<ruby>目<rt>め</rt></ruby>の<ruby>前<rt>まえ</rt></ruby>でドアが<ruby>閉<rt>し</rt></ruby>まった。","전철을 타려고 했지만 눈앞에서 문이 닫혔다.","～ようとする의 미완 행동에 역접 상황이 붙은 형태다."
"N3-154","N3","～ようとしない","동사 의향형 + ～としない","~하려고 하지 않다.","<ruby>弟<rt>おとうと</rt></ruby>は<ruby>苦手<rt>にがて</rt></ruby>なことからいつも<ruby>逃<rt>に</rt></ruby>げようとしない。","남동생은 서투른 일에서 늘 도망치려고 하지 않는다.","<ruby>彼<rt>かれ</rt></ruby>は<ruby>自分<rt>じぶん</rt></ruby>の<ruby>間違<rt>まちが</rt></ruby>いを<ruby>認<rt>みと</rt></ruby>めようとしなかった。","그는 자신의 잘못을 인정하려고 하지 않았다.","단순 부정보다 강한 거부·비협조의 느낌이 있다."
"N3-155","N3","～ようにも～ない","동사 의향형 + にも + 동사 가능형 ない","~하려고 해도 ~할 수 없다.","この<ruby>荷物<rt>にもつ</rt></ruby>は<ruby>重<rt>おも</rt></ruby>すぎて、<ruby>一人<rt>ひとり</rt></ruby>では<ruby>持<rt>も</rt></ruby>とうにも<ruby>持<rt>も</rt></ruby>てない。","이 짐은 너무 무거워서 혼자서는 들려고 해도 들 수 없다.","<ruby>事情<rt>じじょう</rt></ruby>が<ruby>複雑<rt>ふくざつ</rt></ruby>で、<ruby>今<rt>いま</rt></ruby>は<ruby>説明<rt>せつめい</rt></ruby>しようにもできない。","사정이 복잡해서 지금은 설명하려고 해도 할 수 없다.","의지가 있어도 현실적으로 불가능함을 나타낸다."
"N3-156","N3","～ようではないか","동사 의향형 + ではないか","~하자.","この<ruby>問題<rt>もんだい</rt></ruby>はみんなで<ruby>話<rt>はな</rt></ruby>し<ruby>合<rt>あ</rt></ruby>おうではないか。","이 문제는 모두 함께 의논하자.","ここまで<ruby>来<rt>き</rt></ruby>たのだから、<ruby>最後<rt>さいご</rt></ruby>まで<ruby>頑張<rt>がんば</rt></ruby>ろうではないか。","여기까지 왔으니 끝까지 힘내 보자.","연설·호소 느낌이 있는 다소 문어적 제안이다."
"N3-157","N3","～ようじゃないか","동사 의향형 + じゃないか","~하자.","せっかく<ruby>集<rt>あつ</rt></ruby>まったんだから、みんなで<ruby>写真<rt>しゃしん</rt></ruby>を<ruby>撮<rt>と</rt></ruby>ろうじゃないか。","모처럼 모였으니 모두 함께 사진을 찍자.","たまには<ruby>仕事<rt>しごと</rt></ruby>を<ruby>忘<rt>わす</rt></ruby>れて、ゆっくり<ruby>休<rt>やす</rt></ruby>もうじゃないか。","가끔은 일을 잊고 푹 쉬자.","～ようではないか보다 조금 더 구어적이다."
"N3-158","N3","～ような<ruby>気<rt>き</rt></ruby>がする","보통형 + ような気がする","~인 것 같은 기분이 들다.","この<ruby>曲<rt>きょく</rt></ruby>を<ruby>聞<rt>き</rt></ruby>くと、<ruby>昔<rt>むかし</rt></ruby>に<ruby>戻<rt>もど</rt></ruby>ったような<ruby>気<rt>き</rt></ruby>がする。","이 곡을 들으면 옛날로 돌아간 것 같은 기분이 든다.","<ruby>今日<rt>きょう</rt></ruby>の<ruby>会議<rt>かいぎ</rt></ruby>は、いつもより<ruby>短<rt>みじか</rt></ruby>かったような<ruby>気<rt>き</rt></ruby>がする。","오늘 회의는 평소보다 짧았던 것 같은 기분이 든다.","객관 단정보다 주관적 인상에 가깝다."
"N3-159","N3","～ように<ruby>見<rt>み</rt></ruby>える","보통형 + ように見える","~처럼 보이다.","あの<ruby>二人<rt>ふたり</rt></ruby>はよく<ruby>似<rt>に</rt></ruby>ていて、まるで<ruby>兄弟<rt>きょうだい</rt></ruby>のように<ruby>見<rt>み</rt></ruby>える。","저 두 사람은 많이 닮아서 마치 형제처럼 보인다.","この<ruby>料理<rt>りょうり</rt></ruby>は<ruby>簡単<rt>かんたん</rt></ruby>そうに<ruby>見<rt>み</rt></ruby>えるが、<ruby>実<rt>じつ</rt></ruby>は<ruby>手間<rt>てま</rt></ruby>がかかる。","이 요리는 간단해 보이지만 사실은 손이 많이 간다.","ような気がする보다 시각적 판단의 비중이 크다."
"N3-160","N3","～てくださる","동사 て형 + くださる","~해 주시다.","<ruby>先生<rt>せんせい</rt></ruby>が<ruby>丁寧<rt>ていねい</rt></ruby>に<ruby>教<rt>おし</rt></ruby>えてくださったので、よく<ruby>分<rt>わ</rt></ruby>かった。","선생님이 친절하게 가르쳐 주셔서 잘 알게 되었다.","お<ruby>忙<rt>いそが</rt></ruby>しいのに、わざわざ<ruby>来<rt>き</rt></ruby>てくださってありがとうございます。","바쁘신데도 일부러 와 주셔서 감사합니다.","くれる의 높임말로, 베풂의 주체를 높인다."
"N3-161","N3","～て<ruby>頂戴<rt>ちょうだい</rt></ruby>","동사 て형 + ちょうだい","~해 줘.","そこにある<ruby>本<rt>ほん</rt></ruby>を<ruby>取<rt>と</rt></ruby>って<ruby>頂戴<rt>ちょうだい</rt></ruby>。","거기 있는 책을 집어 줘.","もう<ruby>少<rt>すこ</rt></ruby>し<ruby>静<rt>しず</rt></ruby>かにして<ruby>頂戴<rt>ちょうだい</rt></ruby>。","조금만 더 조용히 해 줘.","～てください보다 친한 사이에서 여성적·부드럽게 들릴 수 있다."
"N3-162","N3","さて","독립 표현","자; 그런데; 그럼.","さて、<ruby>今日<rt>きょう</rt></ruby>の<ruby>本題<rt>ほんだい</rt></ruby>に<ruby>入<rt>はい</rt></ruby>りましょう。","자, 오늘의 본론으로 들어갑시다.","さて、この<ruby>続<rt>つづ</rt></ruby>きはまた<ruby>次回<rt>じかい</rt></ruby><ruby>考<rt>かんが</rt></ruby>えることにしよう。","자, 이 다음은 다음번에 다시 생각하기로 하자.","화제를 새로 꺼내거나 전환할 때 쓴다."
"N3-163","N3","ところが","독립 표현","그런데; 하지만.","<ruby>急<rt>いそ</rt></ruby>いで<ruby>駅<rt>えき</rt></ruby>へ<ruby>向<rt>む</rt></ruby>かった。ところが、<ruby>電車<rt>でんしゃ</rt></ruby>はすでに<ruby>出<rt>で</rt></ruby>たあとだった。","서둘러 역으로 향했다. 그런데 전철은 이미 떠난 뒤였다.","<ruby>簡単<rt>かんたん</rt></ruby>だと<ruby>思<rt>おも</rt></ruby>っていた。ところが、やってみると<ruby>意外<rt>いがい</rt></ruby>に<ruby>難<rt>むずか</rt></ruby>しかった。","간단하다고 생각했다. 그런데 해 보니 의외로 어려웠다.","예상과 다른 결과가 나올 때 많이 쓴다."
"N3-164","N3","ところで","독립 표현","그런데; 그건 그렇고.","ところで、<ruby>来週<rt>らいしゅう</rt></ruby>の<ruby>予定<rt>よてい</rt></ruby>はもう<ruby>決<rt>き</rt></ruby>まりましたか。","그런데 다음 주 일정은 이미 정했습니까?","ところで、この<ruby>書類<rt>しょるい</rt></ruby>はどこへ<ruby>提出<rt>ていしゅつ</rt></ruby>すればいいですか。","그런데 이 서류는 어디에 제출하면 됩니까?","ところが와 달리 화제를 바꿀 때 쓴다."
"N3-165","N3","それなのに","독립 표현","그런데도; 그럼에도.","<ruby>十分<rt>じゅうぶん</rt></ruby><ruby>練習<rt>れんしゅう</rt></ruby>した。それなのに、<ruby>本番<rt>ほんばん</rt></ruby>では<ruby>失敗<rt>しっぱい</rt></ruby>してしまった。","충분히 연습했다. 그런데도 실전에서는 실패하고 말았다.","<ruby>彼<rt>かれ</rt></ruby>は<ruby>約束<rt>やくそく</rt></ruby>した。それなのに、まだ<ruby>何<rt>なに</rt></ruby>もしていない。","그는 약속했다. 그런데도 아직 아무것도 하지 않았다.","앞 문장과 반대되는 결과에 대한 불만·의외가 실린다."
"N3-166","N3","そこで","독립 표현","그래서; 거기서.","<ruby>予算<rt>よさん</rt></ruby>が<ruby>足<rt>た</rt></ruby>りなかった。そこで、<ruby>計画<rt>けいかく</rt></ruby>を<ruby>少<rt>すこ</rt></ruby>し<ruby>見直<rt>みなお</rt></ruby>すことにした。","예산이 부족했다. 그래서 계획을 조금 재검토하기로 했다.","<ruby>道<rt>みち</rt></ruby>に<ruby>迷<rt>まよ</rt></ruby>った。そこで、<ruby>近<rt>ちか</rt></ruby>くの<ruby>人<rt>ひと</rt></ruby>に<ruby>聞<rt>き</rt></ruby>いてみた。","길을 잃었다. 그래서 근처 사람에게 물어 보았다.","앞 상황을 받아 다음 대응·조치를 말할 때 쓴다."
"N3-167","N3","すなわち","독립 표현","즉.","この<ruby>建物<rt>たてもの</rt></ruby>は<ruby>修理<rt>しゅうり</rt></ruby>が<ruby>必要<rt>ひつよう</rt></ruby>だ。すなわち、いますぐ<ruby>点検<rt>てんけん</rt></ruby>を<ruby>始<rt>はじ</rt></ruby>めるべきだ。","이 건물은 수리가 필요하다. 즉, 지금 바로 점검을 시작해야 한다.","<ruby>彼<rt>かれ</rt></ruby>は<ruby>最終<rt>さいしゅう</rt></ruby><ruby>責任者<rt>せきにんしゃ</rt></ruby>だ。すなわち、この<ruby>判断<rt>はんだん</rt></ruby>は<ruby>彼<rt>かれ</rt></ruby>が<ruby>下<rt>くだ</rt></ruby>す。","그는 최종 책임자다. 즉, 이 판단은 그가 내린다.","즉 요약·정의를 이을 때 쓰는 문어적 표현이다."
"N3-168","N3","さらに","독립 표현","더욱; 게다가.","この<ruby>案<rt>あん</rt></ruby>を<ruby>検討<rt>けんとう</rt></ruby>し、さらに<ruby>必要<rt>ひつよう</rt></ruby>なら<ruby>修正<rt>しゅうせい</rt></ruby>を<ruby>加<rt>くわ</rt></ruby>える。","이 안을 검토하고, 더 필요하면 수정을 더한다.","<ruby>気温<rt>きおん</rt></ruby>は<ruby>午後<rt>ごご</rt></ruby>になってさらに<ruby>上<rt>あ</rt></ruby>がった。","기온은 오후가 되자 더욱 올랐다.","そして보다 문어적이고, 추가·강화의 느낌이 강하다."
"N3-169","N3","決して～ない","決して + 부정형","결코 ~않다. 강한 의지를 담아 완전히 부정한다.","このことは<ruby>決<rt>けっ</rt></ruby>して<ruby>誰<rt>だれ</rt></ruby>にも<ruby>話<rt>はな</rt></ruby>さない。","이 일은 결코 누구에게도 말하지 않겠다.","あの<ruby>経験<rt>けいけん</rt></ruby>は<ruby>決<rt>けっ</rt></ruby>して<ruby>無駄<rt>むだ</rt></ruby>ではなかった。","그 경험은 결코 헛되지 않았다.","ぜんぜん～ない보다 의지적이고 격식 있는 부정이다."
"N3-170","N3","めったに～ない","めったに + 부정형","좀처럼 ~않다. 빈도가 매우 낮음을 나타낸다.","この<ruby>辺<rt>へん</rt></ruby>ではめったに<ruby>雪<rt>ゆき</rt></ruby>が<ruby>降<rt>ふ</rt></ruby>らない。","이 근처에는 좀처럼 눈이 오지 않는다.","あの<ruby>先生<rt>せんせい</rt></ruby>はめったに<ruby>怒<rt>おこ</rt></ruby>らない。","저 선생님은 좀처럼 화내지 않는다.","なかなか～ない보다 단순한 빈도 낮음을 말한다."
"N3-171","N3","なかなか","문장 안에서","꽤; 좀처럼. 긍정이면 ‘꽤’, 부정이면 ‘좀처럼’이 된다.","この<ruby>店<rt>みせ</rt></ruby>のランチはなかなかおいしい。","이 가게의 점심은 꽤 맛있다.","バスがなかなか<ruby>来<rt>こ</rt></ruby>ないね。","버스가 좀처럼 오지 않네.","긍정문과 부정문에서 뜻이 달라진다."
"N3-172","N3","なかなか～ない","なかなか + 부정형","좀처럼 ~않다. 기대하고 있는데 잘 실현되지 않음을 나타낸다.","このアプリはなかなか<ruby>覚<rt>おぼ</rt></ruby>えられない。","이 앱은 좀처럼 익숙해지지 않는다.","<ruby>雨<rt>あめ</rt></ruby>がなかなか<ruby>止<rt>や</rt></ruby>まなくて、<ruby>出<rt>で</rt></ruby>かけられなかった。","비가 좀처럼 그치지 않아서 외출할 수 없었다.","めったに～ない보다 기대 대비 미실현의 느낌이 강하다."
"N3-173","N3","ずっと","문장 안에서","훨씬; 계속. 비교나 시간 지속을 나타낸다.","この<ruby>町<rt>まち</rt></ruby>は<ruby>前<rt>まえ</rt></ruby>に<ruby>住<rt>す</rt></ruby>んでいた<ruby>所<rt>ところ</rt></ruby>よりずっと<ruby>静<rt>しず</rt></ruby>かだ。","이 동네는 예전에 살던 곳보다 훨씬 조용하다.","<ruby>午前中<rt>ごぜんちゅう</rt></ruby>ずっと<ruby>資料<rt>しりょう</rt></ruby>を<ruby>整理<rt>せいり</rt></ruby>していた。","오전 내내 자료를 정리하고 있었다.","비교에서는 ‘훨씬’, 시간에서는 ‘계속’이다."
"N3-174","N3","ますます","문장 안에서","점점 더. 변화가 더 강해짐을 나타낸다.","この<ruby>町<rt>まち</rt></ruby>はますます<ruby>便利<rt>べんり</rt></ruby>になっている。","이 도시는 점점 더 편리해지고 있다.","<ruby>練習<rt>れんしゅう</rt></ruby>するほど、ますます<ruby>自信<rt>じしん</rt></ruby>がついてきた。","연습할수록 점점 더 자신감이 붙어 왔다.","だんだん보다 변화의 가속감이 더 강하다."
"N3-175","N3","ずつ","수량 명사 + ずつ","~씩; 조금씩. 균등 배분이나 점진적 변화를 나타낸다.","クラスに<ruby>一枚<rt>いちまい</rt></ruby>ずつプリントを<ruby>配<rt>くば</rt></ruby>った。","반마다 한 장씩 프린트를 나누어 주었다.","<ruby>毎日<rt>まいにち</rt></ruby>ひらがなを<ruby>五個<rt>ごこ</rt></ruby>ずつ<ruby>覚<rt>おぼ</rt></ruby>えている。","매일 히라가나를 다섯 개씩 외우고 있다.","ごとに가 반복 시점이라면, ずつ는 균등 분배·증감이다."
"N3-176","N3","～ずに","동사 ない형 어간 + ～ずに","~하지 않고. ないで의 문어체 표현이다.","<ruby>朝食<rt>ちょうしょく</rt></ruby>を<ruby>食<rt>た</rt></ruby>べずに<ruby>家<rt>いえ</rt></ruby>を<ruby>出<rt>で</rt></ruby>た。","아침을 먹지 않고 집을 나왔다.","<ruby>何<rt>なに</rt></ruby>も<ruby>言<rt>い</rt></ruby>わずにその<ruby>場<rt>ば</rt></ruby>を<ruby>離<rt>はな</rt></ruby>れた。","아무 말도 하지 않고 그 자리를 떠났다.","ないで보다 문어적이고 딱딱하다."
"N3-177","N3","せっかく","문장 앞에서 / せっかくの + 명사","모처럼. 어렵게 얻은 기회나 노력이 아깝다는 느낌을 담는다.","せっかく<ruby>早<rt>はや</rt></ruby>く<ruby>着<rt>つ</rt></ruby>いたのに、まだ<ruby>店<rt>みせ</rt></ruby>が<ruby>開<rt>あ</rt></ruby>いていなかった。","모처럼 일찍 도착했는데 아직 가게가 열려 있지 않았다.","せっかくの<ruby>休日<rt>きゅうじつ</rt></ruby>だから、<ruby>家<rt>いえ</rt></ruby>でのんびりしたい。","모처럼의 휴일이니까 집에서 느긋하게 있고 싶다.","기회나 노력이 살아나지 않을 때 자주 쓴다."
"N3-178","N3","ついに","문장 앞에서","드디어. 긴 과정 끝의 최종 결과를 나타낸다.","<ruby>半年<rt>はんとし</rt></ruby><ruby>探<rt>さが</rt></ruby>して、ついに<ruby>理想<rt>りそう</rt></ruby>の<ruby>部屋<rt>へや</rt></ruby>を<ruby>見<rt>み</rt></ruby>つけた。","반년 동안 찾다가 드디어 이상적인 방을 찾았다.","その<ruby>選手<rt>せんしゅ</rt></ruby>はついに<ruby>世界記録<rt>せかいきろく</rt></ruby>を<ruby>更新<rt>こうしん</rt></ruby>した。","그 선수는 드디어 세계 기록을 경신했다.","やっと보다 과정의 길이와 결말의 무게감이 더 크다."
"N3-179","N3","もしかしたら","문장 앞에서","어쩌면. 가능성이 낮은 추측을 조심스럽게 꺼낸다.","もしかしたら、<ruby>明日<rt>あした</rt></ruby>は<ruby>雪<rt>ゆき</rt></ruby>になるかもしれない。","어쩌면 내일은 눈이 올지도 모른다.","もしかしたら<ruby>彼<rt>かれ</rt></ruby>もその<ruby>話<rt>はなし</rt></ruby>を<ruby>知<rt>し</rt></ruby>っているかもしれない。","어쩌면 그도 그 이야기를 알고 있을지도 모른다.","문두 부사로 추측을 예고하고, 뒤에 かもしれない가 자주 온다."
"N3-180","N3","もしも～なら","もしも + 조건절 + なら","만약 ~라면. 현실과 다른 가정을 강하게 세운다.","もしも<ruby>時間<rt>じかん</rt></ruby>があるなら、<ruby>少<rt>すこ</rt></ruby>し<ruby>相談<rt>そうだん</rt></ruby>したい。","만약 시간이 있다면 잠깐 상담하고 싶다.","もしもその<ruby>話<rt>はなし</rt></ruby>が<ruby>本当<rt>ほんとう</rt></ruby>なら、かなり<ruby>大変<rt>たいへん</rt></ruby>だ。","만약 그 이야기가 사실이라면 꽤 큰일이다.","もし보다 가정의 느낌이 더 강하다."
"N3-181","N3","もしも～でも","もしも + 조건절 + でも","만약 ~하더라도. 가정적 양보를 강하게 나타낸다.","もしも<ruby>失敗<rt>しっぱい</rt></ruby>しても、もう<ruby>一度<rt>いちど</rt></ruby><ruby>挑戦<rt>ちょうせん</rt></ruby>したい。","만약 실패하더라도 다시 한 번 도전하고 싶다.","もしも<ruby>雨<rt>あめ</rt></ruby>でも、<ruby>予定<rt>よてい</rt></ruby>どおり<ruby>出発<rt>しゅっぱつ</rt></ruby>する。","만약 비가 오더라도 예정대로 출발한다.","～なら보다 양보의 뜻이 강하다."
"N3-182","N3","～左右する","명사 + を + 左右する","~을 좌우하다. 결과나 방향에 결정적 영향을 미친다.","この<ruby>判断<rt>はんだん</rt></ruby>が、<ruby>今後<rt>こんご</rt></ruby>の<ruby>計画<rt>けいかく</rt></ruby>を<ruby>左右<rt>さゆう</rt></ruby>する。","이 판단이 앞으로의 계획을 좌우한다.","<ruby>第一印象<rt>だいいちいんしょう</rt></ruby>が<ruby>面接<rt>めんせつ</rt></ruby>の<ruby>結果<rt>けっか</rt></ruby>を<ruby>左右<rt>さゆう</rt></ruby>することもある。","첫인상이 면접 결과를 좌우하는 경우도 있다.","강한 영향·결정성을 나타내는 한자 복합 동사다."
"N3-183","N3","まるで～ようだ","まるで + 명사 + の / 보통형 + ようだ","마치 ~같다. 비유를 강하게 만든다.","その<ruby>景色<rt>けしき</rt></ruby>は、まるで<ruby>絵<rt>え</rt></ruby>のようだった。","그 경치는 마치 그림 같았다.","<ruby>久<rt>ひさ</rt></ruby>しぶりに<ruby>会<rt>あ</rt></ruby>ったのに、まるで<ruby>昨日<rt>きのう</rt></ruby>のことのようだ。","오랜만에 만났는데도 마치 어제 일 같다.","N4의 ようだ보다 비유 강도가 더 크다."
"N2-001","N2","～に際して","명사 / 동사 기본형 + ～に際して","~에 즈음하여. 공식적이고 중요한 시점을 맞이함을 나타낸다.","<ruby>開会<rt>かいかい</rt></ruby>に<ruby>際<rt>さい</rt></ruby>して、<ruby>一言<rt>ひとこと</rt></ruby>ごあいさつ<ruby>申<rt>もう</rt></ruby>し<ruby>上<rt>あ</rt></ruby>げます。","개회에 즈음하여 한 말씀 인사드리겠습니다.","<ruby>契約<rt>けいやく</rt></ruby>を<ruby>結<rt>むす</rt></ruby>ぶに<ruby>際<rt>さい</rt></ruby>して、<ruby>条件<rt>じょうけん</rt></ruby>をもう<ruby>一度<rt>いちど</rt></ruby><ruby>確認<rt>かくにん</rt></ruby>した。","계약을 맺음에 즈음하여 조건을 다시 한 번 확인했다.","일상적 ～時に보다 훨씬 격식 있다."
"N2-002","N2","～に際し","명사 / 동사 기본형 + ～に際し","~에 즈음하여. に際して의 축약형으로 더 문어적이다.","<ruby>卒業<rt>そつぎょう</rt></ruby>に<ruby>際<rt>さい</rt></ruby>し、<ruby>家族<rt>かぞく</rt></ruby>へ<ruby>感謝<rt>かんしゃ</rt></ruby>の<ruby>言葉<rt>ことば</rt></ruby>を<ruby>述<rt>の</rt></ruby>べた。","졸업에 즈음하여 가족에게 감사의 말을 전했다.","<ruby>移転<rt>いてん</rt></ruby>するに<ruby>際<rt>さい</rt></ruby>し、<ruby>関係者<rt>かんけいしゃ</rt></ruby>に<ruby>文書<rt>ぶんしょ</rt></ruby>で<ruby>通知<rt>つうち</rt></ruby>した。","이전함에 즈음하여 관계자에게 문서로 통지했다.","に際して보다 더 축약되고 공문서체에 가깝다."
"N2-003","N2","～にあたって","명사 / 동사 기본형 + ～にあたって","~에 즈음하여, ~에 임하여. 중요한 시점 앞에서 준비·마음가짐을 나타낸다.","<ruby>新生活<rt>しんせいかつ</rt></ruby>にあたって、<ruby>必要<rt>ひつよう</rt></ruby>なものをすべてそろえた。","새 생활에 임하여 필요한 것을 모두 갖추었다.","<ruby>発表<rt>はっぴょう</rt></ruby>するにあたって、<ruby>資料<rt>しりょう</rt></ruby>を<ruby>何度<rt>なんど</rt></ruby>も<ruby>見直<rt>みなお</rt></ruby>した。","발표에 임하여 자료를 몇 번이나 다시 검토했다.","に際して보다 ‘준비하고 임함’의 느낌이 더 강하다."
"N2-004","N2","～にあたり","명사 / 동사 기본형 + ～にあたり","~에 즈음하여, ~에 임하여. にあたって의 축약형이다.","<ruby>就任<rt>しゅうにん</rt></ruby>にあたり、<ruby>皆様<rt>みなさま</rt></ruby>にごあいさつ<ruby>申<rt>もう</rt></ruby>し<ruby>上<rt>あ</rt></ruby>げます。","취임에 즈음하여 여러분께 인사드립니다.","<ruby>新<rt>あら</rt></ruby>たな<ruby>制度<rt>せいど</rt></ruby>を<ruby>始<rt>はじ</rt></ruby>めるにあたり、<ruby>説明会<rt>せつめいかい</rt></ruby>を<ruby>開<rt>ひら</rt></ruby>いた。","새 제도를 시작함에 즈음하여 설명회를 열었다.","にあたって보다 조금 더 문어적이고 간결하다."
"N2-005","N2","～に先立って","명사 / 동사 기본형 + ～に先立って","~에 앞서. 본행사나 본론 전에 먼저 해야 할 일을 나타낸다.","<ruby>試合<rt>しあい</rt></ruby>に<ruby>先立<rt>さきだ</rt></ruby>って、<ruby>選手<rt>せんしゅ</rt></ruby>への<ruby>注意<rt>ちゅうい</rt></ruby><ruby>事項<rt>じこう</rt></ruby>が<ruby>説明<rt>せつめい</rt></ruby>された。","경기에 앞서 선수들에게 주의 사항이 설명되었다.","<ruby>発売<rt>はつばい</rt></ruby>するに<ruby>先立<rt>さきだ</rt></ruby>って、<ruby>利用者<rt>りようしゃ</rt></ruby>の<ruby>意見<rt>いけん</rt></ruby>を<ruby>集<rt>あつ</rt></ruby>めた。","출시 전에 이용자의 의견을 모았다.","단순 ～前に보다 절차적·공식적이다."
"N2-006","N2","～に先立ち","명사 / 동사 기본형 + ～に先立ち","~에 앞서. に先立って의 축약형이다.","<ruby>出発<rt>しゅっぱつ</rt></ruby>に<ruby>先立<rt>さきだ</rt></ruby>ち、<ruby>全員<rt>ぜんいん</rt></ruby>で<ruby>持<rt>も</rt></ruby>ち<ruby>物<rt>もの</rt></ruby>を<ruby>確認<rt>かくにん</rt></ruby>した。","출발에 앞서 전원이 소지품을 확인했다.","<ruby>式典<rt>しきてん</rt></ruby>を<ruby>行<rt>おこな</rt></ruby>うに<ruby>先立<rt>さきだ</rt></ruby>ち、<ruby>会場<rt>かいじょう</rt></ruby>の<ruby>安全<rt>あんぜん</rt></ruby><ruby>点検<rt>てんけん</rt></ruby>をした。","식전을 치르기에 앞서 행사장 안전 점검을 했다.","に先立って보다 더 문어적이고 간결하다."
"N2-007","N2","～つつ","동사 ます형 + ～つつ","~하면서; ~하면서도. 동시 진행이나 역접을 문어적으로 나타낸다.","<ruby>反省<rt>はんせい</rt></ruby>しつつ、<ruby>次<rt>つぎ</rt></ruby>の<ruby>方法<rt>ほうほう</rt></ruby>を<ruby>考<rt>かんが</rt></ruby>えている。","반성하면서 다음 방법을 생각하고 있다.","<ruby>無理<rt>むり</rt></ruby>だと<ruby>分<rt>わ</rt></ruby>かりつつも、<ruby>挑戦<rt>ちょうせん</rt></ruby>をやめなかった。","무리라는 것을 알면서도 도전을 그만두지 않았다.","N3의 ながら（も）의 문어체에 가깝다."
"N2-008","N2","～つつある","동사 ます형 + ～つつある","점점 ~해 가고 있다. 변화가 진행 중임을 문어적으로 나타낸다.","この<ruby>町<rt>まち</rt></ruby>は<ruby>少<rt>すこ</rt></ruby>しずつ<ruby>変<rt>か</rt></ruby>わりつつある。","이 마을은 조금씩 변해 가고 있다.","<ruby>状況<rt>じょうきょう</rt></ruby>はゆっくりだが、たしかに<ruby>改善<rt>かいぜん</rt></ruby>しつつある。","상황은 느리지만 분명히 개선되어 가고 있다.","ている보다 문어적이고 객관적이다."
"N2-009","N2","～か～ないかのうちに","동사 기본형 + か + 동사 ない형 + かのうちに","~하자마자. 끝났는지 아닌지 할 정도로 거의 즉시 다음 일이 일어난다.","ベルが<ruby>鳴<rt>な</rt></ruby>るか<ruby>鳴<rt>な</rt></ruby>らないかのうちに、<ruby>学生<rt>がくせい</rt></ruby>たちは<ruby>教室<rt>きょうしつ</rt></ruby>を<ruby>出<rt>で</rt></ruby>ていった。","벨이 울리자마자 학생들은 교실을 나갔다.","ベッドに<ruby>入<rt>はい</rt></ruby>るか<ruby>入<rt>はい</rt></ruby>らないかのうちに、<ruby>眠<rt>ねむ</rt></ruby>ってしまった。","침대에 들어가자마자 잠들어 버렸다.","たとたん（に）보다 더 문어적이고 간격이 더 짧다."
"N2-010","N2","～次第","동사 ます형 + 次第","~하는 대로 곧바로. 완료 직후 바로 다음 행동을 취함을 나타낸다.","<ruby>準備<rt>じゅんび</rt></ruby>ができ<ruby>次第<rt>しだい</rt></ruby>、<ruby>出発<rt>しゅっぱつ</rt></ruby>いたします。","준비가 되는 대로 출발하겠습니다.","<ruby>資料<rt>しりょう</rt></ruby>がそろい<ruby>次第<rt>しだい</rt></ruby>、ご<ruby>案内<rt>あんない</rt></ruby>をお<ruby>送<rt>おく</rt></ruby>りします。","자료가 갖추어지는 대로 안내를 보내 드리겠습니다.","N3의 ～次第で와 달리 ‘즉시 이어서’의 뜻이다."
"N2-011","N2","～次第だ","보통형 / ～という + ～次第だ","이러이러한 사정입니다; 그런 경위입니다.","<ruby>会議<rt>かいぎ</rt></ruby>に<ruby>遅<rt>おく</rt></ruby>れたのは、<ruby>電車<rt>でんしゃ</rt></ruby>が<ruby>止<rt>と</rt></ruby>まったという<ruby>次第<rt>しだい</rt></ruby>です。","회의에 늦은 것은 전철이 멈췄기 때문이라는 경위입니다.","<ruby>本日<rt>ほんじつ</rt></ruby><ruby>欠席<rt>けっせき</rt></ruby>したのは、<ruby>家族<rt>かぞく</rt></ruby>の<ruby>急病<rt>きゅうびょう</rt></ruby>によるという<ruby>次第<rt>しだい</rt></ruby>です。","오늘 결석한 것은 가족의 급병 때문이라는 사정입니다.","～次第だ는 경위 보고, ～次第で는 조건 의존, ～次第に는 점차 변화다."
"N2-012","N2","～次第で","명사 + ～次第で","~에 따라 달라지다; ~하기에 달려 있다.","<ruby>結果<rt>けっか</rt></ruby>はみなさんの<ruby>努力<rt>どりょく</rt></ruby><ruby>次第<rt>しだい</rt></ruby>で<ruby>大<rt>おお</rt></ruby>きく<ruby>変<rt>か</rt></ruby>わります。","결과는 여러분의 노력에 따라 크게 달라집니다.","<ruby>考<rt>かんが</rt></ruby>え<ruby>方<rt>かた</rt></ruby><ruby>次第<rt>しだい</rt></ruby>で、この<ruby>失敗<rt>しっぱい</rt></ruby>もいい<ruby>経験<rt>けいけん</rt></ruby>になる。","생각하기에 따라 이 실패도 좋은 경험이 된다.","～次第で는 조건 의존, ～によって는 좀 더 중립적인 조건·수단 표현이다."
"N2-013","N2","～次第に","문장 안에서","점차, 차츰.","<ruby>春<rt>はる</rt></ruby>が<ruby>近<rt>ちか</rt></ruby>づくにつれて、<ruby>空気<rt>くうき</rt></ruby>は<ruby>次第<rt>しだい</rt></ruby>に<ruby>暖<rt>あたた</rt></ruby>かくなった。","봄이 가까워짐에 따라 공기는 점차 따뜻해졌다.","<ruby>新<rt>あたら</rt></ruby>しい<ruby>環境<rt>かんきょう</rt></ruby>にも、<ruby>次第<rt>しだい</rt></ruby>に<ruby>慣<rt>な</rt></ruby>れてきた。","새 환경에도 점차 익숙해져 왔다.","だんだん보다 조금 더 문어적이고 객관적이다."
"N2-014","N2","～かと思うと","동사 た형 + ～かと思うと","~했다고 생각하니. 직후의 급변과 의외를 나타낸다.","さっきまで<ruby>静<rt>しず</rt></ruby>かだったかと<ruby>思<rt>おも</rt></ruby>うと、<ruby>急<rt>きゅう</rt></ruby>にみんな<ruby>話<rt>はな</rt></ruby>し<ruby>始<rt>はじ</rt></ruby>めた。","방금 전까지 조용하다고 생각하니 갑자기 모두 말하기 시작했다.","<ruby>空<rt>そら</rt></ruby>が<ruby>明<rt>あか</rt></ruby>るくなったかと<ruby>思<rt>おも</rt></ruby>うと、また<ruby>激<rt>はげ</rt></ruby>しい<ruby>雨<rt>あめ</rt></ruby>が<ruby>降<rt>ふ</rt></ruby>ってきた。","하늘이 밝아졌다고 생각하니 또 거센 비가 내리기 시작했다.","～か～ないかのうちに보다 놀라움·의외감이 더 강하다."
"N2-015","N2","～かと思ったら","동사 た형 + ～かと思ったら","~했다고 생각했더니. 직후의 급변을 구어적으로 말한다.","<ruby>子<rt>こ</rt></ruby>どもが<ruby>泣<rt>な</rt></ruby>いたかと<ruby>思<rt>おも</rt></ruby>ったら、もう<ruby>笑<rt>わら</rt></ruby>っていた。","아이가 울었다고 생각했더니 벌써 웃고 있었다.","<ruby>部長<rt>ぶちょう</rt></ruby>が<ruby>帰<rt>かえ</rt></ruby>ったかと<ruby>思<rt>おも</rt></ruby>ったら、すぐに<ruby>戻<rt>もど</rt></ruby>ってきた。","부장이 돌아갔다고 생각했더니 바로 돌아왔다.","～かと思うと와 뜻은 거의 같고, ～かと思ったら가 더 구어적이다."
"N2-016","N2","～折に","명사 + の / 동사 기본형 / 동사 た형 + ～折に","~할 때, 그 기회에. 부드러운 격식의 시점 표현이다.","お<ruby>近<rt>ちか</rt></ruby>くにお<ruby>越<rt>こ</rt></ruby>しの<ruby>折<rt>おり</rt></ruby>に、ぜひお<ruby>立<rt>た</rt></ruby>ち<ruby>寄<rt>よ</rt></ruby>りください。","가까이 오실 때 꼭 들러 주세요.","<ruby>先日<rt>せんじつ</rt></ruby>お<ruby>会<rt>あ</rt></ruby>いした<ruby>折<rt>おり</rt></ruby>に、その<ruby>件<rt>けん</rt></ruby>についてお<ruby>話<rt>はな</rt></ruby>ししました。","지난번 만났을 때 그 건에 대해 말씀드렸습니다.","～に際して보다 부드럽고 편지·인사문에 잘 어울린다."
"N2-017","N2","～折には","명사 + の / 동사 기본형 / 동사 た형 + ～折には","~할 때에는. 기회가 있을 때를 정중하게 말한다.","<ruby>京都<rt>きょうと</rt></ruby>へ<ruby>行<rt>い</rt></ruby>く<ruby>折<rt>おり</rt></ruby>には、ぜひご<ruby>連絡<rt>れんらく</rt></ruby>ください。","교토에 가실 때에는 꼭 연락해 주세요.","お<ruby>困<rt>こま</rt></ruby>りの<ruby>折<rt>おり</rt></ruby>には、いつでもご<ruby>相談<rt>そうだん</rt></ruby>ください。","곤란하실 때에는 언제든 상담해 주세요.","～折に의 강조·정중형에 가깝다."
"N2-018","N2","～あげく","동사 た형 / 명사 + の + ～あげく","이것저것 한 끝에 결국. 대개 좋지 않은 결말이다.","さんざん<ruby>迷<rt>まよ</rt></ruby>ったあげく、<ruby>結局<rt>けっきょく</rt></ruby><ruby>何<rt>なに</rt></ruby>も<ruby>買<rt>か</rt></ruby>わなかった。","한참을 망설인 끝에 결국 아무것도 사지 않았다.","<ruby>長時間<rt>ちょうじかん</rt></ruby>の<ruby>議論<rt>ぎろん</rt></ruby>のあげく、<ruby>会議<rt>かいぎ</rt></ruby>は<ruby>延期<rt>えんき</rt></ruby>になった。","오랜 논의 끝에 회의는 연기되었다.","～末に보다 허무함·유감의 뉘앙스가 더 강하다."
"N2-019","N2","～あげくの果てに","동사 た형 / 명사 + の + ～あげくの果てに","이러저러한 끝에 결국. 허무한 결말을 더 강하게 말한다.","<ruby>言<rt>い</rt></ruby>い<ruby>争<rt>あらそ</rt></ruby>ったあげくの<ruby>果<rt>は</rt></ruby>てに、<ruby>二人<rt>ふたり</rt></ruby>は<ruby>別<rt>わか</rt></ruby>れることになった。","실랑이한 끝에 결국 두 사람은 헤어지게 되었다.","<ruby>悩<rt>なや</rt></ruby>みに<ruby>悩<rt>なや</rt></ruby>んだあげくの<ruby>果<rt>は</rt></ruby>てに、<ruby>計画<rt>けいかく</rt></ruby>そのものをやめてしまった。","고민에 고민을 거듭한 끝에 결국 계획 자체를 그만두어 버렸다.","～あげく보다 더 강조된 형태다."
"N2-020","N2","～末に","명사 + の + ～末に","오랜 과정 끝에, 결국.","<ruby>何度<rt>なんど</rt></ruby>も<ruby>話<rt>はな</rt></ruby>し<ruby>合<rt>あ</rt></ruby>った<ruby>末<rt>すえ</rt></ruby>に、<ruby>新<rt>あたら</rt></ruby>しい<ruby>方針<rt>ほうしん</rt></ruby>が<ruby>決<rt>き</rt></ruby>まった。","몇 번이나 상의한 끝에 새로운 방침이 정해졌다.","<ruby>長年<rt>ながねん</rt></ruby>の<ruby>努力<rt>どりょく</rt></ruby>の<ruby>末<rt>すえ</rt></ruby>に、<ruby>夢<rt>ゆめ</rt></ruby>がかなった。","오랜 노력 끝에 꿈이 이루어졌다.","～あげく와 달리 좋은 결과에도 자연스럽게 쓴다."
"N2-021","N2","～末の","명사 + の + ～末の + 명사","~끝에 얻은 ~. 오랜 과정의 결과인.","これは<ruby>試行錯誤<rt>しこうさくご</rt></ruby>の<ruby>末<rt>すえ</rt></ruby>の<ruby>結論<rt>けつろん</rt></ruby>です。","이것은 시행착오 끝에 얻은 결론입니다.","その<ruby>賞<rt>しょう</rt></ruby>は、<ruby>十年<rt>じゅうねん</rt></ruby><ruby>以上<rt>いじょう</rt></ruby>の<ruby>研究<rt>けんきゅう</rt></ruby>の<ruby>末<rt>すえ</rt></ruby>の<ruby>成果<rt>せいか</rt></ruby>だった。","그 상은 10년 이상의 연구 끝에 나온 성과였다.","～末に의 명사 수식형이다."
"N2-022","N2","～た末","동사 た형 + ～末","~한 끝에. 고민·과정 뒤의 결과를 말한다.","<ruby>考<rt>かんが</rt></ruby>えた<ruby>末<rt>すえ</rt></ruby>、いったん<ruby>帰国<rt>きこく</rt></ruby>することにした。","고민한 끝에 일단 귀국하기로 했다.","<ruby>迷<rt>まよ</rt></ruby>った<ruby>末<rt>すえ</rt></ruby>、この<ruby>道<rt>みち</rt></ruby>を<ruby>選<rt>えら</rt></ruby>んだ。","망설인 끝에 이 길을 골랐다.","～末に와 뜻은 비슷하고, 동사 과정을 직접 드러낸다."
"N2-023","N2","～からには","동사 보통형 + ～からには","~한 이상은. 책임상 당연히 ~해야 한다.","<ruby>引<rt>ひ</rt></ruby>き<ruby>受<rt>う</rt></ruby>けたからには、<ruby>最後<rt>さいご</rt></ruby>までやり<ruby>遂<rt>と</rt></ruby>げる。","맡은 이상은 끝까지 해낸다.","<ruby>参加<rt>さんか</rt></ruby>するからには、<ruby>中途半端<rt>ちゅうとはんぱ</rt></ruby>な<ruby>気持<rt>きも</rt></ruby>ちではいられない。","참가하는 이상은 어중간한 마음가짐으로 있을 수 없다.","가벼운 이유 제시가 아니라 강한 책임·결의를 나타낸다."
"N2-024","N2","～以上(は)","동사 보통형 + ～以上(は)","~하는 이상은. 사실을 전제로 의무·당위를 말한다.","やる<ruby>以上<rt>いじょう</rt></ruby>は、<ruby>最後<rt>さいご</rt></ruby>まで<ruby>責任<rt>せきにん</rt></ruby>を<ruby>持<rt>も</rt></ruby>つべきだ。","하는 이상은 끝까지 책임을 져야 한다.","<ruby>約束<rt>やくそく</rt></ruby>した<ruby>以上<rt>いじょう</rt></ruby>は、<ruby>守<rt>まも</rt></ruby>らなければならない。","약속한 이상은 지켜야 한다.","～からには와 뜻은 비슷하고, ～以上(は)가 더 문어적이다."
"N2-025","N2","～上は","동사 보통형 + ～上は","~한 이상은. 격식 있게 결의·책임을 나타낸다.","お<ruby>引<rt>ひ</rt></ruby>き<ruby>受<rt>う</rt></ruby>けした<ruby>上<rt>うえ</rt></ruby>は、<ruby>全力<rt>ぜんりょく</rt></ruby>を<ruby>尽<rt>つ</rt></ruby>くします。","맡은 이상은 전력을 다하겠습니다.","<ruby>契約<rt>けいやく</rt></ruby>した<ruby>上<rt>うえ</rt></ruby>は、<ruby>条件<rt>じょうけん</rt></ruby>を<ruby>守<rt>まも</rt></ruby>るのが<ruby>当然<rt>とうぜん</rt></ruby>だ。","계약한 이상은 조건을 지키는 것이 당연하다.","세 표현 중 ～上は가 가장 격식 있고 딱딱하다."
"N2-026","N2","～ことだし","보통형 / な형용사 + な + ～ことだし","~하기도 하고. 가벼운 이유를 덧붙여 제안·판단한다.","もう<ruby>遅<rt>おそ</rt></ruby>いことだし、きょうはここまでにしよう。","이미 늦기도 하니 오늘은 여기까지 하자.","せっかくみんな<ruby>集<rt>あつ</rt></ruby>まったことだし、<ruby>写真<rt>しゃしん</rt></ruby>でも<ruby>撮<rt>と</rt></ruby>ろうか。","모처럼 모두 모이기도 했으니 사진이라도 찍을까.","～からには보다 훨씬 가볍고 일상적이다."
"N2-027","N2","～せいか","보통형 / 명사 + の + ～せいか","~탓인지. 원인이 확실하지 않지만 아마 그 때문인 듯.","きのう<ruby>寝不足<rt>ねぶそく</rt></ruby>だったせいか、きょうは<ruby>頭<rt>あたま</rt></ruby>がぼんやりする。","어제 잠이 부족해서인지 오늘은 머리가 멍하다.","<ruby>天気<rt>てんき</rt></ruby>のせいか、<ruby>客足<rt>きゃくあし</rt></ruby>がいつもより<ruby>少<rt>すく</rt></ruby>ない。","날씨 탓인지 손님 발길이 평소보다 적다.","N3의 ～せいで보다 불확실한 추측의 느낌이 있다."
"N2-028","N2","～かいがある","동사 た형 / 명사 + の + ～かいがある","~한 보람이 있다.","<ruby>毎朝<rt>まいあさ</rt></ruby><ruby>練習<rt>れんしゅう</rt></ruby>したかいがあって、<ruby>本番<rt>ほんばん</rt></ruby>では<ruby>落<rt>お</rt></ruby>ち<ruby>着<rt>つ</rt></ruby>いて<ruby>話<rt>はな</rt></ruby>せた。","매일 아침 연습한 보람이 있어 실전에서는 침착하게 말할 수 있었다.","<ruby>準備<rt>じゅんび</rt></ruby>のかいがあって、<ruby>会場<rt>かいじょう</rt></ruby>は<ruby>大成功<rt>だいせいこう</rt></ruby>だった。","준비한 보람이 있어 행사는 대성공이었다.","노력 대비 좋은 결과가 있을 때 쓴다."
"N2-029","N2","～かいもなく","동사 た형 / 명사 + の + ～かいもなく","~한 보람도 없이.","あれだけ<ruby>調<rt>しら</rt></ruby>べたかいもなく、<ruby>必要<rt>ひつよう</rt></ruby>な<ruby>資料<rt>しりょう</rt></ruby>は<ruby>見<rt>み</rt></ruby>つからなかった。","그렇게 조사한 보람도 없이 필요한 자료는 찾지 못했다.","<ruby>努力<rt>どりょく</rt></ruby>のかいもなく、<ruby>計画<rt>けいかく</rt></ruby>は<ruby>中止<rt>ちゅうし</rt></ruby>になってしまった。","노력한 보람도 없이 계획은 중지되고 말았다.","～かいがある의 반대 의미다."
"N2-030","N2","～ことか","보통형 / な형용사 + な + ～ことか","얼마나 ~한지 모르다. 감탄을 강하게 나타낸다.","この<ruby>日<rt>ひ</rt></ruby>をどれほど<ruby>待<rt>ま</rt></ruby>ったことか。","이 날을 얼마나 기다렸는지 모른다.","あなたの<ruby>無事<rt>ぶじ</rt></ruby>な<ruby>姿<rt>すがた</rt></ruby>を<ruby>見<rt>み</rt></ruby>て、どんなに<ruby>安心<rt>あんしん</rt></ruby>したことか。","당신이 무사한 모습을 보고 얼마나 안심했는지 모른다.","～ことに는 감정을 먼저 제시하고, ～ことか는 감탄의 크기를 문말에서 강조한다."
"N2-031","N2","～ことだろう","보통형 / な형용사 + な + ～ことだろう","얼마나 ~할까, 얼마나 ~한지. 문어적으로 감탄한다.","ひとりで<ruby>見知<rt>みし</rt></ruby>らぬ<ruby>土地<rt>とち</rt></ruby>へ<ruby>行<rt>い</rt></ruby>くのは、どんなに<ruby>心細<rt>こころぼそ</rt></ruby>いことだろう。","혼자 낯선 땅에 가는 것은 얼마나 마음이 허전할까.","この<ruby>景色<rt>けしき</rt></ruby>を<ruby>見<rt>み</rt></ruby>たら、<ruby>母<rt>はは</rt></ruby>もどれほど<ruby>喜<rt>よろこ</rt></ruby>ぶことだろう。","이 경치를 보면 어머니도 얼마나 기뻐하실까.","～ことか와 뜻은 비슷하고, ～ことだろう가 더 문어적이다."
"N2-032","N2","～ことに(は)","동사 た형 / い형용사 / な형용사 + な + ～ことに(は)","~하게도. 화자의 감정을 앞세워 평가를 나타낸다.","<ruby>幸<rt>さいわ</rt></ruby>いなことに、<ruby>大<rt>おお</rt></ruby>きな<ruby>事故<rt>じこ</rt></ruby>にはならなかった。","다행스럽게도 큰 사고로는 이어지지 않았다.","<ruby>驚<rt>おどろ</rt></ruby>いたことに、あの<ruby>店<rt>みせ</rt></ruby>はまだ<ruby>営業<rt>えいぎょう</rt></ruby>していた。","놀랍게도 그 가게는 아직 영업하고 있었다.","～ことか가 문말 감탄이라면, ～ことに(は)는 문두 평가다."
"N2-033","N2","～にもかかわらず","보통형 / 명사 + ～にもかかわらず / な형용사 + である + ～にもかかわらず","~에도 불구하고.","<ruby>何度<rt>なんど</rt></ruby>も<ruby>注意<rt>ちゅうい</rt></ruby>したにもかかわらず、<ruby>同<rt>おな</rt></ruby>じ<ruby>間違<rt>まちが</rt></ruby>いが<ruby>繰<rt>く</rt></ruby>り<ruby>返<rt>かえ</rt></ruby>された。","몇 번이나 주의했음에도 불구하고 같은 실수가 반복되었다.","<ruby>雨<rt>あめ</rt></ruby>にもかかわらず、<ruby>会場<rt>かいじょう</rt></ruby>には<ruby>多<rt>おお</rt></ruby>くの<ruby>人<rt>ひと</rt></ruby>が<ruby>集<rt>あつ</rt></ruby>まった。","비에도 불구하고 행사장에는 많은 사람이 모였다.","のに보다 더 격식 있고 사실과 결과의 괴리를 강하게 드러낸다."
"N2-034","N2","～とはいうものの","보통형 / な형용사 + だ + ～とはいうものの","~이라고는 하지만. 앞사실을 인정하면서 뒤에서 반전한다.","<ruby>景気<rt>けいき</rt></ruby>は<ruby>回復<rt>かいふく</rt></ruby>しつつあるとはいうものの、<ruby>生活<rt>せいかつ</rt></ruby>はまだ<ruby>楽<rt>らく</rt></ruby>ではない。","경기는 회복되고 있다고는 하지만 생활은 아직 편하지 않다.","<ruby>便利<rt>べんり</rt></ruby>だとはいうものの、<ruby>料金<rt>りょうきん</rt></ruby>が<ruby>高<rt>たか</rt></ruby>すぎる。","편리하다고는 하지만 요금이 너무 비싸다.","～にもかかわらず보다 대립이 부드럽고 양보적이다."
"N2-035","N2","～ものの","보통형 + ～ものの","~이지만, ~하긴 하지만. 앞사실을 인정하면서 다른 판단을 덧붙인다.","<ruby>資格<rt>しかく</rt></ruby>は<ruby>取<rt>と</rt></ruby>ったものの、まだ<ruby>実務<rt>じつむ</rt></ruby><ruby>経験<rt>けいけん</rt></ruby>が<ruby>足<rt>た</rt></ruby>りない。","자격은 땄지만 아직 실무 경험이 부족하다.","<ruby>買<rt>か</rt></ruby>ったものの、<ruby>忙<rt>いそが</rt></ruby>しくてまだ<ruby>一度<rt>いちど</rt></ruby>も<ruby>使<rt>つか</rt></ruby>っていない。","샀지만 바빠서 아직 한 번도 쓰지 않았다.","～とはいうものの의 축약형으로 더 간결하다."
"N2-036","N2","～はおろか","명사 + ～はおろか","~은 말할 것도 없고, ~조차.","<ruby>彼<rt>かれ</rt></ruby>は<ruby>漢字<rt>かんじ</rt></ruby>はおろか、ひらがなさえ<ruby>読<rt>よ</rt></ruby>めなかった。","그는 한자는 말할 것도 없고 히라가나조차 읽지 못했다.","この<ruby>町<rt>まち</rt></ruby>では<ruby>地下鉄<rt>ちかてつ</rt></ruby>はおろか、バスもあまり<ruby>走<rt>はし</rt></ruby>っていない。","이 동네에서는 지하철은 말할 것도 없고 버스도 별로 다니지 않는다.","どころか보다 더 격식 있고 극단적이다."
"N2-037","N2","～からといって","보통형 + ～からといって","~라고 해서.","<ruby>有名<rt>ゆうめい</rt></ruby>だからといって、<ruby>必<rt>かなら</rt></ruby>ずしも<ruby>味<rt>あじ</rt></ruby>がいいとは<ruby>限<rt>かぎ</rt></ruby>らない。","유명하다고 해서 반드시 맛이 좋다고는 할 수 없다.","<ruby>一度<rt>いちど</rt></ruby><ruby>失敗<rt>しっぱい</rt></ruby>したからといって、あきらめるわけにはいかない。","한 번 실패했다고 해서 포기할 수는 없다.","이유를 인정하면서도 결론은 부정한다."
"N2-038","N2","それにしても","문장 앞에서","그렇다 하더라도; 그래도.","<ruby>冬<rt>ふゆ</rt></ruby>だから<ruby>寒<rt>さむ</rt></ruby>いのは<ruby>分<rt>わ</rt></ruby>かる。それにしても、きょうは<ruby>冷<rt>ひ</rt></ruby>えすぎる。","겨울이라 추운 것은 알겠다. 그렇다 하더라도 오늘은 너무 춥다.","<ruby>忙<rt>いそが</rt></ruby>しいのは<ruby>理解<rt>りかい</rt></ruby>している。<ruby>それにしても</rt></ruby>、ひと言ぐらい<ruby>連絡<rt>れんらく</rt></ruby>してほしかった。","바쁜 것은 이해하고 있다. 그렇다 하더라도 한마디 정도는 연락해 주었으면 했다.","화제를 받아 의외감·불만을 덧붙이는 담화 표현이다."
"N2-039","N2","～にひきかえ","명사 / 보통형 + の + ～にひきかえ","~에 반해.","<ruby>兄<rt>あに</rt></ruby>は<ruby>人前<rt>ひとまえ</rt></ruby>で<ruby>話<rt>はな</rt></ruby>すのが<ruby>得意<rt>とくい</rt></ruby>なのにひきかえ、<ruby>弟<rt>おとうと</rt></ruby>はとても<ruby>恥<rt>は</rt></ruby>ずかしがりだ。","형은 사람들 앞에서 말하는 것을 잘하는 것에 반해 남동생은 몹시 수줍음을 탄다.","<ruby>去年<rt>きょねん</rt></ruby>の<ruby>売上<rt>うりあげ</rt></ruby>にひきかえ、ことしはかなり<ruby>落<rt>お</rt></ruby>ち<ruby>込<rt>こ</rt></ruby>んでいる。","작년 매출에 반해 올해는 꽤 침체되어 있다.","두 대상을 강하게 대비하는 문어 표현이다."
"N2-040","N2","～に引き換え","명사 / 보통형 + の + ～に引き換え","~에 반해.","<ruby>都会<rt>とかい</rt></ruby>のにぎやかさに<ruby>引<rt>ひ</rt></ruby>き<ruby>換<rt>か</rt></ruby>え、この<ruby>村<rt>むら</rt></ruby>はとても<ruby>静<rt>しず</rt></ruby>かだ。","도시의 번잡함에 반해 이 마을은 매우 조용하다.","<ruby>前回<rt>ぜんかい</rt></ruby>の<ruby>試験<rt>しけん</rt></ruby>の<ruby>結果<rt>けっか</rt></ruby>に<ruby>引<rt>ひ</rt></ruby>き<ruby>換<rt>か</rt></ruby>え、<ruby>今回<rt>こんかい</rt></ruby>はよくできた。","지난 시험 결과에 반해 이번에는 잘 봤다.","にひきかえ와 뜻은 같고 표기만 더 한자적이다."
"N2-041","N2","～に反して","명사 / 보통형 + の + ～に反して","~에 반하여; ~와는 반대로.","<ruby>予想<rt>よそう</rt></ruby>に<ruby>反<rt>はん</rt></ruby>して、<ruby>試合<rt>しあい</rt></ruby>はあっさり<ruby>終<rt>お</rt></ruby>わった。","예상에 반하여 경기는 싱겁게 끝났다.","<ruby>親<rt>おや</rt></ruby>の<ruby>期待<rt>きたい</rt></ruby>に<ruby>反<rt>はん</rt></ruby>して、<ruby>彼<rt>かれ</rt></ruby>は<ruby>音楽<rt>おんがく</rt></ruby>の<ruby>道<rt>みち</rt></ruby>を<ruby>選<rt>えら</rt></ruby>んだ。","부모의 기대에 반하여 그는 음악의 길을 택했다.","にひきかえ가 대상 대비라면, に反して는 기준·예상과의 반대다."
"N2-042","N2","～としたって","보통형 + ～としたって","~한다고 해도.","<ruby>今<rt>いま</rt></ruby>から<ruby>急<rt>いそ</rt></ruby>いだとしたって、もう<ruby>間<rt>ま</rt></ruby>に<ruby>合<rt>あ</rt></ruby>わない。","지금부터 서둔다고 해도 이미 늦는다.","<ruby>本気<rt>ほんき</rt></ruby>で<ruby>謝<rt>あやま</rt></ruby>ったとしたって、すぐには<ruby>許<rt>ゆる</rt></ruby>せない。","진심으로 사과했다고 해도 곧바로 용서할 수는 없다.","가정을 인정해도 결과는 달라지지 않는다는 뜻이다."
"N2-043","N2","～としたところで","보통형 + ～としたところで","~한다고 해도.","<ruby>今<rt>いま</rt></ruby>から<ruby>計画<rt>けいかく</rt></ruby>を<ruby>変<rt>か</rt></ruby>えたとしたところで、<ruby>大<rt>おお</rt></ruby>きな<ruby>効果<rt>こうか</rt></ruby>はないだろう。","지금부터 계획을 바꾼다고 해도 큰 효과는 없을 것이다.","どんなに<ruby>練習<rt>れんしゅう</rt></ruby>したとしたところで、<ruby>一日<rt>いちにち</rt></ruby>で<ruby>完璧<rt>かんぺき</rt></ruby>にはならない。","아무리 연습했다고 해도 하루 만에 완벽해지지는 않는다.","としたって보다 조금 더 문어적이다."
"N2-044","N2","～にしたところで","명사 / 보통형 + ～にしたところで","~라 해도.","<ruby>社長<rt>しゃちょう</rt></ruby>にしたところで、この<ruby>問題<rt>もんだい</rt></ruby>を<ruby>一人<rt>ひとり</rt></ruby>では<ruby>解決<rt>かいけつ</rt></ruby>できない。","사장이라 해도 이 문제를 혼자서는 해결할 수 없다.","いまさら<ruby>断<rt>ことわ</rt></ruby>るにしたところで、みんなが<ruby>困<rt>こま</rt></ruby>るだけだ。","이제 와서 거절한다고 해도 모두가 곤란해질 뿐이다.","명사나 판단 대상에 붙기 쉬운 형태다."
"N2-045","N2","～にしたって","명사 / 보통형 + ～にしたって","~라 해도.","<ruby>子<rt>こ</rt></ruby>どもにしたって、<ruby>言<rt>い</rt></ruby>っていいことと<ruby>悪<rt>わる</rt></ruby>いことがある。","아이라 해도 해도 되는 말과 안 되는 말이 있다.","<ruby>急<rt>きゅう</rt></ruby>に<ruby>決<rt>き</rt></ruby>めるにしたって、<ruby>最低限<rt>さいていげん</rt></ruby>の<ruby>説明<rt>せつめい</rt></ruby>は<ruby>必要<rt>ひつよう</rt></ruby>だ。","갑자기 정한다 해도 최소한의 설명은 필요하다.","にしたところで보다 더 회화적이다."
"N2-046","N2","～に相違ない","보통형 / 명사 + ～に相違ない","~에 틀림없다.","この<ruby>結果<rt>けっか</rt></ruby>から<ruby>見<rt>み</rt></ruby>れば、<ruby>原因<rt>げんいん</rt></ruby>は<ruby>人為的<rt>じんいてき</rt></ruby>なミスに<ruby>相違<rt>そうい</rt></ruby>ない。","이 결과로 보면 원인은 인위적인 실수임에 틀림없다.","あの<ruby>建物<rt>たてもの</rt></ruby>は<ruby>戦前<rt>せんぜん</rt></ruby>のものに<ruby>相違<rt>そうい</rt></ruby>ない。","저 건물은 전쟁 전의 것임에 틀림없다.","に違いない보다 훨씬 문어적이다."
"N2-047","N2","～に決まっている","보통형 / 명사 + ～に決まっている","~이 틀림없다; ~일 게 뻔하다.","そんな<ruby>話<rt>はなし</rt></ruby>、うそに<ruby>決<rt>き</rt></ruby>まっている。","그런 이야기는 거짓말이 틀림없다.","あんなに<ruby>練習<rt>れんしゅう</rt></ruby>したのだから、<ruby>成功<rt>せいこう</rt></ruby>するに<ruby>決<rt>き</rt></ruby>まっている。","저렇게 연습했으니 성공할 게 뻔하다.","주관적 확신이 강한 구어 표현이다."
"N2-048","N2","～にすぎない","명사 / 보통형 + ～にすぎない","~에 지나지 않다.","それはまだ<ruby>仮説<rt>かせつ</rt></ruby>にすぎない。","그것은 아직 가설에 지나지 않는다.","<ruby>彼<rt>かれ</rt></ruby>の<ruby>発言<rt>はつげん</rt></ruby>は<ruby>個人的<rt>こじんてき</rt></ruby>な<ruby>感想<rt>かんそう</rt></ruby>にすぎない。","그의 발언은 개인적인 감상에 지나지 않는다.","でしかない보다 중립적으로 축소한다."
"N2-049","N2","～すぎない","보통형 + ～すぎない","~에 지나지 않다.","それは<ruby>形式的<rt>けいしきてき</rt></ruby>に<ruby>書<rt>か</rt></ruby>かれた説明にすぎない。","그것은 형식적으로 쓰인 설명에 지나지 않는다.","あの<ruby>成功<rt>せいこう</rt></ruby>は、たまたま<ruby>運<rt>うん</rt></ruby>がよかったにすぎない。","그 성공은 우연히 운이 좋았던 것에 지나지 않는다.","명사에는 보통 にすぎない, 동사·절에는 すぎない형이 자주 온다."
"N2-050","N2","～にほかならない","명사 / 보통형 + から + ～にほかならない","바로 ~이다; ~에 다름 아니다.","この<ruby>成果<rt>せいか</rt></ruby>は、みんなの<ruby>努力<rt>どりょく</rt></ruby>の<ruby>結果<rt>けっか</rt></ruby>にほかならない。","이 성과는 모두의 노력의 결과에 다름 아니다.","その<ruby>現象<rt>げんしょう</rt></ruby>は、<ruby>環境<rt>かんきょう</rt></ruby>の<ruby>変化<rt>へんか</rt></ruby>が<ruby>進<rt>すす</rt></ruby>んだことにほかならない。","그 현상은 환경 변화가 진행된 것에 다름 아니다.","にすぎない가 축소라면, にほかならない는 본질 규정이다."
"N2-051","N2","～でしかない","명사 / 보통형 + ～でしかない","~에 불과하다.","その<ruby>案<rt>あん</rt></ruby>は<ruby>理想論<rt>りそうろん</rt></ruby>でしかない。","그 안은 이상론에 불과하다.","この<ruby>数字<rt>すうじ</rt></ruby>だけでは<ruby>表面的<rt>ひょうめんてき</rt></ruby>な<ruby>理解<rt>りかい</rt></ruby>でしかない。","이 숫자만으로는 피상적인 이해에 불과하다.","にすぎない보다 더 부정적이고 낮춰 보는 느낌이 있다."
"N2-052","N2","～得る","동사 ます형 + ～得る","~할 수 있다. 사태의 가능성을 나타낸다.","このような<ruby>問題<rt>もんだい</rt></ruby>は、どの<ruby>会社<rt>かいしゃ</rt></ruby>でも<ruby>起<rt>お</rt></ruby>こり<ruby>得<rt>う</rt></ruby>る。","이런 문제는 어느 회사에서든 일어날 수 있다.","その<ruby>説明<rt>せつめい</rt></ruby>なら、<ruby>複数<rt>ふくすう</rt></ruby>の<ruby>解釈<rt>かいしゃく</rt></ruby>があり<ruby>得<rt>う</rt></ruby>る。","그 설명이라면 복수의 해석이 가능할 수 있다.","개인 능력이 아니라 사태 자체의 가능성이다."
"N2-053","N2","～得ない","동사 ます형 + ～得ない","~할 수 없다; 있을 수 없다.","その<ruby>計画<rt>けいかく</rt></ruby>は<ruby>現実的<rt>げんじつてき</rt></ruby>に<ruby>実現<rt>じつげん</rt></ruby>し<ruby>得<rt>え</rt></ruby>ない。","그 계획은 현실적으로 실현될 수 없다.","そんなことはあり<ruby>得<rt>え</rt></ruby>ないと、みんなが<ruby>首<rt>くび</rt></ruby>を<ruby>振<rt>ふ</rt></ruby>った。","그런 일은 있을 수 없다고 모두가 고개를 저었다.","あり得ない처럼 관용적으로 매우 자주 쓰인다."
"N2-054","N2","～恐れがある","동사 기본형 / 명사 + の + ～恐れがある","~할 우려가 있다.","このままでは、<ruby>土砂崩<rt>どしゃくず</rt></ruby>れが<ruby>発生<rt>はっせい</rt></ruby>する<ruby>恐<rt>おそ</rt></ruby>れがある。","이대로라면 산사태가 발생할 우려가 있다.","この<ruby>地域<rt>ちいき</rt></ruby>は<ruby>洪水<rt>こうずい</rt></ruby>の<ruby>恐<rt>おそ</rt></ruby>れがあるため、<ruby>早<rt>はや</rt></ruby>めに<ruby>避難<rt>ひなん</rt></ruby>してください。","이 지역은 홍수의 우려가 있으므로 일찍 대피해 주세요.","부정적 사태에만 쓰는 공식적 경고 표현이다."
"N2-055","N2","～とは限らない","보통형 + ～とは限らない","반드시 ~라고 할 수는 없다.","<ruby>高<rt>たか</rt></ruby>いものが<ruby>必<rt>かなら</rt></ruby>ずしもいいものとは<ruby>限<rt>かぎ</rt></ruby>らない。","비싼 것이 반드시 좋은 것이라고는 할 수 없다.","<ruby>努力<rt>どりょく</rt></ruby>すれば<ruby>成功<rt>せいこう</rt></ruby>するとは<ruby>限<rt>かぎ</rt></ruby>らない。","노력하면 성공한다고는 할 수 없다.","일반화에 예외를 남기는 부분 부정이다."
"N2-056","N2","～ないとは限らない","동사 ない형 + とは限らない","~않는다고는 할 수 없다; ~할 수도 있다.","<ruby>彼<rt>かれ</rt></ruby>が<ruby>来<rt>こ</rt></ruby>ないとは<ruby>限<rt>かぎ</rt></ruby>らないから、<ruby>席<rt>せき</rt></ruby>はそのままにしておこう。","그가 오지 않는다고는 할 수 없으니 자리는 그대로 두자.","この<ruby>機械<rt>きかい</rt></ruby>も<ruby>故障<rt>こしょう</rt></ruby>しないとは<ruby>限<rt>かぎ</rt></ruby>らない。","이 기계도 고장 나지 않는다고는 할 수 없다.","이중 부정으로 가능성을 조심스럽게 남긴다."
"N2-057","N2","～というものだ","보통형 + ～というものだ","~라는 것이다; 그게 바로 ~다.","これこそ<ruby>本当<rt>ほんとう</rt></ruby>の<ruby>友情<rt>ゆうじょう</rt></ruby>というものだ。","이것이야말로 진정한 우정이라는 것이다.","<ruby>努力<rt>どりょく</rt></ruby>が<ruby>報<rt>むく</rt></ruby>われたとき、<ruby>達成感<rt>たっせいかん</rt></ruby>というものを<ruby>強<rt>つよ</rt></ruby>く<ruby>感<rt>かん</rt></ruby>じる。","노력이 보답받았을 때 이른바 성취감이라는 것을 강하게 느낀다.","논리 귀결보다 통념·일반론에 대한 판단이다."
"N2-058","N2","～というものでもない","보통형 + ～というものでもない","반드시 ~라는 것도 아니다.","お<ruby>金<rt>かね</rt></ruby>があれば<ruby>幸<rt>しあわ</rt></ruby>せというものでもない。","돈이 있다고 해서 행복이라는 것도 아니다.","<ruby>謝<rt>あやま</rt></ruby>ればそれですむというものでもない。","사과한다고 해서 그것으로 끝나는 것도 아니다.","통념을 부드럽게 부정하는 표현이다."
"N2-059","N2","～というものではない","보통형 + ～というものではない","반드시 ~라는 것은 아니다.","<ruby>量<rt>りょう</rt></ruby>が<ruby>多<rt>おお</rt></ruby>ければいいというものではない。","양이 많으면 좋다는 것은 아니다.","<ruby>急<rt>いそ</rt></ruby>げば<ruby>早<rt>はや</rt></ruby>く<ruby>終<rt>お</rt></ruby>わるというものではない。","서두르면 빨리 끝난다는 것은 아니다.","というものでもない와 뜻은 비슷하고, 이쪽이 조금 더 딱딱하다."
"N2-060","N2","～というわけではない","보통형 + ～というわけではない","반드시 ~라는 것은 아니다.","<ruby>反対<rt>はんたい</rt></ruby>しているというわけではないが、もう<ruby>少<rt>すこ</rt></ruby>し<ruby>考<rt>かんが</rt></ruby>えたい。","반대하고 있다는 것은 아니지만 조금 더 생각하고 싶다.","<ruby>高級<rt>こうきゅう</rt></ruby>なものが<ruby>好<rt>す</rt></ruby>きだというわけではない。","고급스러운 것을 좋아한다는 것은 아니다.","わけではない보다 명시적으로 앞내용 전체를 받아 부정한다."
"N2-061","N2","～というわけではない","보통형 + ～というわけではない","반드시 ~라는 것은 아니다.","この<ruby>店<rt>みせ</rt></ruby>が<ruby>嫌<rt>きら</rt></ruby>いだというわけではないが、きょうは<ruby>別<rt>べつ</rt></ruby>の<ruby>店<rt>みせ</rt></ruby>にしたい。","이 가게가 싫다는 것은 아니지만 오늘은 다른 가게로 하고 싶다.","<ruby>彼<rt>かれ</rt></ruby>の<ruby>意見<rt>いけん</rt></ruby>に<ruby>反対<rt>はんたい</rt></ruby>しているというわけではない。","그의 의견에 반대하고 있다는 것은 아니다.","～わけではない보다 앞내용 전체를 더 분명히 받아 부정한다."
"N2-062","N2","～わけではない","보통형 + ～わけではない","반드시 ~인 것은 아니다.","<ruby>甘<rt>あま</rt></ruby>いものが<ruby>苦手<rt>にがて</rt></ruby>なわけではないが、きょうは<ruby>食<rt>た</rt></ruby>べたくない。","단것을 싫어하는 것은 아니지만 오늘은 먹고 싶지 않다.","<ruby>忙<rt>いそが</rt></ruby>しいわけではないのに、なぜか<ruby>気持<rt>きも</rt></ruby>ちに<ruby>余裕<rt>よゆう</rt></ruby>がない。","바쁜 것은 아닌데 어쩐지 마음에 여유가 없다.","～というわけではない의 기본형이다."
"N2-063","N2","～ところを見ると","동사 보통형 / 명사 + の + ～ところを見ると","~하는 것을 보면. 겉으로 드러난 정황을 근거로 추측한다.","あの<ruby>家<rt>いえ</rt></ruby>の<ruby>電気<rt>でんき</rt></ruby>がまだついているところを<ruby>見<rt>み</rt></ruby>ると、<ruby>誰<rt>だれ</rt></ruby>か<ruby>起<rt>お</rt></ruby>きているようだ。","저 집에 아직 불이 켜져 있는 것을 보면 누군가 깨어 있는 것 같다.","みんなが<ruby>静<rt>しず</rt></ruby>かに<ruby>聞<rt>き</rt></ruby>いているところを<ruby>見<rt>み</rt></ruby>ると、その<ruby>話<rt>はなし</rt></ruby>はかなり<ruby>重要<rt>じゅうよう</rt></ruby>らしい。","모두가 조용히 듣고 있는 것을 보면 그 이야기는 꽤 중요한 것 같다.","관찰에서 추론하는 표현이다."
"N2-064","N2","～かのようだ","보통형 / 명사 + である + ～かのようだ","마치 ~인 것 같다.","その<ruby>子<rt>こ</rt></ruby>は<ruby>前<rt>まえ</rt></ruby>からここに<ruby>住<rt>す</rt></ruby>んでいたかのようだ。","그 아이는 전부터 여기에 살고 있었던 것 같다.","<ruby>彼<rt>かれ</rt></ruby>はすべてを<ruby>知<rt>し</rt></ruby>っているかのようだった。","그는 모든 것을 알고 있는 것 같았다.","～ようだ보다 더 문어적이고 서술적이다."
"N2-065","N2","～かのように","보통형 / 명사 + である + ～かのように","마치 ~인 것처럼.","<ruby>何<rt>なに</rt></ruby>も<ruby>起<rt>お</rt></ruby>きなかったかのように、<ruby>彼女<rt>かのじょ</rt></ruby>は<ruby>席<rt>せき</rt></ruby>に<ruby>戻<rt>もど</rt></ruby>った。","아무 일도 없었던 것처럼 그녀는 자리로 돌아갔다.","その<ruby>犬<rt>いぬ</rt></ruby>は<ruby>言葉<rt>ことば</rt></ruby>が<ruby>分<rt>わ</rt></ruby>かるかのように<ruby>首<rt>くび</rt></ruby>をかしげた。","그 개는 말을 알아듣는 것처럼 고개를 갸웃했다.","～かのようだ의 부사형이다."
"N2-066","N2","～ないことはない","동사 ない형 + ～ことはない","~하지 않는 것은 아니다.","この<ruby>仕事<rt>しごと</rt></ruby>もできないことはないが、<ruby>時間<rt>じかん</rt></ruby>がかかる。","이 일도 못 하는 것은 아니지만 시간이 걸린다.","<ruby>彼<rt>かれ</rt></ruby>の<ruby>言<rt>い</rt></ruby>いたいことも<ruby>分<rt>わ</rt></ruby>からないことはない。","그가 하고 싶은 말도 이해 못 하는 것은 아니다.","완곡하게 가능성이나 일부 동의를 남긴다."
"N2-067","N2","～なくもない","동사 ない형 + ～くもない","~하지 않는 것도 아니다.","その<ruby>案<rt>あん</rt></ruby>も<ruby>悪<rt>わる</rt></ruby>くなくもないが、もっといい<ruby>方法<rt>ほうほう</rt></ruby>がある。","그 안도 나쁘지 않은 것은 아니지만 더 좋은 방법이 있다.","<ruby>彼<rt>かれ</rt></ruby>の<ruby>気持<rt>きも</rt></ruby>ちも<ruby>分<rt>わ</rt></ruby>からなくもない。","그의 기분도 모르는 것은 아니다.","～ないことはない보다 조금 더 압축되고 회화적이다."
"N2-068","N2","～ものか","동사 기본형 + ～ものか","~할 것인가; 절대 ~않겠다.","こんなことであきらめるものか。","이런 일로 포기할 것인가.","あの<ruby>人<rt>ひと</rt></ruby>にだけは<ruby>負<rt>ま</rt></ruby>けるものかと<ruby>思<rt>おも</rt></ruby>った。","저 사람에게만은 질 수 없다고 생각했다.","감정이 강한 반발·결의를 드러낸다."
"N2-069","N2","～もんか","동사 기본형 + ～もんか","~할까 보냐; 절대 ~않겠다.","もうあんな<ruby>店<rt>みせ</rt></ruby>、<ruby>二度<rt>にど</rt></ruby>と<ruby>行<rt>い</rt></ruby>くもんか。","이제 저런 가게는 두 번 다시 갈까 보냐.","<ruby>今<rt>いま</rt></ruby>さら<ruby>謝<rt>あやま</rt></ruby>ったって、<ruby>許<rt>ゆる</rt></ruby>すもんか。","이제 와서 사과한다고 해도 용서할까 보냐.","～ものか의 더 구어적인 형태다."
"N2-070","N2","～に限る","동사 기본형 / 명사 + ～に限る","~가 최고다; ~하는 것이 제일이다.","<ruby>疲<rt>つか</rt></ruby>れた<ruby>日<rt>ひ</rt></ruby>は、<ruby>早<rt>はや</rt></ruby>く<ruby>寝<rt>ね</rt></ruby>るに<ruby>限<rt>かぎ</rt></ruby>る。","피곤한 날은 일찍 자는 것이 최고다.","<ruby>夏<rt>なつ</rt></ruby>はやっぱり<ruby>冷<rt>つめ</rt></ruby>たい<ruby>麦茶<rt>むぎちゃ</rt></ruby>に<ruby>限<rt>かぎ</rt></ruby>る。","여름에는 역시 차가운 보리차가 최고다.","개인적 선호나 확신을 단정적으로 말한다."
"N2-071","N2","～に越したことはない","동사 ない형 / い형용사 / な형용사 / 명사 + である + ～に越したことはない","~하는 편이 가장 좋다.","<ruby>荷物<rt>にもつ</rt></ruby>は<ruby>軽<rt>かる</rt></ruby>いに<ruby>越<rt>こ</rt></ruby>したことはない。","짐은 가벼운 편이 가장 좋다.","<ruby>準備<rt>じゅんび</rt></ruby>は<ruby>早<rt>はや</rt></ruby>いに<ruby>越<rt>こ</rt></ruby>したことはない。","준비는 빠른 편이 가장 좋다.","～に限る보다 더 완곡하게 ‘최선’을 말한다."
"N2-072","N2","～ということは","보통형 + ～ということは","~라는 것은; 그렇다면.","<ruby>会議<rt>かいぎ</rt></ruby>が<ruby>延期<rt>えんき</rt></ruby>になったということは、きょうは<ruby>集<rt>あつ</rt></ruby>まらなくていいんですね。","회의가 연기되었다는 것은 오늘은 모이지 않아도 된다는 뜻이군요.","まだ<ruby>返事<rt>へんじ</rt></ruby>がないということは、<ruby>検討中<rt>けんとうちゅう</rt></ruby>なのかもしれない。","아직 답이 없다는 것은 검토 중인 것일지도 모른다.","앞말을 받아 의미를 정리하거나 결론을 이끈다."
"N2-073","N2","～のではないだろうか","보통형 + ～のではないだろうか","~가 아닐까. 조심스러운 추측·주장을 한다.","この<ruby>結果<rt>けっか</rt></ruby>は、<ruby>方法<rt>ほうほう</rt></ruby>そのものに<ruby>問題<rt>もんだい</rt></ruby>があるのではないだろうか。","이 결과는 방법 자체에 문제가 있는 것이 아닐까.","<ruby>彼<rt>かれ</rt></ruby>はただ<ruby>疲<rt>つか</rt></ruby>れているだけなのではないだろうか。","그는 단지 피곤한 것뿐이 아닐까.","세 형태 중 가장 조심스럽고 문어적이다."
"N2-074","N2","～のではないか","보통형 + ～のではないか","~가 아닐까.","この<ruby>数字<rt>すうじ</rt></ruby>を見ると、<ruby>需要<rt>じゅよう</rt></ruby>はまだ<ruby>伸<rt>の</rt></ruby>びるのではないか。","이 수치를 보면 수요는 아직 늘어날 수 있지 않을까.","あの<ruby>人<rt>ひと</rt></ruby>は、もうこちらに<ruby>気<rt>き</rt></ruby>づいているのではないか。","저 사람은 벌써 이쪽을 눈치챈 것이 아닐까.","～のではないだろうか보다 덜 완곡하다."
"N2-075","N2","～んじゃないか","보통형 + ～んじゃないか","~가 아니야?; ~가 아닐까.","それって、<ruby>計算<rt>けいさん</rt></ruby>が<ruby>間違<rt>まちが</rt></ruby>ってるんじゃないか。","그거 계산이 틀린 것 아니야?","もう<ruby>少<rt>すこ</rt></ruby>し<ruby>休<rt>やす</rt></ruby>んだほうがいいんじゃないか。","조금 더 쉬는 편이 좋지 않을까.","위 두 표현의 구어형으로, 확인·제안에도 자주 쓴다."
"N2-076","N2","もう少しで～","문장 앞에서","하마터면; 조금만 더 했으면.","もう<ruby>少<rt>すこ</rt></ruby>しで<ruby>階段<rt>かいだん</rt></ruby>から<ruby>落<rt>お</rt></ruby>ちるところだった。","하마터면 계단에서 떨어질 뻔했다.","もう<ruby>少<rt>すこ</rt></ruby>しで<ruby>答<rt>こた</rt></ruby>えが<ruby>分<rt>わ</rt></ruby>かったのに、<ruby>時間切<rt>じかんぎ</rt></ruby>れになった。","조금만 더 했으면 답을 알았을 텐데 시간이 다 되었다.","ところだった보다 아슬아슬함을 더 강하게 드러낸다."
"N2-077","N2","～上","명사 + ～上","~상.","<ruby>法律上<rt>ほうりつじょう</rt></ruby>は<ruby>問題<rt>もんだい</rt></ruby>ないが、<ruby>気持<rt>きも</rt></ruby>ちの<ruby>上<rt>うえ</rt></ruby>では<ruby>納得<rt>なっとく</rt></ruby>できない。","법률상으로는 문제없지만 마음으로는 납득할 수 없다.","<ruby>仕事上<rt>しごとじょう</rt></ruby>、その<ruby>情報<rt>じょうほう</rt></ruby>は<ruby>外<rt>そと</rt></ruby>に<ruby>出<rt>だ</rt></ruby>せない。","업무상 그 정보는 밖으로 내놓을 수 없다.","～上に / ～上で와 읽기·의미가 다르다."
"N2-078","N2","～からいうと","명사 + ～からいうと","~로 말하면.","<ruby>価格<rt>かかく</rt></ruby>からいうと、このモデルがいちばん<ruby>手頃<rt>てごろ</rt></ruby>だ。","가격으로 말하면 이 모델이 가장 적당하다.","<ruby>安全性<rt>あんぜんせい</rt></ruby>からいうと、こちらの<ruby>案<rt>あん</rt></ruby>のほうがいい。","안전성으로 말하면 이쪽 안이 더 낫다.","관점을 중립적으로 제시하는 표현이다."
"N2-079","N2","～からいって","명사 + ～からいって","~로 말하면.","<ruby>経験<rt>けいけん</rt></ruby>からいって、その<ruby>判断<rt>はんだん</rt></ruby>は<ruby>正<rt>ただ</rt></ruby>しいと<ruby>思<rt>おも</rt></ruby>う。","경험으로 말하면 그 판단은 옳다고 생각한다.","<ruby>状況<rt>じょうきょう</rt></ruby>からいって、きょうの<ruby>出発<rt>しゅっぱつ</rt></ruby>は<ruby>難<rt>むずか</rt></ruby>しそうだ。","상황으로 말하면 오늘 출발은 어려워 보인다.","～からいうと의 형태 차이일 뿐 뜻은 거의 같다."
"N2-080","N2","～からいえば","명사 + ～からいえば","~로 말하면.","<ruby>実用性<rt>じつようせい</rt></ruby>からいえば、この<ruby>道具<rt>どうぐ</rt></ruby>がいちばん<ruby>便利<rt>べんり</rt></ruby>だ。","실용성으로 말하면 이 도구가 가장 편리하다.","<ruby>結果<rt>けっか</rt></ruby>からいえば、<ruby>今回<rt>こんかい</rt></ruby>の<ruby>方法<rt>ほうほう</rt></ruby>は<ruby>成功<rt>せいこう</rt></ruby>だった。","결과로 말하면 이번 방법은 성공이었다.","앞의 두 형태와 거의 바꿔 쓸 수 있다."
"N2-081","N2","～からして","명사 + ～からして","~부터가; ~로 봐서.","あの<ruby>店<rt>みせ</rt></ruby>は<ruby>名前<rt>なまえ</rt></ruby>からして<ruby>高<rt>たか</rt></ruby>そうだ。","저 가게는 이름부터가 비싸 보인다.","<ruby>彼<rt>かれ</rt></ruby>の<ruby>表情<rt>ひょうじょう</rt></ruby>からして、かなり<ruby>疲<rt>つか</rt></ruby>れているようだ。","그의 표정으로 봐서 꽤 지쳐 있는 것 같다.","일부 단서만 보고 전체를 판단하는 느낌이 강하다."
"N2-082","N2","～からすると","명사 + ～からすると","~로 보면.","このデータからすると、<ruby>今年<rt>ことし</rt></ruby>の<ruby>売上<rt>うりあげ</rt></ruby>はまだ<ruby>伸<rt>の</rt></ruby>びそうだ。","이 데이터로 보면 올해 매출은 아직 늘어날 듯하다.","<ruby>彼<rt>かれ</rt></ruby>の<ruby>成績<rt>せいせき</rt></ruby>からすると、<ruby>合格<rt>ごうかく</rt></ruby>はかなり<ruby>厳<rt>きび</rt></ruby>しい。","그의 성적으로 보면 합격은 꽤 어렵다.","객관적 기준에서 분석적으로 판단한다."
"N2-083","N2","～からすれば","명사 + ～からすれば","~로 보면.","<ruby>常識<rt>じょうしき</rt></ruby>からすれば、その<ruby>行動<rt>こうどう</rt></ruby>は<ruby>理解<rt>りかい</rt></ruby>しにくい。","상식으로 보면 그 행동은 이해하기 어렵다.","<ruby>今<rt>いま</rt></ruby>の<ruby>時代<rt>じだい</rt></ruby>からすれば、その<ruby>制度<rt>せいど</rt></ruby>はかなり<ruby>古<rt>ふる</rt></ruby>い。","지금 시대의 기준으로 보면 그 제도는 꽤 오래되었다.","～からすると과 뜻은 거의 같고 조금 더 문어적이다."
"N2-084","N2","～にしたら","명사 + ～にしたら","~로서는; ~의 입장에서 보면.","<ruby>親<rt>おや</rt></ruby>にしたら、<ruby>子<rt>こ</rt></ruby>どもが<ruby>夜道<rt>よみち</rt></ruby>を<ruby>一人<rt>ひとり</rt></ruby>で<ruby>歩<rt>ある</rt></ruby>くのは<ruby>心配<rt>しんぱい</rt></ruby>だろう。","부모로서는 아이가 밤길을 혼자 걷는 것이 걱정될 것이다.","<ruby>初<rt>はじ</rt></ruby>めての<ruby>海外<rt>かいがい</rt></ruby><ruby>生活<rt>せいかつ</rt></ruby>にしたら、それはかなりの<ruby>負担<rt>ふたん</rt></ruby>だったはずだ。","처음 해외 생활을 하는 사람의 입장이라면 그것은 꽤 큰 부담이었을 것이다.","상대 입장에 감정이입해서 판단한다."
"N2-085","N2","～にすれば","명사 + ～にすれば","~로서는; ~의 입장에서 보면.","<ruby>新入社員<rt>しんにゅうしゃいん</rt></ruby>にすれば、いきなり<ruby>意見<rt>いけん</rt></ruby>を<ruby>求<rt>もと</rt></ruby>められても<ruby>困<rt>こま</rt></ruby>るだろう。","신입사원으로서는 갑자기 의견을 요구받아도 곤란할 것이다.","<ruby>被害者<rt>ひがいしゃ</rt></ruby>にすれば、その<ruby>説明<rt>せつめい</rt></ruby>では<ruby>納得<rt>なっとく</rt></ruby>できない。","피해자 입장에서는 그 설명으로는 납득할 수 없다.","～にしたら와 거의 같고, 둘 다 상대 입장에서 본 판단이다."
"N2-086","N2","～にしてみれば","명사 + ～にしてみれば","~의 입장에서 보면, ~로서는.","<ruby>留学生<rt>りゅうがくせい</rt></ruby>にしてみれば、<ruby>最初<rt>さいしょ</rt></ruby>の<ruby>一週間<rt>いっしゅうかん</rt></ruby>はとても<ruby>長<rt>なが</rt></ruby>く<ruby>感<rt>かん</rt></ruby>じられるだろう。","유학생 입장에서 보면 첫 일주일은 매우 길게 느껴질 것이다.","<ruby>利用者<rt>りようしゃ</rt></ruby>にしてみれば、<ruby>料金<rt>りょうきん</rt></ruby>よりも<ruby>使<rt>つか</rt></ruby>いやすさのほうが<ruby>重要<rt>じゅうよう</rt></ruby>だ。","이용자 입장에서 보면 요금보다 사용 편의성이 더 중요하다.","～からすると가 객관적 판단이면, ～にしてみれば는 상대 입장에 감정이입한다."
"N2-087","N2","～において","명사 + ～において","~에서, ~에 있어서. 공적·학술적 배경을 설정한다.","<ruby>本研究<rt>ほんけんきゅう</rt></ruby>において、<ruby>三<rt>みっ</rt></ruby>つの<ruby>重要<rt>じゅうよう</rt></ruby>な<ruby>傾向<rt>けいこう</rt></ruby>が<ruby>確認<rt>かくにん</rt></ruby>された。","본 연구에서 세 가지 중요한 경향이 확인되었다.","<ruby>国際会議<rt>こくさいかいぎ</rt></ruby>において、その<ruby>提案<rt>ていあん</rt></ruby>は<ruby>高<rt>たか</rt></ruby>く<ruby>評価<rt>ひょうか</rt></ruby>された。","국제회의에서 그 제안은 높이 평가되었다.","일상 장소의 で와 달리, 공적·추상적 장면에 쓴다."
"N2-088","N2","～における","명사 + ～における + 명사","~에서의, ~에 있어서의.","<ruby>現代社会<rt>げんだいしゃかい</rt></ruby>における<ruby>情報管理<rt>じょうほうかんり</rt></ruby>の<ruby>重要性<rt>じゅうようせい</rt></ruby>はますます<ruby>高<rt>たか</rt></ruby>まっている。","현대 사회에서의 정보 관리 중요성은 점점 높아지고 있다.","<ruby>教育現場<rt>きょういくげんば</rt></ruby>における<ruby>公平性<rt>こうへいせい</rt></ruby>が<ruby>問<rt>と</rt></ruby>われている。","교육 현장에서의 공정성이 문제시되고 있다.","～において의 명사 수식형이다."
"N2-089","N2","～のもとで","명사 + の + ～のもとで","~의 지도·관리·조건 하에서.","<ruby>厳格<rt>げんかく</rt></ruby>な<ruby>ルール<rt>るーる</rt></ruby>のもとで、<ruby>実験<rt>じっけん</rt></ruby>が<ruby>行<rt>おこな</rt></ruby>われた。","엄격한 규칙 아래에서 실험이 이루어졌다.","<ruby>新<rt>あたら</rt></ruby>しい<ruby>監督<rt>かんとく</rt></ruby>のもとで、<ruby>チーム<rt>ちーむ</rt></ruby>は<ruby>大<rt>おお</rt></ruby>きく<ruby>成長<rt>せいちょう</rt></ruby>した。","새 감독 아래에서 팀은 크게 성장했다.","～において가 배경 설정이면, ～のもとで는 영향·관리 아래라는 뜻이 강하다."
"N2-090","N2","～のもとに","명사 + の + ～のもとに","~의 아래에, ~에 따라.","<ruby>憲法<rt>けんぽう</rt></ruby>のもとに、<ruby>国民<rt>こくみん</rt></ruby>の<ruby>権利<rt>けんり</rt></ruby>は<ruby>保障<rt>ほしょう</rt></ruby>される。","헌법 아래에서 국민의 권리는 보장된다.","<ruby>先生<rt>せんせい</rt></ruby>の<ruby>指導<rt>しどう</rt></ruby>のもとに、<ruby>卒業論文<rt>そつぎょうろんぶん</rt></ruby>を<ruby>完成<rt>かんせい</rt></ruby>させた。","선생님의 지도 아래에 졸업논문을 완성했다.","～のもとで와 비슷하지만, 제도·원칙 아래의 느낌이 더 자연스럽다."
"N2-091","N2","～に基づいて","명사 + ～に基づいて","~에 근거하여.","<ruby>最新<rt>さいしん</rt></ruby>の<ruby>データ<rt>でーた</rt></ruby>に<ruby>基<rt>もと</rt></ruby>づいて、<ruby>計画<rt>けいかく</rt></ruby>を<ruby>修正<rt>しゅうせい</rt></ruby>した。","최신 데이터에 근거해 계획을 수정했다.","<ruby>事実<rt>じじつ</rt></ruby>に<ruby>基<rt>もと</rt></ruby>づいて<ruby>判断<rt>はんだん</rt></ruby>することが<ruby>大切<rt>たいせつ</rt></ruby>だ。","사실에 근거해 판단하는 것이 중요하다.","～によって보다 의미가 ‘근거’로 한정된다."
"N2-092","N2","～に基づき","명사 + ～に基づき","~에 근거하여. ～に基づいて의 문어적 형태.","<ruby>契約内容<rt>けいやくないよう</rt></ruby>に<ruby>基<rt>もと</rt></ruby>づき、<ruby>代金<rt>だいきん</rt></ruby>を<ruby>支払<rt>しはら</rt></ruby>ってください。","계약 내용에 근거해 대금을 지불해 주세요.","<ruby>法律<rt>ほうりつ</rt></ruby>に<ruby>基<rt>もと</rt></ruby>づき、<ruby>適切<rt>てきせつ</rt></ruby>に<ruby>処理<rt>しょり</rt></ruby>いたします。","법률에 근거해 적절히 처리하겠습니다.","～に基づいて보다 더 공문서·문어체에 가깝다."
"N2-093","N2","～に応えて","명사 + ～に応えて","~에 부응하여, ~에 응하여.","<ruby>利用者<rt>りようしゃ</rt></ruby>の<ruby>要望<rt>ようぼう</rt></ruby>に<ruby>応<rt>こた</rt></ruby>えて、<ruby>営業時間<rt>えいぎょうじかん</rt></ruby>を<ruby>延長<rt>えんちょう</rt></ruby>した。","이용자의 요구에 부응하여 영업시간을 연장했다.","ファンの<ruby>期待<rt>きたい</rt></ruby>に<ruby>応<rt>こた</rt></ruby>えて、アンコール<ruby>公演<rt>こうえん</rt></ruby>が<ruby>決定<rt>けってい</rt></ruby>した。","팬들의 기대에 부응하여 앙코르 공연이 결정되었다.","～に応じて가 조건 대응이면, ～に応えて는 기대·요구에 적극 부응한다."
"N2-094","N2","～にこたえて","명사 + ～にこたえて","~에 부응하여, ~에 응하여.","<ruby>地域住民<rt>ちいきじゅうみん</rt></ruby>の<ruby>声<rt>こえ</rt></ruby>にこたえて、<ruby>公園<rt>こうえん</rt></ruby>の<ruby>設備<rt>せつび</rt></ruby>が<ruby>改善<rt>かいぜん</rt></ruby>された。","지역 주민의 목소리에 부응하여 공원 설비가 개선되었다.","<ruby>読者<rt>どくしゃ</rt></ruby>の<ruby>希望<rt>きぼう</rt></ruby>にこたえて、<ruby>特別号<rt>とくべつごう</rt></ruby>を<ruby>発行<rt>はっこう</rt></ruby>することになった。","독자의 희망에 부응하여 특별호를 발행하게 되었다.","～に応えて와 뜻은 같고, 가나 표기형이다."
"N2-095","N2","～を巡って","명사 + ～を巡って","~를 둘러싸고.","<ruby>新制度<rt>しんせいど</rt></ruby>を<ruby>巡<rt>めぐ</rt></ruby>って、<ruby>委員会<rt>いいんかい</rt></ruby>で<ruby>激<rt>はげ</rt></ruby>しい<ruby>議論<rt>ぎろん</rt></ruby>が<ruby>続<rt>つづ</rt></ruby>いた。","신제도를 둘러싸고 위원회에서 격렬한 논의가 이어졌다.","<ruby>土地利用<rt>とちりよう</rt></ruby>を<ruby>巡<rt>めぐ</rt></ruby>って、<ruby>住民<rt>じゅうみん</rt></ruby>と<ruby>行政<rt>ぎょうせい</rt></ruby>が<ruby>対立<rt>たいりつ</rt></ruby>している。","토지 이용을 둘러싸고 주민과 행정이 대립하고 있다.","～について보다 갈등·대립의 뉘앙스가 강하다."
"N2-096","N2","～をめぐって","명사 + ～をめぐって","~를 둘러싸고.","<ruby>その<rt>その</rt></ruby><ruby>発言<rt>はつげん</rt></ruby>をめぐって、<ruby>ネット上<rt>ねっとじょう</rt></ruby>で<ruby>賛否<rt>さんぴ</rt></ruby>が<ruby>分<rt>わ</rt></ruby>かれた。","그 발언을 둘러싸고 인터넷상에서 찬반이 갈렸다.","<ruby>大会開催<rt>たいかいかいさい</rt></ruby>をめぐって、さまざまな<ruby>意見<rt>いけん</rt></ruby>が<ruby>出<rt>で</rt></ruby>ている。","대회 개최를 둘러싸고 여러 의견이 나오고 있다.","～を巡って와 뜻은 같고, 가나 표기형이다."
"N2-097","N2","～をめぐる","명사 + ～をめぐる + 명사","~를 둘러싼.","<ruby>環境問題<rt>かんきょうもんだい</rt></ruby>をめぐる<ruby>議論<rt>ぎろん</rt></ruby>が、<ruby>国会<rt>こっかい</rt></ruby>で<ruby>続<rt>つづ</rt></ruby>いている。","환경 문제를 둘러싼 논의가 국회에서 이어지고 있다.","<ruby>予算配分<rt>よさんはいぶん</rt></ruby>をめぐる<ruby>対立<rt>たいりつ</rt></ruby>はまだ<ruby>解決<rt>かいけつ</rt></ruby>していない。","예산 배분을 둘러싼 대립은 아직 해결되지 않았다.","～をめぐって의 명사 수식형이다."
"N2-098","N2","～に向けて","명사 + ～に向けて","~를 향하여, ~를 목표로.","<ruby>来年<rt>らいねん</rt></ruby>の<ruby>大会<rt>たいかい</rt></ruby>に<ruby>向<rt>む</rt></ruby>けて、<ruby>新<rt>あたら</rt></ruby>しい<ruby>練習計画<rt>れんしゅうけいかく</rt></ruby>を<ruby>立<rt>た</rt></ruby>てた。","내년 대회를 향해 새로운 연습 계획을 세웠다.","<ruby>持続可能<rt>じぞくかのう</rt></ruby>な<ruby>社会<rt>しゃかい</rt></ruby>に<ruby>向<rt>む</rt></ruby>けて、<ruby>地域全体<rt>ちいきぜんたい</rt></ruby>で<ruby>取<rt>と</rt></ruby>り<ruby>組<rt>く</rt></ruby>みを<ruby>進<rt>すす</rt></ruby>めている。","지속 가능한 사회를 향해 지역 전체에서 노력을 진행하고 있다.","～に向かって보다 목표 지향성이 더 강하다."
"N2-099","N2","～に向かって","명사 + ～に向かって","~를 향하여. 방향이나 대상 쪽으로 나아감을 나타낸다.","<ruby>船<rt>ふね</rt></ruby>は<ruby>港<rt>みなと</rt></ruby>に<ruby>向<rt>む</rt></ruby>かってゆっくり<ruby>進<rt>すす</rt></ruby>んだ。","배는 항구를 향해 천천히 나아갔다.","<ruby>聴衆<rt>ちょうしゅう</rt></ruby>に<ruby>向<rt>む</rt></ruby>かって、<ruby>力強<rt>ちからづよ</rt></ruby>く<ruby>演説<rt>えんぜつ</rt></ruby>した。","청중을 향해 힘차게 연설했다.","～に向けて보다 물리적 방향·행동성이 더 강하다."
"N2-100","N2","～につき","명사 + ～につき","~에 관하여; ~이므로; ~당.","<ruby>本日<rt>ほんじつ</rt></ruby>は<ruby>点検中<rt>てんけんちゅう</rt></ruby>につき、<ruby>一部<rt>いちぶ</rt></ruby>の<ruby>施設<rt>しせつ</rt></ruby>はご<ruby>利用<rt>りよう</rt></ruby>いただけません。","오늘은 점검 중이므로 일부 시설은 이용하실 수 없습니다.","<ruby>参加者<rt>さんかしゃ</rt></ruby><ruby>一人<rt>ひとり</rt></ruby>につき、<ruby>資料<rt>しりょう</rt></ruby>を<ruby>一部<rt>いちぶ</rt></ruby>ずつお<ruby>配<rt>くば</rt></ruby>りします。","참가자 1인당 자료를 한 부씩 배부합니다.","격식 있는 안내문 표현이며, 이유와 단위 두 용법이 있다."
"N2-101","N2","～上に","보통형 / な형용사 + な / 명사 + である + ～上に","~한 데다가.","この<ruby>道<rt>みち</rt></ruby>は<ruby>狭<rt>せま</rt></ruby>い<ruby>上<rt>うえ</rt></ruby>に、<ruby>夜<rt>よる</rt></ruby>は<ruby>暗<rt>くら</rt></ruby>くて<ruby>危険<rt>きけん</rt></ruby>だ。","이 길은 좁은 데다가 밤에는 어두워서 위험하다.","<ruby>彼女<rt>かのじょ</rt></ruby>は<ruby>仕事<rt>しごと</rt></ruby>ができる<ruby>上<rt>うえ</rt></ruby>に、<ruby>気配<rt>きくば</rt></ruby>りもできる。","그녀는 일을 잘하는 데다가 배려도 잘한다.","같은 방향의 정보가 누적된다."
"N2-102","N2","～に限り","명사 + ～に限り","~에 한하여.","<ruby>本<rt>ほん</rt></ruby>サービスは<ruby>会員<rt>かいいん</rt></ruby>に<ruby>限<rt>かぎ</rt></ruby>りご<ruby>利用<rt>りよう</rt></ruby>いただけます。","본 서비스는 회원에 한하여 이용하실 수 있습니다.","<ruby>本日<rt>ほんじつ</rt></ruby>に<ruby>限<rt>かぎ</rt></ruby>り、<ruby>入場料<rt>にゅうじょうりょう</rt></ruby>は<ruby>無料<rt>むりょう</rt></ruby>です。","오늘에 한하여 입장료는 무료입니다.","～だけ보다 공지·안내에서 더 격식 있다."
"N2-103","N2","～に限って","명사 + ～に限って","~에 한해서; 하필 ~에.","<ruby>大事<rt>だいじ</rt></ruby>な<ruby>日<rt>ひ</rt></ruby>に<ruby>限<rt>かぎ</rt></ruby>って、<ruby>電車<rt>でんしゃ</rt></ruby>が<ruby>遅<rt>おく</rt></ruby>れる。","하필 중요한 날에 한해서 전철이 늦는다.","この<ruby>商品<rt>しょうひん</rt></ruby>に<ruby>限<rt>かぎ</rt></ruby>って、<ruby>返品<rt>へんぴん</rt></ruby>はお<ruby>受<rt>う</rt></ruby>けできません。","이 상품에 한해서는 반품을 받을 수 없습니다.","～に限り보다 ‘하필’이라는 뉘앙스가 자주 생긴다."
"N2-104","N2","～に限らず","명사 + ～に限らず","~에 한하지 않고.","この<ruby>問題<rt>もんだい</rt></ruby>は<ruby>学生<rt>がくせい</rt></ruby>に<ruby>限<rt>かぎ</rt></ruby>らず、<ruby>社会人<rt>しゃかいじん</rt></ruby>にも<ruby>関係<rt>かんけい</rt></ruby>がある。","이 문제는 학생에 한하지 않고 사회인에게도 관계가 있다.","<ruby>休日<rt>きゅうじつ</rt></ruby>に<ruby>限<rt>かぎ</rt></ruby>らず、<ruby>平日<rt>へいじつ</rt></ruby>も<ruby>利用客<rt>りようきゃく</rt></ruby>が<ruby>多<rt>おお</rt></ruby>い。","휴일에 한하지 않고 평일에도 이용객이 많다.","～だけでなく과 비슷하지만 더 격식 있다."
"N2-105","N2","～限りでは","동사 た형 / 동사 ている형 + ～限りでは","~하는 한에서는.","<ruby>私<rt>わたし</rt></ruby>が<ruby>知<rt>し</rt></ruby>っている<ruby>限<rt>かぎ</rt></ruby>りでは、その<ruby>件<rt>けん</rt></ruby>はまだ<ruby>決定<rt>けってい</rt></ruby>していない。","내가 알고 있는 한에서는 그 건은 아직 결정되지 않았다.","<ruby>調<rt>しら</rt></ruby>べた<ruby>限<rt>かぎ</rt></ruby>りでは、<ruby>大<rt>おお</rt></ruby>きな<ruby>問題<rt>もんだい</rt></ruby>は<ruby>見<rt>み</rt></ruby>つからなかった。","조사한 한에서는 큰 문제는 발견되지 않았다.","정보·지식의 범위를 한정해 말한다."
"N2-106","N2","～を問わず","명사 + ～を問わず","~를 불문하고.","<ruby>年齢<rt>ねんれい</rt></ruby>や<ruby>経験<rt>けいけん</rt></ruby>を<ruby>問<rt>と</rt></ruby>わず、どなたでもご<ruby>応募<rt>おうぼ</rt></ruby>いただけます。","연령이나 경험을 불문하고 누구나 지원하실 수 있습니다.","<ruby>昼夜<rt>ちゅうや</rt></ruby>を<ruby>問<rt>と</rt></ruby>わず、<ruby>工事<rt>こうじ</rt></ruby>が<ruby>続<rt>つづ</rt></ruby>いている。","주야를 불문하고 공사가 이어지고 있다.","조건과 상관없음을 공문서적으로 나타낸다."
"N2-107","N2","～にせよ","명사 / 동사 보통형 + ～にせよ","~이든, ~라 해도.","<ruby>賛成<rt>さんせい</rt></ruby>にせよ<ruby>反対<rt>はんたい</rt></ruby>にせよ、まず<ruby>意見<rt>いけん</rt></ruby>を<ruby>聞<rt>き</rt></ruby>かせてほしい。","찬성이든 반대이든 먼저 의견을 들려주었으면 한다.","どちらを<ruby>選<rt>えら</rt></ruby>ぶにせよ、<ruby>理由<rt>りゆう</rt></ruby>は<ruby>明確<rt>めいかく</rt></ruby>にするべきだ。","어느 쪽을 고르든 이유는 명확히 해야 한다.","양보를 인정하면서 결론은 같음을 말한다."
"N2-108","N2","～にしろ","명사 / 동사 보통형 + ～にしろ","~이든, ~라 해도.","<ruby>理由<rt>りゆう</rt></ruby>が<ruby>何<rt>なん</rt></ruby>にしろ、<ruby>無断欠席<rt>むだんけっせき</rt></ruby>はよくない。","이유가 무엇이든 무단결석은 좋지 않다.","<ruby>今<rt>いま</rt></ruby>すぐ<ruby>決<rt>き</rt></ruby>めるにしろ、あとで<ruby>決<rt>き</rt></ruby>めるにしろ、まず<ruby>情報<rt>じょうほう</rt></ruby>が<ruby>必要<rt>ひつよう</rt></ruby>だ。","지금 당장 정하든 나중에 정하든 우선 정보가 필요하다.","～にせよ와 거의 같고 조금 더 회화적이다."
"N2-109","N2","～にしろ～にしろ","명사 / 동사 보통형 + ～にしろ～にしろ","~이든 ~이든.","<ruby>行<rt>い</rt></ruby>くにしろ<ruby>行<rt>い</rt></ruby>かないにしろ、きょう<ruby>中<rt>じゅう</rt></ruby>に<ruby>返事<rt>へんじ</rt></ruby>をください。","가든 안 가든 오늘 중으로 답을 주세요.","<ruby>夏<rt>なつ</rt></ruby>にしろ<ruby>冬<rt>ふゆ</rt></ruby>にしろ、この<ruby>町<rt>まち</rt></ruby>は<ruby>観光客<rt>かんこうきゃく</rt></ruby>が<ruby>多<rt>おお</rt></ruby>い。","여름이든 겨울이든 이 도시는 관광객이 많다.","양쪽 경우를 병렬로 제시한다."
"N2-110","N2","～にしても～にしても","명사 / 동사 보통형 + ～にしても～にしても","~이든 ~이든.","<ruby>電車<rt>でんしゃ</rt></ruby>にしても<ruby>バス<rt>ばす</rt></ruby>にしても、この<ruby>時間<rt>じかん</rt></ruby>はかなり<ruby>混<rt>こ</rt></ruby>む。","전철이든 버스든 이 시간은 꽤 붐빈다.","<ruby>続<rt>つづ</rt></ruby>けるにしてもやめるにしても、<ruby>十分<rt>じゅうぶん</rt></ruby>に<ruby>話<rt>はな</rt></ruby>し<ruby>合<rt>あ</rt></ruby>う<ruby>必要<rt>ひつよう</rt></ruby>がある。","계속하든 그만두든 충분히 상의할 필요가 있다.","～にしろ～にしろ와 뜻은 거의 같고, 이쪽이 조금 더 부드럽다."
"N2-111","N2","～を<ruby>除<rt>のぞ</rt></ruby>いて","명사 + を + ～除いて","~를 제외하고.","<ruby>日曜日<rt>にちようび</rt></ruby>を<ruby>除<rt>のぞ</rt></ruby>いて、この<ruby>図書館<rt>としょかん</rt></ruby>は<ruby>毎日<rt>まいにち</rt></ruby><ruby>開<rt>あ</rt></ruby>いている。","일요일을 제외하고 이 도서관은 매일 열려 있다.","<ruby>一部<rt>いちぶ</rt></ruby>の<ruby>例外<rt>れいがい</rt></ruby>を<ruby>除<rt>のぞ</rt></ruby>いて、みんな<ruby>賛成<rt>さんせい</rt></ruby>した。","일부 예외를 제외하고 모두 찬성했다.","구어에서는 ～以外は를 더 자주 쓴다."
"N2-112","N2","～<ruby>除<rt>のぞ</rt></ruby>いて","명사 + ～除いて","~를 제외하고.","この<ruby>仕事<rt>しごと</rt></ruby>は<ruby>経験者<rt>けいけんしゃ</rt></ruby><ruby>除<rt>のぞ</rt></ruby>いて<ruby>応募<rt>おうぼ</rt></ruby>できない。","이 일은 경험자를 제외하고는 지원할 수 없다.","<ruby>古<rt>ふる</rt></ruby>い<ruby>資料<rt>しりょう</rt></ruby><ruby>除<rt>のぞ</rt></ruby>いて、<ruby>全部<rt>ぜんぶ</rt></ruby>データ化した。","오래된 자료를 제외하고 전부 데이터화했다.","～を除いて와 뜻은 같고, ～を가 없는 축약형이다."
"N2-113","N2","～<ruby>抜<rt>ぬ</rt></ruby>きにして（は）","명사 + ～抜きにして（は）","~는 빼고, ~는 제쳐 두고.","<ruby>冗談<rt>じょうだん</rt></ruby><ruby>抜<rt>ぬ</rt></ruby>きにして、そろそろ<ruby>本題<rt>ほんだい</rt></ruby>に<ruby>入<rt>はい</rt></ruby>ろう。","농담은 빼고 슬슬 본론으로 들어가자.","<ruby>感情<rt>かんじょう</rt></ruby><ruby>抜<rt>ぬ</rt></ruby>きにしては、この<ruby>問題<rt>もんだい</rt></ruby>は<ruby>語<rt>かた</rt></ruby>れない。","감정을 제쳐 두고는 이 문제를 말할 수 없다.","형식이나 부수 요소를 덜어 내고 본론으로 간다는 느낌이 강하다."
"N2-114","N2","～<ruby>抜<rt>ぬ</rt></ruby>きで（は）","명사 + ～抜きで（は）","~는 빼고, ~없이.","お<ruby>世辞<rt>せじ</rt></ruby><ruby>抜<rt>ぬ</rt></ruby>きで、この<ruby>料理<rt>りょうり</rt></ruby>はかなりおいしい。","아부는 빼고 이 요리는 꽤 맛있다.","<ruby>前置<rt>まえお</rt></ruby>き<ruby>抜<rt>ぬ</rt></ruby>きで<ruby>話<rt>はな</rt></ruby>すと、<ruby>今回<rt>こんかい</rt></ruby>の<ruby>計画<rt>けいかく</rt></ruby>は<ruby>危険<rt>きけん</rt></ruby>だ。","서두는 빼고 말하면 이번 계획은 위험하다.","～抜きにして（は）보다 조금 더 회화적이다."
"N2-115","N2","～はともかく（として）","명사 + ～はともかく（として）","~는 어쨌든, ~는 일단 제쳐 두고.","<ruby>結果<rt>けっか</rt></ruby>はともかくとして、まずは<ruby>最後<rt>さいご</rt></ruby>までやってみよう。","결과는 어쨌든 우선 끝까지 해 보자.","<ruby>値段<rt>ねだん</rt></ruby>はともかく、この<ruby>機能<rt>きのう</rt></ruby>は<ruby>魅力的<rt>みりょくてき</rt></ruby>だ。","가격은 어쨌든 이 기능은 매력적이다.","논외로 두기는 하지만 완전히 분리하는 느낌은 아니다."
"N2-116","N2","～は<ruby>別<rt>べつ</rt></ruby>として","명사 + ～は別として","~는 별도로 하고, ~는 따로 두고.","<ruby>費用<rt>ひよう</rt></ruby>は<ruby>別<rt>べつ</rt></ruby>として、この<ruby>案<rt>あん</rt></ruby>はかなり<ruby>現実的<rt>げんじつてき</rt></ruby>だ。","비용은 별도로 하고 이 안은 꽤 현실적이다.","<ruby>個人<rt>こじん</rt></ruby>の<ruby>好<rt>この</rt></ruby>みは<ruby>別<rt>べつ</rt></ruby>として、<ruby>客観的<rt>きゃっかんてき</rt></ruby>にはよくできた<ruby>作品<rt>さくひん</rt></ruby>だ。","개인의 취향은 별도로 하고 객관적으로는 잘 만든 작품이다.","～はともかく보다 분리·배제의 느낌이 더 강하다."
"N2-117","N2","～ものなら","동사 가능형 / 동사 의향형 + ～ものなら","~할 수 있다면; 만약 ~하려 들면.","<ruby>帰<rt>かえ</rt></ruby>れるものなら、いますぐ<ruby>実家<rt>じっか</rt></ruby>に<ruby>帰<rt>かえ</rt></ruby>りたい。","돌아갈 수 있다면 지금 당장 본가에 돌아가고 싶다.","そんな<ruby>危険<rt>きけん</rt></ruby>な<ruby>場所<rt>ばしょ</rt></ruby>に<ruby>近<rt>ちか</rt></ruby>づこうものなら、すぐに<ruby>止<rt>と</rt></ruby>められるだろう。","그런 위험한 장소에 가까이 가려 들면 곧바로 제지당할 것이다.","가능형은 비현실적 소망, 의향형은 경고의 뜻이 강하다."
"N2-118","N2","～ないことには","동사 ない형 / い형용사 くない / な형용사 でない + ことには","~하지 않으면.","<ruby>実際<rt>じっさい</rt></ruby>に<ruby>見<rt>み</rt></ruby>ないことには、その<ruby>違<rt>ちが</rt></ruby>いは<ruby>分<rt>わ</rt></ruby>からない。","실제로 보지 않으면 그 차이는 알 수 없다.","<ruby>安全<rt>あんぜん</rt></ruby>でないことには、この<ruby>計画<rt>けいかく</rt></ruby>を<ruby>進<rt>すす</rt></ruby>められない。","안전하지 않으면 이 계획을 진행할 수 없다.","필수 전제가 충족되지 않으면 뒤가 성립하지 않는다."
"N2-119","N2","～てこそ","동사 て형 + こそ","~해야 비로소.","<ruby>苦労<rt>くろう</rt></ruby>してこそ、<ruby>本当<rt>ほんとう</rt></ruby>の<ruby>達成感<rt>たっせいかん</rt></ruby>が<ruby>得<rt>え</rt></ruby>られる。","고생해야 비로소 진정한 성취감을 얻을 수 있다.","<ruby>使<rt>つか</rt></ruby>ってこそ、その<ruby>道具<rt>どうぐ</rt></ruby>の<ruby>価値<rt>かち</rt></ruby>が<ruby>分<rt>わ</rt></ruby>かる。","써 봐야 비로소 그 도구의 가치를 알 수 있다.","～てはじめて보다 ‘그래야만 의미가 생긴다’는 가치 부여가 강하다."
"N2-120","N2","～ては","동사 て형 + は","~해서는.","こんなに<ruby>夜更<rt>よふ</rt></ruby>かししては、<ruby>明日<rt>あした</rt></ruby><ruby>起<rt>お</rt></ruby>きられない。","이렇게 밤늦게까지 깨어 있어서는 내일 일어날 수 없다.","いま<ruby>決<rt>き</rt></ruby>めては、あとで<ruby>後悔<rt>こうかい</rt></ruby>するかもしれない。","지금 결정해서는 나중에 후회할지도 모른다.","조건이 좋지 않은 결과로 이어짐을 말한다."
"N2-121","N2","～ては～ては","동사 て형 + は～동사 て형 + は","~하고는 ~하고는.","<ruby>彼<rt>かれ</rt></ruby>は<ruby>飲<rt>の</rt></ruby>んでは<ruby>寝<rt>ね</rt></ruby>、<ruby>起<rt>お</rt></ruby>きてはまた<ruby>飲<rt>の</rt></ruby>むという<ruby>生活<rt>せいかつ</rt></ruby>をしている。","그는 마시고는 자고, 일어나고는 또 마시는 생활을 하고 있다.","<ruby>消<rt>け</rt></ruby>しては<ruby>書<rt>か</rt></ruby>き、<ruby>書<rt>か</rt></ruby>いては<ruby>直<rt>なお</rt></ruby>して、ようやく<ruby>完成<rt>かんせい</rt></ruby>した。","지우고는 쓰고, 쓰고는 고치기를 반복해 겨우 완성했다.","같은 동작의 반복·순환을 강조한다."
"N2-122","N2","～てはならない","동사 て형 + はならない","~해서는 안 된다.","<ruby>過去<rt>かこ</rt></ruby>の<ruby>失敗<rt>しっぱい</rt></ruby>を<ruby>忘<rt>わす</rt></ruby>れてはならない。","과거의 실패를 잊어서는 안 된다.","<ruby>人<rt>ひと</rt></ruby>を<ruby>外見<rt>がいけん</rt></ruby>だけで<ruby>判断<rt>はんだん</rt></ruby>してはならない。","사람을 겉모습만으로 판단해서는 안 된다.","～てはいけない보다 더 격식 있고 규범적이다."
"N2-123","N2","～ばと<ruby>思<rt>おも</rt></ruby>います","동사 ば형 / い형용사 ければ / な형용사 なら + と思います","~하면 좋겠다고 생각합니다.","みなさんがこの<ruby>経験<rt>けいけん</rt></ruby>を<ruby>今後<rt>こんご</rt></ruby>に<ruby>生<rt>い</rt></ruby>かしてくれればと<ruby>思<rt>おも</rt></ruby>います。","여러분이 이 경험을 앞으로 살려 주면 좋겠다고 생각합니다.","これをきっかけに、<ruby>少<rt>すこ</rt></ruby>しでも<ruby>関心<rt>かんしん</rt></ruby>を<ruby>持<rt>も</rt></ruby>っていただければと<ruby>思<rt>おも</rt></ruby>います。","이것을 계기로 조금이라도 관심을 가져 주시면 좋겠다고 생각합니다.","공손하고 부드럽게 희망·바람을 전한다."
"N2-124","N2","～ざるを<ruby>得<rt>え</rt></ruby>ない","동사 ない형 어간 + ざるを得ない","~하지 않을 수 없다.","<ruby>状況<rt>じょうきょう</rt></ruby>がここまで<ruby>悪化<rt>あっか</rt></ruby>したので、<ruby>計画<rt>けいかく</rt></ruby>を<ruby>見直<rt>みなお</rt></ruby>さざるを<ruby>得<rt>え</rt></ruby>ない。","상황이 여기까지 악화되어 계획을 재검토하지 않을 수 없다.","<ruby>突然<rt>とつぜん</rt></ruby>の<ruby>雨<rt>あめ</rt></ruby>で、<ruby>予定<rt>よてい</rt></ruby>を<ruby>変更<rt>へんこう</rt></ruby>せざるを<ruby>得<rt>え</rt></ruby>なかった。","갑작스러운 비로 예정을 변경하지 않을 수 없었다.","불가피함을 문어적으로 나타낸다."
"N2-125","N2","～かねる","동사 ます형 + ～かねる","~하기 어렵다.","そのご<ruby>依頼<rt>いらい</rt></ruby>は、こちらではお<ruby>引<rt>ひ</rt></ruby>き<ruby>受<rt>う</rt></ruby>けしかねます。","그 의뢰는 저희 쪽에서는 받아들이기 어렵습니다.","<ruby>詳<rt>くわ</rt></ruby>しい<ruby>事情<rt>じじょう</rt></ruby>が<ruby>分<rt>わ</rt></ruby>からないので、いまは<ruby>判断<rt>はんだん</rt></ruby>しかねる。","자세한 사정을 모르므로 지금은 판단하기 어렵다.","비즈니스에서 완곡한 거절·곤란함을 나타낼 때 자주 쓴다."
"N2-126","N2","～かねない","동사 ます형 + ～かねない","~할 수도 있다; ~할 위험이 있다.","そんな<ruby>言<rt>い</rt></ruby>い<ruby>方<rt>かた</rt></ruby>では、<ruby>誤解<rt>ごかい</rt></ruby>を<ruby>招<rt>まね</rt></ruby>きかねない。","그런 말투로는 오해를 불러올 수도 있다.","このまま<ruby>放置<rt>ほうち</rt></ruby>すれば、<ruby>事故<rt>じこ</rt></ruby>につながりかねない。","이대로 방치하면 사고로 이어질 수도 있다.","부정적 사태의 가능성에만 쓴다."
"N2-127","N2","～っこない","동사 ます형 + ～っこない","~할 리가 없다.","そんな<ruby>重<rt>おも</rt></ruby>い<ruby>荷物<rt>にもつ</rt></ruby>、<ruby>一人<rt>ひとり</rt></ruby>で<ruby>運<rt>はこ</rt></ruby>べっこないよ。","그렇게 무거운 짐은 혼자 옮길 리가 없어.","あの<ruby>人<rt>ひと</rt></ruby>に<ruby>私<rt>わたし</rt></ruby>の<ruby>気持<rt>きも</rt></ruby>ちなんて<ruby>分<rt>わ</rt></ruby>かりっこない。","저 사람이 내 마음 따위를 알 리가 없다.","강한 확신을 담은 매우 구어적인 불가능 표현이다."
"N2-128","N2","～てはいられない","동사 て형 + はいられない","~하고만 있을 수 없다.","いつまでもここで<ruby>悩<rt>なや</rt></ruby>んではいられない。","언제까지나 여기서 고민하고만 있을 수는 없다.","みんなが<ruby>動<rt>うご</rt></ruby>き<ruby>始<rt>はじ</rt></ruby>めたのだから、<ruby>黙<rt>だま</rt></ruby>って<ruby>見<rt>み</rt></ruby>てはいられない。","모두가 움직이기 시작했으니 가만히 보고만 있을 수는 없다.","현상 유지를 더 이상 못 한다는 긴박감을 나타낸다."
"N2-129","N2","～てばかりはいられない","동사 て형 + ばかりは + いられない","~하고만 있을 수는 없다.","<ruby>人<rt>ひと</rt></ruby>の<ruby>助<rt>たす</rt></ruby>けを<ruby>待<rt>ま</rt></ruby>ってばかりはいられない。","남의 도움만 기다리고 있을 수는 없다.","いつまでも<ruby>失敗<rt>しっぱい</rt></ruby>を<ruby>悔<rt>く</rt></ruby>やんでばかりはいられないよ。","언제까지나 실패를 후회하고만 있을 수는 없어.","～てはいられない보다 ‘계속 그것만 하는 상태’를 더 강하게 부정한다."
"N2-130","N2","～どころではない","동사 기본형 / 명사 + ～どころではない","~할 상황이 아니다.","いまは<ruby>旅行<rt>りょこう</rt></ruby>どころではない。まず<ruby>仕事<rt>しごと</rt></ruby>を<ruby>片<rt>かた</rt></ruby>づけないと。","지금은 여행할 상황이 아니다. 먼저 일을 처리해야 한다.","<ruby>試験前<rt>しけんまえ</rt></ruby>で、のんびり<ruby>寝<rt>ね</rt></ruby>ているどころではない。","시험 전이라 느긋하게 자고 있을 상황이 아니다.","～どころか와 달리 여유 부재·상황 부적절을 나타낸다."
"N2-131","N2","～ずに<ruby>済<rt>す</rt></ruby>む","동사 ない형 어간 + ずに済む","~하지 않아도 되다.","<ruby>友人<rt>ゆうじん</rt></ruby>が<ruby>駅<rt>えき</rt></ruby>まで<ruby>送<rt>おく</rt></ruby>ってくれたので、タクシーに<ruby>乗<rt>の</rt></ruby>らずに<ruby>済<rt>す</rt></ruby>んだ。","친구가 역까지 데려다줘서 택시를 타지 않아도 되었다.","<ruby>早<rt>はや</rt></ruby>めに<ruby>連絡<rt>れんらく</rt></ruby>したおかげで、<ruby>大<rt>おお</rt></ruby>きな<ruby>混乱<rt>こんらん</rt></ruby>にならずに<ruby>済<rt>す</rt></ruby>んだ。","미리 연락한 덕분에 큰 혼란이 되지 않아도 되었다.","면제·회피의 뉘앙스가 있다."
"N2-132","N2","～ないで<ruby>済<rt>す</rt></ruby>む","동사 ない형 + で済む","~하지 않아도 되다.","きょうは<ruby>予約<rt>よやく</rt></ruby>してあるから、<ruby>長<rt>なが</rt></ruby>く<ruby>待<rt>ま</rt></ruby>たないで<ruby>済<rt>す</rt></ruby>む。","오늘은 예약해 두었으니 오래 기다리지 않아도 된다.","アプリで<ruby>手続<rt>てつづ</rt></ruby>きすれば、<ruby>窓口<rt>まどぐち</rt></ruby>に<ruby>行<rt>い</rt></ruby>かないで<ruby>済<rt>す</rt></ruby>む。","앱으로 절차를 밟으면 창구에 가지 않아도 된다.","～ずに済む의 구어적·현대적 형태다."
"N2-133","N2","～なくて<ruby>済<rt>す</rt></ruby>む","동사 ない형 + くて済む","~하지 않아도 되다.","<ruby>保険<rt>ほけん</rt></ruby>に<ruby>入<rt>はい</rt></ruby>っていたので、<ruby>全額<rt>ぜんがく</rt></ruby><ruby>払<rt>はら</rt></ruby>わなくて<ruby>済<rt>す</rt></ruby>んだ。","보험에 들어 있어서 전액을 지불하지 않아도 되었다.","この<ruby>資料<rt>しりょう</rt></ruby>があれば、いちいち<ruby>説明<rt>せつめい</rt></ruby>しなくて<ruby>済<rt>す</rt></ruby>む。","이 자료가 있으면 일일이 설명하지 않아도 된다.","～ないで済む와 뜻은 같고, 결과 중심으로 들리기 쉽다."
"N2-134","N2","～て<ruby>済<rt>す</rt></ruby>む","동사 て형 + 済む","~해서 끝나다; ~로 해결되다.","<ruby>謝<rt>あやま</rt></ruby>って<ruby>済<rt>す</rt></ruby>む<ruby>問題<rt>もんだい</rt></ruby>ではない。","사과해서 끝날 문제가 아니다.","こんな<ruby>軽<rt>かる</rt></ruby>いけがなら、<ruby>薬<rt>くすり</rt></ruby>をぬって<ruby>済<rt>す</rt></ruby>むだろう。","이 정도 가벼운 상처라면 약을 발라서 끝날 것이다.","～ずに済む와 달리 ‘무엇으로 해결됨’에 초점이 있다."
"N2-135","N2","～で<ruby>済<rt>す</rt></ruby>む","명사 + で済む","~로 끝나다; ~로 해결되다.","<ruby>大<rt>おお</rt></ruby>きな<ruby>故障<rt>こしょう</rt></ruby>かと<ruby>思<rt>おも</rt></ruby>ったが、<ruby>簡単<rt>かんたん</rt></ruby>な<ruby>修理<rt>しゅうり</rt></ruby>で<ruby>済<rt>す</rt></ruby>んだ。","큰 고장인 줄 알았는데 간단한 수리로 끝났다.","きょうは<ruby>電話<rt>でんわ</rt></ruby>で<ruby>済<rt>す</rt></ruby>む<ruby>話<rt>はなし</rt></ruby>だから、わざわざ<ruby>来<rt>く</rt></ruby>なくていい。","오늘은 전화로 끝날 이야기이니 일부러 오지 않아도 된다.","수단·비용·조치가 그 정도에서 해결됨을 나타낸다."
"N2-136","N2","～ねばならない","동사 ない형 어간 + ～ねばならない","~하지 않으면 안 된다. 문어적·격식 있는 의무 표현이다.","<ruby>私<rt>わたし</rt></ruby>たちはこの<ruby>問題<rt>もんだい</rt></ruby>を<ruby>真剣<rt>しんけん</rt></ruby>に<ruby>考<rt>かんが</rt></ruby>えねばならない。","우리는 이 문제를 진지하게 생각하지 않으면 안 된다.","<ruby>社会人<rt>しゃかいじん</rt></ruby>として、<ruby>約束<rt>やくそく</rt></ruby>は<ruby>守<rt>まも</rt></ruby>らねばならない。","사회인으로서 약속은 지키지 않으면 안 된다.","なければならない보다 더 문어적이고 격식 있다."
"N2-137","N2","～ねばならぬ","동사 ない형 어간 + ～ねばならぬ","~하지 않으면 안 된다. ～ねばならない의 더 딱딱한 형태이다.","この<ruby>事実<rt>じじつ</rt></ruby>は<ruby>後世<rt>こうせい</rt></ruby>に<ruby>伝<rt>つた</rt></ruby>えねばならぬ。","이 사실은 후세에 전하지 않으면 안 된다.","<ruby>今後<rt>こんご</rt></ruby>は<ruby>同<rt>おな</rt></ruby>じ<ruby>失敗<rt>しっぱい</rt></ruby>を<ruby>繰<rt>く</rt></ruby>り<ruby>返<rt>かえ</rt></ruby>してはならぬと<ruby>思<rt>おも</rt></ruby>う。","앞으로는 같은 실수를 반복해서는 안 된다고 생각한다.","～ねばならない보다 더 옛스럽고 딱딱하다."
"N2-138","N2","～わけにはいかない","동사 기본형 + ～わけにはいかない","~할 수는 없다. 체면·도리·사회적 이유 때문에 못 한다.","みんなが<ruby>働<rt>はたら</rt></ruby>いているのに、<ruby>自分<rt>じぶん</rt></ruby>だけ<ruby>帰<rt>かえ</rt></ruby>るわけにはいかない。","모두가 일하고 있는데 나만 돌아갈 수는 없다.","お<ruby>客<rt>きゃく</rt></ruby>さまの<ruby>前<rt>まえ</rt></ruby>で、そんな<ruby>態度<rt>たいど</rt></ruby>を<ruby>取<rt>と</rt></ruby>るわけにはいかない。","손님 앞에서 그런 태도를 취할 수는 없다.","ざるを得ない가 상황상 불가피라면, 이쪽은 사회적 제약이 강하다."
"N2-139","N2","～ないわけにはいかない","동사 ない형 + ～わけにはいかない","~하지 않을 수는 없다. 사회적·도리상 해야 한다.","ここまで<ruby>助<rt>たす</rt></ruby>けてもらったのだから、お<ruby>礼<rt>れい</rt></ruby>を<ruby>言<rt>い</rt></ruby>わないわけにはいかない。","여기까지 도움을 받았으니 감사 인사를 하지 않을 수는 없다.","<ruby>部下<rt>ぶか</rt></ruby>が<ruby>困<rt>こま</rt></ruby>っているなら、<ruby>上司<rt>じょうし</rt></ruby>として<ruby>動<rt>うご</rt></ruby>かないわけにはいかない。","부하가 곤란해하고 있다면 상사로서 움직이지 않을 수는 없다.","부정형이지만 의미는 ‘해야 한다’ 쪽에 가깝다."
"N2-140","N2","～ほかない","동사 기본형 + ～ほかない","~할 수밖에 없다. 다른 선택지가 없다.","ここまで<ruby>来<rt>き</rt></ruby>たら、<ruby>信<rt>しん</rt></ruby>じて<ruby>進<rt>すす</rt></ruby>むほかない。","여기까지 왔으면 믿고 나아갈 수밖에 없다.","<ruby>証拠<rt>しょうこ</rt></ruby>がないのだから、いまは<ruby>待<rt>ま</rt></ruby>つほかない。","증거가 없으니 지금은 기다릴 수밖에 없다.","わけにはいかない보다 ‘대안 부재’가 더 중심이다."
"N2-141","N2","～よりほかない","동사 기본형 + ～よりほかない","~하는 수밖에 없다. 유일한 선택임을 강조한다.","この<ruby>天気<rt>てんき</rt></ruby>では、<ruby>予定<rt>よてい</rt></ruby>を<ruby>変<rt>か</rt></ruby>えるよりほかない。","이 날씨로는 일정을 바꾸는 수밖에 없다.","<ruby>本人<rt>ほんにん</rt></ruby>がそう<ruby>言<rt>い</rt></ruby>うなら、<ruby>任<rt>まか</rt></ruby>せるよりほかないだろう。","본인이 그렇게 말한다면 맡기는 수밖에 없을 것이다.","～ほかない보다 구조가 길고 문어적이다."
"N2-142","N2","～よりしかたがない","동사 기본형 + ～よりしかたがない","~하는 수밖에 없다. 달리 방도가 없다.","いまは<ruby>結果<rt>けっか</rt></ruby>を<ruby>静<rt>しず</rt></ruby>かに<ruby>待<rt>ま</rt></ruby>つよりしかたがない。","지금은 결과를 조용히 기다리는 수밖에 없다.","この<ruby>故障<rt>こしょう</rt></ruby>は、<ruby>専門家<rt>せんもんか</rt></ruby>に<ruby>頼<rt>たの</rt></ruby>むよりしかたがない。","이 고장은 전문가에게 맡기는 수밖에 없다.","～ほかない와 뜻은 비슷하고, 회화에서도 자주 쓴다."
"N2-143","N2","～てでも","동사 て형 + ～でも","~해서라도. 어떤 수단을 써서라도 하겠다는 강한 의지다.","<ruby>無理<rt>むり</rt></ruby>をしてでも、<ruby>今日<rt>きょう</rt></ruby>じゅうにこの<ruby>仕事<rt>しごと</rt></ruby>を<ruby>終<rt>お</rt></ruby>わらせたい。","무리를 해서라도 오늘 안에 이 일을 끝내고 싶다.","<ruby>借<rt>か</rt></ruby>りてでも、<ruby>必要<rt>ひつよう</rt></ruby>な<ruby>本<rt>ほん</rt></ruby>はそろえるつもりだ。","빌려서라도 필요한 책은 갖출 생각이다.","화자의 강한 결의가 담긴다."
"N2-144","N2","～てまで","동사 て형 + ～まで","~해 가면서까지. 지나친 행동에 대한 비판·의문이 섞인다.","うそをついてまで、<ruby>自分<rt>じぶん</rt></ruby>をよく<ruby>見<rt>み</rt></ruby>せたいのか。","거짓말을 해 가면서까지 자신을 좋게 보이고 싶은 건가.","<ruby>体<rt>からだ</rt></ruby>を<ruby>壊<rt>こわ</rt></ruby>してまで<ruby>働<rt>はたら</rt></ruby>く<ruby>必要<rt>ひつよう</rt></ruby>はない。","몸을 망가뜨리면서까지 일할 필요는 없다.","～てでも가 의지라면, 이쪽은 과도함에 대한 비판이 많다."
"N2-145","N2","～までして","명사 + ～までして","~까지 해서, ~까지 하면서. 정도가 지나침을 비판적으로 말한다.","<ruby>借金<rt>しゃっきん</rt></ruby>までして、<ruby>高級車<rt>こうきゅうしゃ</rt></ruby>を<ruby>買<rt>か</rt></ruby>うことはない。","빚까지 내서 고급차를 살 필요는 없다.","そんなことまでして<ruby>勝<rt>か</rt></ruby>ちたいのかと、みんながあきれていた。","그런 것까지 해서 이기고 싶은 거냐며 모두가 질려 했다.","てまで의 명사 접속형이다."
"N2-146","N2","～なしに（は）","명사 + ～なしに（は）","~없이(는). 필수 요소가 없으면 성립하지 않음을 말한다.","<ruby>努力<rt>どりょく</rt></ruby>なしには、<ruby>本当<rt>ほんとう</rt></ruby>の<ruby>成長<rt>せいちょう</rt></ruby>はない。","노력 없이는 진정한 성장은 없다.","<ruby>本人<rt>ほんにん</rt></ruby>の<ruby>同意<rt>どうい</rt></ruby>なしに、<ruby>話<rt>はなし</rt></ruby>を<ruby>進<rt>すす</rt></ruby>めることはできない。","본인의 동의 없이 이야기를 진행할 수는 없다.","필수 조건의 부재를 문어적으로 말한다."
"N2-147","N2","～なしで（は）","명사 + ～なしで（は）","~없이(는). ～なしに（は）보다 조금 더 구어적이다.","この<ruby>作業<rt>さぎょう</rt></ruby>は、<ruby>説明書<rt>せつめいしょ</rt></ruby>なしではできない。","이 작업은 설명서 없이는 할 수 없다.","<ruby>予約<rt>よやく</rt></ruby>なしでは、きょうは<ruby>入店<rt>にゅうてん</rt></ruby>できません。","예약 없이는 오늘 입장할 수 없습니다.","～なしに（は）보다 일상적인 안내에 더 자연스럽다."
"N2-148","N2","～ずじまい","동사 ない형 어간 + ～ずじまい","~하지 못한 채 끝나다. 못 한 채로 마무리된 아쉬움이다.","その<ruby>映画<rt>えいが</rt></ruby>は<ruby>結局<rt>けっきょく</rt></ruby><ruby>見<rt>み</rt></ruby>ずじまいだった。","그 영화는 결국 보지 못한 채 끝났다.","<ruby>忙<rt>いそが</rt></ruby>しすぎて、<ruby>友人<rt>ゆうじん</rt></ruby>に<ruby>連絡<rt>れんらく</rt></ruby>せずじまいで<ruby>一日<rt>いちにち</rt></ruby>が<ruby>終<rt>お</rt></ruby>わった。","너무 바빠서 친구에게 연락하지 못한 채 하루가 끝났다.","못 한 채 끝난 유감·미완의 느낌이 있다."
"N2-149","N2","～たまでだ","동사 た형 + ～までだ","~했을 뿐이다. 이유·변명을 담아 담담하게 말한다.","<ruby>私<rt>わたし</rt></ruby>は<ruby>知<rt>し</rt></ruby>っていることを<ruby>正直<rt>しょうじき</rt></ruby>に<ruby>話<rt>はな</rt></ruby>したまでだ。","나는 알고 있는 것을 솔직하게 말했을 뿐이다.","<ruby>困<rt>こま</rt></ruby>っていたから、<ruby>少<rt>すこ</rt></ruby>し<ruby>手伝<rt>てつだ</rt></ruby>ったまでだ。","곤란해하고 있었기에 조금 도와줬을 뿐이다.","행동의 의미를 축소해 설명하는 느낌이다."
"N2-150","N2","～たまでのことだ","동사 た형 + ～までのことだ","~했을 뿐인 일이다. 더 단정적·담담하다.","<ruby>礼<rt>れい</rt></ruby>には<ruby>及<rt>およ</rt></ruby>ばない。<ruby>当然<rt>とうぜん</rt></ruby>のことをしたまでのことだ。","고마워할 것 없다. 당연한 일을 했을 뿐인 일이다.","<ruby>頼<rt>たの</rt></ruby>まれたから<ruby>応<rt>こた</rt></ruby>えたまでのことだ。","부탁받았기에 응했을 뿐인 일이다.","～たまでだ보다 더 설명적이고 문말 서술에 잘 온다."
"N2-151","N2","～<ruby>抜<rt>ぬ</rt></ruby>く","동사 ます형 + ～抜く","끝까지 ~해내다. 고난을 버티며 완수함을 나타낸다.","あの<ruby>選手<rt>せんしゅ</rt></ruby>は<ruby>四十二<rt>よんじゅうに</rt></ruby>キロを<ruby>走<rt>はし</rt></ruby>り<ruby>抜<rt>ぬ</rt></ruby>いた。","저 선수는 42킬로미터를 끝까지 달려냈다.","<ruby>長<rt>なが</rt></ruby>い<ruby>会議<rt>かいぎ</rt></ruby>でも、<ruby>最後<rt>さいご</rt></ruby>まで<ruby>聞<rt>き</rt></ruby>き<ruby>抜<rt>ぬ</rt></ruby>く<ruby>姿勢<rt>しせい</rt></ruby>が<ruby>大切<rt>たいせつ</rt></ruby>だ。","긴 회의라도 끝까지 들어내는 자세가 중요하다.","きる보다 고난을 뚫고 완수하는 느낌이 더 강하다."
"N2-152","N2","～ものがある","보통형 + ～ものがある","~하는 바가 있다; ~한 데가 있다. 깊은 인상·감동을 담는다.","この<ruby>文章<rt>ぶんしょう</rt></ruby>には<ruby>人<rt>ひと</rt></ruby>の<ruby>心<rt>こころ</rt></ruby>を<ruby>動<rt>うご</rt></ruby>かすものがある。","이 글에는 사람의 마음을 움직이는 바가 있다.","<ruby>彼女<rt>かのじょ</rt></ruby>の<ruby>生<rt>い</rt></ruby>き<ruby>方<rt>かた</rt></ruby>には<ruby>学<rt>まな</rt></ruby>ぶべきものがある。","그녀의 삶의 방식에는 배울 만한 점이 있다.","단순 사실 보고가 아니라 감탄적 평가다."
"N2-153","N2","～たいものだ","동사 ます형 + ～たいものだ","~하고 싶다; ~했으면 한다. 일반론적·감상적 소망이다.","いつか<ruby>家族<rt>かぞく</rt></ruby>みんなで<ruby>海辺<rt>うみべ</rt></ruby>の<ruby>町<rt>まち</rt></ruby>に<ruby>住<rt>す</rt></ruby>みたいものだ。","언젠가 가족 모두와 바닷가 마을에 살고 싶은 법이다.","<ruby>若<rt>わか</rt></ruby>いうちに、もっといろいろな<ruby>経験<rt>けいけん</rt></ruby>をしておきたいものだ。","젊을 때 더 여러 경험을 해 두고 싶은 법이다.","N5의 ～たい보다 더 감상적이고 일반론적이다."
"N2-154","N2","～て<ruby>当然<rt>とうぜん</rt></ruby>だ","동사 て형 + 当然だ","~해도 당연하다. 상황상 그 결과가 자연스럽다.","これだけ<ruby>忙<rt>いそが</rt></ruby>しければ、<ruby>疲<rt>つか</rt></ruby>れて<ruby>当然<rt>とうぜん</rt></ruby>だ。","이만큼 바쁘면 피곤해도 당연하다.","あんな<ruby>失礼<rt>しつれい</rt></ruby>なことを<ruby>言<rt>い</rt></ruby>われたら、<ruby>怒<rt>おこ</rt></ruby>って<ruby>当然<rt>とうぜん</rt></ruby>だ。","그렇게 무례한 말을 들으면 화나도 당연하다.","결과가 자연스러움을 직접 평가한다."
"N2-155","N2","～のも<ruby>当然<rt>とうぜん</rt></ruby>だ","보통형 + のも当然だ","~하는 것도 당연하다. 상황상 그런 결과는 자연스럽다.","こんなに<ruby>準備<rt>じゅんび</rt></ruby>したのだから、<ruby>成功<rt>せいこう</rt></ruby>するのも<ruby>当然<rt>とうぜん</rt></ruby>だ。","이렇게 준비했으니 성공하는 것도 당연하다.","<ruby>連日<rt>れんじつ</rt></ruby><ruby>残業<rt>ざんぎょう</rt></ruby>していれば、<ruby>体調<rt>たいちょう</rt></ruby>を<ruby>崩<rt>くず</rt></ruby>すのも<ruby>当然<rt>とうぜん</rt></ruby>だ。","연일 야근하고 있으면 몸 상태를 해치는 것도 당연하다.","て当然だ보다 절 전체를 명사화해 받는다."
"N2-156","N2","～がたい","동사 ます형 + ～がたい","~하기 어렵다. 심리적·가치판단적으로 곤란하다.","その<ruby>説明<rt>せつめい</rt></ruby>だけでは、どうしても<ruby>納得<rt>なっとく</rt></ruby>しがたい。","그 설명만으로는 아무래도 납득하기 어렵다.","こんな<ruby>結果<rt>けっか</rt></ruby>を<ruby>見<rt>み</rt></ruby>せられては、<ruby>信<rt>しん</rt></ruby>じがたいと<ruby>感<rt>かん</rt></ruby>じる人もいるだろう。","이런 결과를 보여지면 믿기 어렵다고 느끼는 사람도 있을 것이다.","づらい보다 문어적이고 판단·심리 쪽에 잘 붙는다."
"N2-157","N2","～がち","동사 ます형 / 명사 + ～がち","~하기 쉽다; ~하는 경향이 있다. 주로 부정적 경향이다.","<ruby>忙<rt>いそが</rt></ruby>しいと、つい<ruby>睡眠不足<rt>すいみんぶそく</rt></ruby>になりがちだ。","바쁘면 그만 수면 부족이 되기 쉽다.","<ruby>冬<rt>ふゆ</rt></ruby>は<ruby>運動不足<rt>うんどうぶそく</rt></ruby>がちなので、<ruby>意識<rt>いしき</rt></ruby>して<ruby>歩<rt>ある</rt></ruby>いている。","겨울에는 운동 부족이 되기 쉬워서 의식하고 걷고 있다.","반복적·습관적 경향을 나타낸다."
"N2-158","N2","～<ruby>気味<rt>ぎみ</rt></ruby>","동사 ます형 / 명사 + 気味","~기미, ~한 느낌. 일시적인 징후·기색이다.","このごろ<ruby>少<rt>すこ</rt></ruby>し<ruby>疲<rt>つか</rt></ruby>れ<ruby>気味<rt>ぎみ</rt></ruby>だから、<ruby>早<rt>はや</rt></ruby>めに<ruby>寝<rt>ね</rt></ruby>るようにしている。","요즘 조금 피곤한 기미라 일찍 자려고 하고 있다.","<ruby>最近<rt>さいきん</rt></ruby>、<ruby>風邪<rt>かぜ</rt></ruby><ruby>気味<rt>ぎみ</rt></ruby>の<ruby>人<rt>ひと</rt></ruby>が<ruby>多<rt>おお</rt></ruby>い。","최근 감기 기미인 사람이 많다.","がち가 반복 경향이면, 気味는 일시적 징후다."
"N2-159","N2","～きり","동사 た형 / 명사 + ～きり","~한 채로; ~만. 상태 고정이나 한정을 나타낸다.","<ruby>彼<rt>かれ</rt></ruby>は<ruby>朝<rt>あさ</rt></ruby><ruby>出<rt>で</rt></ruby>かけたきり、まだ<ruby>戻<rt>もど</rt></ruby>っていない。","그는 아침에 나간 채 아직 돌아오지 않았다.","きょうは<ruby>二人<rt>ふたり</rt></ruby>きりで、ゆっくり<ruby>話<rt>はな</rt></ruby>せそうだ。","오늘은 둘뿐이라 느긋하게 이야기할 수 있을 것 같다.","だけ보다 ‘그 상태로 계속’의 느낌이 있을 수 있다."
"N2-160","N2","～っきり","동사 た형 / 명사 + ～っきり","~한 채로; ~뿐. きり의 구어적 형태이다.","あの<ruby>日<rt>ひ</rt></ruby><ruby>会<rt>あ</rt></ruby>ったっきり、<ruby>連絡<rt>れんらく</rt></ruby>がない。","그날 만난 이후로 연락이 없다.","いまは<ruby>家族<rt>かぞく</rt></ruby>っきりで<ruby>静<rt>しず</rt></ruby>かに<ruby>過<rt>す</rt></ruby>ごしたい。","지금은 가족뿐만으로 조용히 보내고 싶다.","きり보다 더 구어적이고 가벼운 느낌이다."
"N2-161","N2","～げ","い형용사 어간 / な형용사 어간 + ～げ","~한 듯한, ~스러운 기색을 나타낸다.","<ruby>彼女<rt>かのじょ</rt></ruby>は<ruby>不安<rt>ふあん</rt></ruby>げに<ruby>何度<rt>なんど</rt></ruby>も<ruby>時計<rt>とけい</rt></ruby>を<ruby>見<rt>み</rt></ruby>ていた。","그녀는 불안한 듯이 몇 번이고 시계를 보고 있었다.","<ruby>子<rt>こ</rt></ruby>どもたちは<ruby>誇<rt>ほこ</rt></ruby>らしげな<ruby>顔<rt>かお</rt></ruby>で<ruby>作品<rt>さくひん</rt></ruby>を<ruby>見<rt>み</rt></ruby>せてくれた。","아이들은 자랑스러운 듯한 얼굴로 작품을 보여 주었다.","～そうだ보다 더 주관적이고 문학적인 기색 묘사다."
"N2-162","N2","～も～ば～も","명사 + も + ば형 + 명사 + も","~도 ~고, ~도 ~하다. 여러 장점을 병렬로 강조한다.","この<ruby>店<rt>みせ</rt></ruby>は<ruby>味<rt>あじ</rt></ruby>もよければ、<ruby>値段<rt>ねだん</rt></ruby>も<ruby>手頃<rt>てごろ</rt></ruby>だ。","이 가게는 맛도 좋고 가격도 적당하다.","あの<ruby>人<rt>ひと</rt></ruby>は<ruby>説明<rt>せつめい</rt></ruby>も<ruby>上手<rt>じょうず</rt></ruby>なら、<ruby>気配<rt>きくば</rt></ruby>りもできる。","저 사람은 설명도 잘하고 배려도 할 수 있다.","～も～なら～も와 거의 같고, ば형 쪽이 조금 더 서술적이다."
"N2-163","N2","～も～なら～も","명사 + も + なら + 명사 + も","~도 ~고, ~도 ~하다. 여러 성질을 병렬로 제시한다.","この<ruby>町<rt>まち</rt></ruby>は<ruby>自然<rt>しぜん</rt></ruby>も<ruby>豊<rt>ゆた</rt></ruby>かなら、<ruby>交通<rt>こうつう</rt></ruby>も<ruby>便利<rt>べんり</rt></ruby>だ。","이 마을은 자연도 풍부하고 교통도 편리하다.","<ruby>彼女<rt>かのじょ</rt></ruby>は<ruby>判断<rt>はんだん</rt></ruby>も<ruby>冷静<rt>れいせい</rt></ruby>なら、<ruby>行動<rt>こうどう</rt></ruby>も<ruby>速<rt>はや</rt></ruby>い。","그녀는 판단도 냉정하고 행동도 빠르다.","～も～ば～も와 거의 같고, なら형 쪽이 조금 더 부드럽다."
"N2-164","N2","～ばかりか","명사 / 보통형 + ～ばかりか","~뿐만 아니라. 기대 범위를 넘어 더 확장됨을 나타낸다.","この<ruby>薬<rt>くすり</rt></ruby>は<ruby>熱<rt>ねつ</rt></ruby>を<ruby>下<rt>さ</rt></ruby>げるばかりか、<ruby>痛<rt>いた</rt></ruby>みも<ruby>和<rt>やわ</rt></ruby>らげてくれる。","이 약은 열을 내릴 뿐만 아니라 통증도 완화해 준다.","<ruby>彼<rt>かれ</rt></ruby>は<ruby>英語<rt>えいご</rt></ruby>ばかりか、<ruby>韓国語<rt>かんこくご</rt></ruby>まで<ruby>話<rt>はな</rt></ruby>せる。","그는 영어뿐만 아니라 한국어까지 할 수 있다.","だけでなく보다 추가·확장의 강조가 더 강하다."
"N2-165","N2","～ばかりでなく","명사 / 보통형 + ～ばかりでなく","~뿐만 아니라. 앞 내용을 넘어 다른 사실도 덧붙인다.","この<ruby>企画<rt>きかく</rt></ruby>は<ruby>売上<rt>うりあげ</rt></ruby>を<ruby>伸<rt>の</rt></ruby>ばしたばかりでなく、<ruby>会社<rt>かいしゃ</rt></ruby>の<ruby>評判<rt>ひょうばん</rt></ruby>も<ruby>上<rt>あ</rt></ruby>げた。","이 기획은 매출을 늘렸을 뿐만 아니라 회사의 평판도 올렸다.","この<ruby>本<rt>ほん</rt></ruby>は<ruby>学生<rt>がくせい</rt></ruby>ばかりでなく、<ruby>社会人<rt>しゃかいじん</rt></ruby>にも<ruby>役立<rt>やくだ</rt></ruby>つ。","이 책은 학생뿐만 아니라 사회인에게도 도움이 된다.","～ばかりか와 거의 같고, 이쪽이 조금 더 중립적이다."
"N2-166","N2","～のみならず","명사 / 보통형 + ～のみならず","~뿐만 아니라. 매우 문어적인 추가 표현이다.","この<ruby>制度<rt>せいど</rt></ruby>は<ruby>国内<rt>こくない</rt></ruby>のみならず、<ruby>海外<rt>かいがい</rt></ruby>でも<ruby>注目<rt>ちゅうもく</rt></ruby>されている。","이 제도는 국내뿐만 아니라 해외에서도 주목받고 있다.","<ruby>経済的<rt>けいざいてき</rt></ruby>な<ruby>損失<rt>そんしつ</rt></ruby>のみならず、<ruby>信頼<rt>しんらい</rt></ruby>も<ruby>失<rt>うしな</rt></ruby>った。","경제적 손실뿐만 아니라 신뢰도 잃었다.","～ばかりか보다 더 문어적이고 격식 있다."
"N2-167","N2","～のみか","명사 / 보통형 + ～のみか","~뿐만 아니라. 문어적으로 추가를 나타낸다.","この<ruby>講座<rt>こうざ</rt></ruby>は<ruby>学生<rt>がくせい</rt></ruby>のみか、<ruby>社会人<rt>しゃかいじん</rt></ruby>にも<ruby>人気<rt>にんき</rt></ruby>がある。","이 강좌는 학생뿐만 아니라 사회인에게도 인기가 있다.","その<ruby>映画<rt>えいが</rt></ruby>は<ruby>国内<rt>こくない</rt></ruby>のみか、<ruby>海外<rt>かいがい</rt></ruby>でも<ruby>高<rt>たか</rt></ruby>く<ruby>評価<rt>ひょうか</rt></ruby>された。","그 영화는 국내뿐만 아니라 해외에서도 높이 평가되었다.","～のみならず와 뜻은 거의 같고, 더 간결하다."
"N2-168","N2","～はもとより","명사 + ～はもとより","~은 물론. 당연한 기준을 세우고 그 이상으로 확장한다.","この<ruby>展示<rt>てんじ</rt></ruby>は<ruby>大人<rt>おとな</rt></ruby>はもとより、<ruby>子<rt>こ</rt></ruby>どもにも<ruby>人気<rt>にんき</rt></ruby>がある。","이 전시는 어른은 물론 아이들에게도 인기가 있다.","<ruby>品質<rt>ひんしつ</rt></ruby>はもとより、<ruby>対応<rt>たいおう</rt></ruby>の<ruby>速<rt>はや</rt></ruby>さでも<ruby>評価<rt>ひょうか</rt></ruby>されている。","품질은 물론 대응의 빠름으로도 평가받고 있다.","N3의 ～はもちろん보다 더 문어적이다."
"N2-169","N2","しかも","문장 앞에서","게다가, 더구나. 앞 정보를 강화하는 추가 표현이다.","この<ruby>店<rt>みせ</rt></ruby>のランチは<ruby>安<rt>やす</rt></ruby>い。しかも、<ruby>量<rt>りょう</rt></ruby>も<ruby>十分<rt>じゅうぶん</rt></ruby>だ。","이 가게의 점심은 싸다. 게다가 양도 충분하다.","その<ruby>試験<rt>しけん</rt></ruby>は<ruby>難<rt>むずか</rt></ruby>しかった。しかも、<ruby>時間<rt>じかん</rt></ruby>まで<ruby>足<rt>た</rt></ruby>りなかった。","그 시험은 어려웠다. 게다가 시간까지 부족했다.","その上보다 강화의 느낌이 더 선명하다."
"N2-170","N2","および","명사 + および + 명사","및, 그리고. 공문서·학술문에서 명사를 병렬한다.","<ruby>氏名<rt>しめい</rt></ruby>および<ruby>住所<rt>じゅうしょ</rt></ruby>をこちらにご<ruby>記入<rt>きにゅう</rt></ruby>ください。","성명 및 주소를 여기에 기입해 주세요.","<ruby>研究<rt>けんきゅう</rt></ruby>の<ruby>目的<rt>もくてき</rt></ruby>および<ruby>方法<rt>ほうほう</rt></ruby>について<ruby>説明<rt>せつめい</rt></ruby>します。","연구의 목적 및 방법에 대해 설명하겠습니다.","と보다 훨씬 격식 높은 병렬 표현이다."
"N2-171","N2","～がてら","동사 ます형 / 명사 + ～がてら","~하는 김에. 본래 행동을 겸해 다른 일도 한다.","<ruby>散歩<rt>さんぽ</rt></ruby>がてら、<ruby>駅前<rt>えきまえ</rt></ruby>の<ruby>店<rt>みせ</rt></ruby>まで<ruby>歩<rt>ある</rt></ruby>いてきた。","산책하는 김에 역 앞 가게까지 걸어 갔다.","<ruby>出張<rt>しゅっちょう</rt></ruby>がてら、<ruby>昔<rt>むかし</rt></ruby>の<ruby>友人<rt>ゆうじん</rt></ruby>に<ruby>会<rt>あ</rt></ruby>ってきた。","출장하는 김에 옛 친구를 만나고 왔다.","N3의 ～ついでに보다 조금 더 격식 있다."
"N2-172","N2","～といった","명사 + ～といった + 명사","~와 같은, ~라든지. 구체적 예를 들어 뒤 명사를 수식한다.","<ruby>東京<rt>とうきょう</rt></ruby>や<ruby>大阪<rt>おおさか</rt></ruby>といった<ruby>大都市<rt>だいとし</rt></ruby>では、<ruby>家賃<rt>やちん</rt></ruby>が<ruby>高<rt>たか</rt></ruby>い。","도쿄나 오사카와 같은 대도시에서는 집세가 비싸다.","サッカーや<ruby>野球<rt>やきゅう</rt></ruby>といったスポーツがこの<ruby>地域<rt>ちいき</rt></ruby>では<ruby>盛<rt>さか</rt></ruby>んだ。","축구나 야구 같은 스포츠가 이 지역에서는 활발하다.","などの보다 예시 제시가 조금 더 선명하다."
"N2-173","N2","～につけ","동사 기본형 / い형용사 + ～につけ","~할 때마다. 자연스럽게 감정이나 생각이 떠오른다.","この<ruby>写真<rt>しゃしん</rt></ruby>を<ruby>見<rt>み</rt></ruby>るにつけ、<ruby>学生<rt>がくせい</rt></ruby><ruby>時代<rt>じだい</rt></ruby>を<ruby>思<rt>おも</rt></ruby>い<ruby>出<rt>だ</rt></ruby>す。","이 사진을 볼 때마다 학생 시절이 떠오른다.","うれしいにつけ、<ruby>悲<rt>かな</rt></ruby>しいにつけ、まず<ruby>母<rt>はは</rt></ruby>に<ruby>知<rt>し</rt></ruby>らせたくなる。","기쁠 때든 슬플 때든 먼저 어머니에게 알리고 싶어진다.","N3의 ～たびに보다 연상·감정 유발의 느낌이 더 강하다."
"N2-174","N2","～ざる","동사 ない형 어간 + ～ざる + 명사","~하지 않는. 고어적인 부정 연체형이다.","これは<ruby>許<rt>ゆる</rt></ruby>すざる<ruby>行為<rt>こうい</rt></ruby>だ。","이것은 용납할 수 없는 행위이다.","<ruby>知<rt>し</rt></ruby>らざる<ruby>世界<rt>せかい</rt></ruby>に<ruby>足<rt>あし</rt></ruby>を<ruby>踏<rt>ふ</rt></ruby>み<ruby>入<rt>い</rt></ruby>れた<ruby>気分<rt>きぶん</rt></ruby>だった。","알지 못하는 세계에 발을 들인 기분이었다.","현대어 ない의 문어·고어형이다."
"N2-175","N2","～ことなく","동사 기본형 + ～ことなく","~하지 않고. 문어적인 부정 연결 표현이다.","<ruby>彼<rt>かれ</rt></ruby>は<ruby>休<rt>やす</rt></ruby>むことなく、<ruby>最後<rt>さいご</rt></ruby>まで<ruby>働<rt>はたら</rt></ruby>き<ruby>続<rt>つづ</rt></ruby>けた。","그는 쉬지 않고 끝까지 계속 일했다.","<ruby>視線<rt>しせん</rt></ruby>をそらすことなく、<ruby>相手<rt>あいて</rt></ruby>の<ruby>話<rt>はなし</rt></ruby>を<ruby>聞<rt>き</rt></ruby>いた。","시선을 피하지 않고 상대의 이야기를 들었다.","N3의 ～ずに보다 더 문어적이다."
"N2-176","N2","お / ご～<ruby>願<rt>ねが</rt></ruby>う","명사 / 동사 ます형 + お / ご + ～願う","~해 주시기 바랍니다. 공문서·안내문의 정중한 요청이다.","ご<ruby>理解<rt>りかい</rt></ruby>のほどお<ruby>願<rt>ねが</rt></ruby>いいたします。","이해 부탁드립니다.","ご<ruby>来場<rt>らいじょう</rt></ruby>の<ruby>際<rt>さい</rt></ruby>は、お<ruby>静<rt>しず</rt></ruby>かにお<ruby>願<rt>ねが</rt></ruby>いします。","입장하실 때는 조용히 부탁드립니다.","～てください보다 훨씬 공손하고 안내문에 어울린다."
"N2-177","N2","～たまえ","동사 ます형 + ～たまえ","~하게, ~하거라. 고풍스럽고 권위적인 명령이다.","そんなに<ruby>急<rt>いそ</rt></ruby>がず、まあ<ruby>落<rt>お</rt></ruby>ち<ruby>着<rt>つ</rt></ruby>きたまえ。","그렇게 서두르지 말고, 자 진정하게.","<ruby>心配<rt>しんぱい</rt></ruby>はいらないから、まず<ruby>座<rt>すわ</rt></ruby>りたまえ。","걱정할 필요 없으니 우선 앉게.","～なさい보다 훨씬 문학적이고 현대 회화에서는 드물다."
"N2-178","N2","～からなる","명사 + ～からなる","~로 이루어지다.","この<ruby>委員会<rt>いいんかい</rt></ruby>は<ruby>五人<rt>ごにん</rt></ruby>の<ruby>専門家<rt>せんもんか</rt></ruby>からなる。","이 위원회는 다섯 명의 전문가로 이루어진다.","<ruby>本書<rt>ほんしょ</rt></ruby>は<ruby>三<rt>みっ</rt></ruby>つの<ruby>章<rt>しょう</rt></ruby>からなっている。","이 책은 세 개의 장으로 이루어져 있다.","でできている보다 더 문어적이고 구조 설명에 잘 쓴다."
"N2-179","N2","ろくに～ない","ろくに + 부정형","제대로 ~않다; 충분히 ~않다.","きのうは<ruby>忙<rt>いそが</rt></ruby>しくて、ろくに<ruby>昼<rt>ひる</rt></ruby>ごはんも<ruby>食<rt>た</rt></ruby>べられなかった。","어제는 바빠서 점심도 제대로 먹지 못했다.","その<ruby>件<rt>けん</rt></ruby>については、まだろくに<ruby>説明<rt>せつめい</rt></ruby>を<ruby>聞<rt>き</rt></ruby>いていない。","그 건에 대해서는 아직 제대로 설명을 듣지 못했다.","あまり～ない보다 ‘충분히/제대로’의 뜻이 더 분명하다."
"N2-180","N2","<ruby>別<rt>べつ</rt></ruby>に～ない","別に + 부정형","딱히 ~않다.","<ruby>別<rt>べつ</rt></ruby>に<ruby>怒<rt>おこ</rt></ruby>っていないよ。","딱히 화난 건 아니야.","その<ruby>映画<rt>えいが</rt></ruby>、<ruby>別<rt>べつ</rt></ruby>に<ruby>見<rt>み</rt></ruby>たくないわけじゃない。","그 영화, 딱히 보고 싶지 않은 건 아니야.","구어에서 완곡하게 부정하거나 무관심을 나타낸다."
"N2-181","N2","おそらく～","문장 앞에서","아마, 아마도. 근거가 있는 높은 확률의 추측이다.","おそらく<ruby>明日<rt>あした</rt></ruby>までには<ruby>結果<rt>けっか</rt></ruby>が<ruby>出<rt>で</rt></ruby>るだろう。","아마 내일까지는 결과가 나올 것이다.","おそらく<ruby>彼<rt>かれ</rt></ruby>はまだその<ruby>話<rt>はなし</rt></ruby>を<ruby>知<rt>し</rt></ruby>らない。","아마 그는 아직 그 이야기를 모를 것이다.","たぶん보다 확신도가 조금 더 높다."
"N2-182","N2","どうやら～","문장 앞에서","아무래도. 정황으로 보아 그렇게 보인다는 뜻이다.","どうやら<ruby>電車<rt>でんしゃ</rt></ruby>が<ruby>遅<rt>おく</rt></ruby>れているようだ。","아무래도 전철이 늦고 있는 것 같다.","どうやら<ruby>彼女<rt>かのじょ</rt></ruby>は<ruby>体調<rt>たいちょう</rt></ruby>がよくないらしい。","아무래도 그녀는 몸 상태가 좋지 않은 듯하다.","おそらく보다 정황 판단의 느낌이 더 강하다."
"N2-183","N2","どうせ～","문장 앞에서","어차피. 체념이나 자조를 담아 말한다.","どうせ<ruby>無理<rt>むり</rt></ruby>だと<ruby>思<rt>おも</rt></ruby>って、<ruby>最初<rt>さいしょ</rt></ruby>から<ruby>挑戦<rt>ちょうせん</rt></ruby>しなかった。","어차피 무리라고 생각해서 처음부터 도전하지 않았다.","どうせやるなら、<ruby>最後<rt>さいご</rt></ruby>までしっかりやろう。","어차피 할 거라면 끝까지 제대로 하자.","おそらく・どうやら와 달리 추측보다 체념의 뉘앙스가 강하다."
"N2-184","N2","いよいよ～","문장 앞에서","드디어; 점점 더. 실현 직전이나 정도 심화를 나타낸다.","いよいよ<ruby>来週<rt>らいしゅう</rt></ruby>から<ruby>新<rt>あたら</rt></ruby>しい<ruby>制度<rt>せいど</rt></ruby>が<ruby>始<rt>はじ</rt></ruby>まる。","드디어 다음 주부터 새로운 제도가 시작된다.","<ruby>風<rt>かぜ</rt></ruby>がいよいよ<ruby>強<rt>つよ</rt></ruby>くなってきた。","바람이 점점 더 강해지고 있다.","ついに보다 진행감·임박감이 더 살아 있다."
"N2-185","N2","おおよそ～","문장 안에서","대략, 대체로.","おおよそ<ruby>三十分<rt>さんじゅっぷん</rt></ruby>ほどで<ruby>会場<rt>かいじょう</rt></ruby>に<ruby>着<rt>つ</rt></ruby>くはずだ。","대략 30분 정도면 행사장에 도착할 것이다.","この<ruby>件<rt>けん</rt></ruby>については、おおよその<ruby>方針<rt>ほうしん</rt></ruby>は<ruby>固<rt>かた</rt></ruby>まっている。","이 건에 대해서는 대략적인 방침은 정해져 있다.","だいたい보다 조금 더 격식 있다."
"N2-186","N2","～せめて","문장 앞에서","적어도, 최소한.","せめて<ruby>名前<rt>なまえ</rt></ruby>だけでも<ruby>覚<rt>おぼ</rt></ruby>えて<ruby>帰<rt>かえ</rt></ruby>ってほしい。","적어도 이름만이라도 기억하고 돌아갔으면 한다.","せめてあと<ruby>五分<rt>ごふん</rt></ruby>あれば、<ruby>最後<rt>さいご</rt></ruby>まで<ruby>説明<rt>せつめい</rt></ruby>できたのに。","적어도 5분만 더 있었으면 끝까지 설명할 수 있었을 텐데.","～たったの가 적음을 강조하면, ～せめて는 최소 기준을 제시한다."
"N2-187","N2","～たったの","문장 안에서","겨우, 단지.","この<ruby>町<rt>まち</rt></ruby>から<ruby>駅<rt>えき</rt></ruby>までは、たったの<ruby>十分<rt>じゅっぷん</rt></ruby>だ。","이 마을에서 역까지는 겨우 10분이다.","たったの<ruby>一言<rt>ひとこと</rt></ruby>で、<ruby>場<rt>ば</rt></ruby>の<ruby>空気<rt>くうき</rt></ruby>が<ruby>変<rt>か</rt></ruby>わってしまった。","겨우 한마디로 분위기가 바뀌어 버렸다.","～おおよそ가 대략적 수치라면, ～たったの는 적은 양을 강조한다."
"N2-188","N2","～とっくに","문장 앞에서","벌써, 이미 오래전에.","そのことなら、とっくに<ruby>知<rt>し</rt></ruby>っていたよ。","그 일이라면 벌써 오래전에 알고 있었어.","<ruby>終電<rt>しゅうでん</rt></ruby>はとっくに<ruby>出<rt>で</rt></ruby>てしまった。","막차는 이미 오래전에 가 버렸다.","もう보다 ‘예상보다 훨씬 이전’의 느낌이 강하다."
"N2-189","N2","～<ruby>流石<rt>さすが</rt></ruby>","문장 앞에서","과연, 역시.","さすが<ruby>専門家<rt>せんもんか</rt></ruby>だけあって、<ruby>説明<rt>せつめい</rt></ruby>がとても<ruby>分<rt>わ</rt></ruby>かりやすい。","과연 전문가답게 설명이 매우 이해하기 쉽다.","さすがに<ruby>長年<rt>ながねん</rt></ruby><ruby>続<rt>つづ</rt></ruby>けているだけのことはある。","과연 오랫동안 계속해 온 보람이 있다.","～さすがに보다 감탄·평가가 더 직접적이다."
"N2-190","N2","～さすがに","문장 앞에서","아무리 그래도, 역시.","さすがにこの<ruby>量<rt>りょう</rt></ruby>は、<ruby>一人<rt>ひとり</rt></ruby>では<ruby>運<rt>はこ</rt></ruby>べない。","아무리 그래도 이 양은 혼자서는 옮길 수 없다.","<ruby>彼<rt>かれ</rt></ruby>もさすがに<ruby>今回<rt>こんかい</rt></ruby>ばかりは<ruby>反省<rt>はんせい</rt></ruby>したようだ。","그도 아무리 그래도 이번만큼은 반성한 듯하다.","～流石가 감탄이면, ～さすがには 한계 인식이 자주 섞인다."
"N2-191","N2","～<ruby>何<rt>なん</rt></ruby>といっても","문장 앞에서","뭐니 뭐니 해도.","この<ruby>町<rt>まち</rt></ruby>は、<ruby>何<rt>なん</rt></ruby>といっても<ruby>海<rt>うみ</rt></ruby>が<ruby>近<rt>ちか</rt></ruby>いのが<ruby>魅力<rt>みりょく</rt></ruby>だ。","이 마을은 뭐니 뭐니 해도 바다가 가까운 것이 매력이다.","<ruby>何<rt>なん</rt></ruby>といっても、みんなで<ruby>協力<rt>きょうりょく</rt></ruby>できたことがいちばんうれしい。","뭐니 뭐니 해도 모두가 협력할 수 있었던 것이 가장 기쁘다.","강한 우선순위를 말할 때 쓴다."
"N2-192","N2","～もっとも","문장 앞에서","다만, 물론.","<ruby>計画<rt>けいかく</rt></ruby>そのものには<ruby>賛成<rt>さんせい</rt></ruby>だ。もっとも、<ruby>予算<rt>よさん</rt></ruby>の<ruby>見直<rt>みなお</rt></ruby>しは<ruby>必要<rt>ひつよう</rt></ruby>だが。","계획 자체에는 찬성이다. 다만 예산 재검토는 필요하지만.","この<ruby>料理<rt>りょうり</rt></ruby>は<ruby>冷<rt>さ</rt></ruby>めてもおいしい。もっとも、できたてのほうがいいけれど。","이 요리는 식어도 맛있다. 물론 갓 만든 편이 더 좋지만.","앞말을 인정하면서 단서를 덧붙이는 표현이다."
"N2-193","N2","～したがって","문장 앞에서","따라서.","この<ruby>道路<rt>どうろ</rt></ruby>は<ruby>全面通行止<rt>ぜんめんつうこうど</rt></ruby>めである。したがって、<ruby>別<rt>べつ</rt></ruby>の<ruby>経路<rt>けいろ</rt></ruby>を<ruby>利用<rt>りよう</rt></ruby>してください。","이 도로는 전면 통제 중이다. 따라서 다른 경로를 이용해 주세요.","<ruby>十分<rt>じゅうぶん</rt></ruby>な<ruby>証拠<rt>しょうこ</rt></ruby>がない。したがって、いまは<ruby>結論<rt>けつろん</rt></ruby>を<ruby>出<rt>だ</rt></ruby>せない。","충분한 증거가 없다. 따라서 지금은 결론을 낼 수 없다.","그래서보다 더 문어적이고 논리적이다."
"N2-194","N2","～あるいは","문장 안에서","혹은, 또는.","メール、あるいは<ruby>電話<rt>でんわ</rt></ruby>でご<ruby>連絡<rt>れんらく</rt></ruby>ください。","메일 혹은 전화로 연락해 주세요.","この<ruby>変化<rt>へんか</rt></ruby>は<ruby>偶然<rt>ぐうぜん</rt></ruby>、あるいは<ruby>別<rt>べつ</rt></ruby>の<ruby>原因<rt>げんいん</rt></ruby>によるものかもしれない。","이 변화는 우연 혹은 다른 원인에 의한 것일지도 모른다.","または보다 조금 더 문어적이다."
"N2-195","N2","～それとも","문장 앞에서","아니면.","コーヒーにしますか。それとも<ruby>紅茶<rt>こうちゃ</rt></ruby>にしますか。","커피로 하시겠어요? 아니면 홍차로 하시겠어요?","このまま<ruby>待<rt>ま</rt></ruby>つか、それとも<ruby>一度<rt>いちど</rt></ruby><ruby>戻<rt>もど</rt></ruby>るか、<ruby>決<rt>き</rt></ruby>めましょう。","이대로 기다릴지 아니면 한 번 돌아갈지 정합시다.","질문 속 선택지 제시에 자주 쓴다."
"N2-196","N2","～それなら","문장 앞에서","그렇다면.","それなら、<ruby>先<rt>さき</rt></ruby>にこちらの<ruby>資料<rt>しりょう</rt></ruby>を<ruby>見<rt>み</rt></ruby>てください。","그렇다면 먼저 이 자료를 봐 주세요.","<ruby>来週<rt>らいしゅう</rt></ruby>が<ruby>難<rt>むずか</rt></ruby>しいなら、それなら<ruby>再来週<rt>さらいしゅう</rt></ruby>にしましょう。","다음 주가 어렵다면 그렇다면 다다음 주로 합시다.","상대의 말을 받고 대안·결론을 제시한다."
"N2-197","N2","～そういえば","문장 앞에서","그러고 보니.","そういえば、きのう<ruby>駅前<rt>えきまえ</rt></ruby>で<ruby>田中<rt>たなか</rt></ruby>さんを<ruby>見<rt>み</rt></ruby>かけた。","그러고 보니 어제 역 앞에서 다나카 씨를 봤다.","そういえば、この<ruby>店<rt>みせ</rt></ruby>は<ruby>前<rt>まえ</rt></ruby>にも<ruby>来<rt>き</rt></ruby>たことがある。","그러고 보니 이 가게는 전에도 온 적이 있다.","갑자기 떠오른 관련 화제를 꺼낼 때 쓴다."
"N2-198","N2","～なお","문장 앞에서","또한; 덧붙여.","<ruby>会議<rt>かいぎ</rt></ruby>は<ruby>二時<rt>にじ</rt></ruby>から<ruby>始<rt>はじ</rt></ruby>まります。なお、<ruby>資料<rt>しりょう</rt></ruby>は<ruby>事前<rt>じぜん</rt></ruby>にお<ruby>配<rt>くば</rt></ruby>りします。","회의는 2시부터 시작합니다. 또한 자료는 사전에 배부하겠습니다.","この<ruby>商品<rt>しょうひん</rt></ruby>は<ruby>返品<rt>へんぴん</rt></ruby>できません。なお、<ruby>交換<rt>こうかん</rt></ruby>は<ruby>一週間以内<rt>いっしゅうかんいない</rt></ruby>に<ruby>限<rt>かぎ</rt></ruby>ります。","이 상품은 반품할 수 없습니다. 또한 교환은 일주일 이내로 한정됩니다.","공문서·안내문에서 보충 정보를 붙일 때 많다."
"N2-199","N2","～まだしも","보통형 + ～まだしも","~라면 그나마 낫지만.","<ruby>謝<rt>あやま</rt></ruby>ってくれればまだしも、<ruby>黙<rt>だま</rt></ruby>ったままでは<ruby>許<rt>ゆる</rt></ruby>せない。","사과해 준다면 그나마 낫지만 가만히 있는 채로는 용서할 수 없다.","<ruby>一日<rt>いちにち</rt></ruby>ぐらいならまだしも、<ruby>一週間<rt>いっしゅうかん</rt></ruby>も<ruby>待<rt>ま</rt></ruby>てない。","하루 정도라면 그나마 낫지만 일주일이나 기다릴 수는 없다.","양보를 잠깐 인정한 뒤 뒤에서 부정한다."
"N2-200","N2","N2","Aならまだしも","A라면 그나마 낫지만.","<ruby>子<rt>こ</rt></ruby>どもならまだしも、<ruby>大人<rt>おとな</rt></ruby>がそんなことをしてはいけない。","아이라면 그나마 낫지만 어른이 그런 짓을 해서는 안 된다.","<ruby>一回<rt>いっかい</rt></ruby>ならまだしも、<ruby>何度<rt>なんど</rt></ruby>も<ruby>同<rt>おな</rt></ruby>じ<ruby>間違<rt>まちが</rt></ruby>いをするのは<ruby>困<rt>こま</rt></ruby>る。","한 번이라면 그나마 낫지만 몇 번이나 같은 실수를 하는 것은 곤란하다.","～まだしも의 전형적인 고정형이다."
"N2-201","N2","～くらいなら","보통형 + ～くらいなら","~할 바에는 차라리.","そんなに<ruby>急<rt>いそ</rt></ruby>ぐくらいなら、<ruby>明日<rt>あした</rt></ruby>にしたほうがいい。","그렇게 서두를 바에는 차라리 내일로 하는 편이 낫다.","<ruby>中途半端<rt>ちゅうとはんぱ</rt></ruby>に<ruby>謝<rt>あやま</rt></ruby>るくらいなら、<ruby>何<rt>なに</rt></ruby>も<ruby>言<rt>い</rt></ruby>わないほうがましだ。","어설프게 사과할 바에는 아무 말도 하지 않는 편이 낫다.","뒤에 대안 선택이 자주 온다."
"N2-202","N2","～ぐらいなら","보통형 + ～ぐらいなら","~할 바에는 차라리.","<ruby>高<rt>たか</rt></ruby>すぎるものを<ruby>買<rt>か</rt></ruby>うぐらいなら、しばらく<ruby>我慢<rt>がまん</rt></ruby>する。","너무 비싼 것을 살 바에는 한동안 참겠다.","<ruby>無理<rt>むり</rt></ruby>して<ruby>続<rt>つづ</rt></ruby>けるぐらいなら、いったん<ruby>休<rt>やす</rt></ruby>んだほうがいい。","무리해서 계속할 바에는 일단 쉬는 편이 좋다.","～くらいなら와 뜻은 거의 같고, 회화에서는 둘 다 흔하다."
"N2-203","N2","～ことになると","명사 / 보통형 + ～ことになると","~라고 하면, ~에 관한 한.","<ruby>旅行<rt>りょこう</rt></ruby>のことになると、<ruby>彼<rt>かれ</rt></ruby>はいつも<ruby>急<rt>きゅう</rt></ruby>に<ruby>元気<rt>げんき</rt></ruby>になる。","여행 이야기가 되면 그는 언제나 갑자기 활기차진다.","<ruby>歴史<rt>れきし</rt></ruby>のことになると、あの<ruby>先生<rt>せんせい</rt></ruby>は<ruby>止<rt>と</rt></ruby>まらない。","역사 이야기가 되면 저 선생님은 멈추지 않는다.","특정 화제가 되면 태도·반응이 달라짐을 말한다."
"N2-204","N2","～こととなると","명사 / 보통형 + ～こととなると","~라고 하면, ~에 관한 한. ～ことになると보다 문어적이다.","<ruby>安全<rt>あんぜん</rt></ruby>のこととなると、<ruby>妥協<rt>だきょう</rt></ruby>はできない。","안전 문제가 되면 타협할 수 없다.","<ruby>家族<rt>かぞく</rt></ruby>のこととなると、<ruby>彼女<rt>かのじょ</rt></ruby>はとても<ruby>慎重<rt>しんちょう</rt></ruby>だ。","가족 문제가 되면 그녀는 매우 신중하다.","～ことになると보다 더 딱딱하고 문어적이다."
"N1-001","N1","～が<ruby>早<rt>はや</rt></ruby>いか","동사 기본형 + ～が早いか","~하자마자 곧바로.","ベルが<ruby>鳴<rt>な</rt></ruby>るが<ruby>早<rt>はや</rt></ruby>いか、<ruby>学生<rt>がくせい</rt></ruby>たちは<ruby>教室<rt>きょうしつ</rt></ruby>を<ruby>飛<rt>と</rt></ruby>び<ruby>出<rt>だ</rt></ruby>した。","벨이 울리자마자 학생들은 교실을 뛰쳐나갔다.","<ruby>父<rt>ちち</rt></ruby>は<ruby>帰宅<rt>きたく</rt></ruby>するが<ruby>早<rt>はや</rt></ruby>いか、ソファーで<ruby>眠<rt>ねむ</rt></ruby>ってしまった。","아버지는 귀가하자마자 소파에서 잠들어 버렸다.","N2의 ～か～ないかのうちに보다 더 문어적이다."
"N1-002","N1","～なり","동사 기본형 + ～なり","~하자마자.","<ruby>彼<rt>かれ</rt></ruby>は<ruby>部屋<rt>へや</rt></ruby>に<ruby>入<rt>はい</rt></ruby>るなり、かばんを<ruby>置<rt>お</rt></ruby>いて<ruby>窓<rt>まど</rt></ruby>を<ruby>開<rt>あ</rt></ruby>けた。","그는 방에 들어오자마자 가방을 내려놓고 창문을 열었다.","<ruby>社長<rt>しゃちょう</rt></ruby>は<ruby>会議室<rt>かいぎしつ</rt></ruby>に<ruby>現<rt>あらわ</rt></ruby>れるなり、<ruby>本題<rt>ほんだい</rt></ruby>に<ruby>入<rt>はい</rt></ruby>った。","사장은 회의실에 나타나자마자 본론에 들어갔다.","～が早いか와 비슷하지만 주어의 즉각적 다음 행동에 잘 붙는다."
"N1-003","N1","～そばから","동사 기본형 / 동사 た형 + ～そばから","~하는 족족, ~하자마자 또.","<ruby>片<rt>かた</rt></ruby>づけるそばから、<ruby>子<rt>こ</rt></ruby>どもたちがまたおもちゃを<ruby>広<rt>ひろ</rt></ruby>げる。","치우는 족족 아이들이 또 장난감을 펼쳐 놓는다.","<ruby>覚<rt>おぼ</rt></ruby>えたそばから<ruby>忘<rt>わす</rt></ruby>れてしまって、なかなか<ruby>進<rt>すす</rt></ruby>まない。","외운 족족 잊어버려서 좀처럼 진도가 나가지 않는다.","즉시성보다 반복·허무함의 느낌이 더 강하다."
"N1-004","N1","～を<ruby>皮切<rt>かわき</rt></ruby>りに","명사 + ～を皮切りに","~을 시작으로.","<ruby>東京公演<rt>とうきょうこうえん</rt></ruby>を<ruby>皮切<rt>かわき</rt></ruby>りに、<ruby>全国<rt>ぜんこく</rt></ruby>ツアーが<ruby>始<rt>はじ</rt></ruby>まる。","도쿄 공연을 시작으로 전국 투어가 시작된다.","この<ruby>企画<rt>きかく</rt></ruby>を<ruby>皮切<rt>かわき</rt></ruby>りに、<ruby>新<rt>あたら</rt></ruby>しい<ruby>取<rt>と</rt></ruby>り<ruby>組<rt>く</rt></ruby>みが<ruby>次々<rt>つぎつぎ</rt></ruby>に<ruby>始<rt>はじ</rt></ruby>まった。","이 기획을 시작으로 새로운 시도들이 잇따라 시작되었다.","～を機に보다 연속적 전개의 출발점 뜻이 더 강하다."
"N1-005","N1","～てからというもの","동사 て형 + からというもの","~한 이래로 줄곧.","この<ruby>町<rt>まち</rt></ruby>に<ruby>引<rt>ひ</rt></ruby>っ<ruby>越<rt>こ</rt></ruby>してからというもの、<ruby>毎朝<rt>まいあさ</rt></ruby><ruby>川沿<rt>かわぞ</rt></ruby>いを<ruby>歩<rt>ある</rt></ruby>くのが<ruby>日課<rt>にっか</rt></ruby>になった。","이 마을로 이사한 이래로 매일 아침 강변을 걷는 것이 일과가 되었다.","その<ruby>本<rt>ほん</rt></ruby>を<ruby>読<rt>よ</rt></ruby>んでからというもの、<ruby>歴史<rt>れきし</rt></ruby>に<ruby>強<rt>つよ</rt></ruby>い<ruby>関心<rt>かんしん</rt></ruby>を<ruby>持<rt>も</rt></ruby>つようになった。","그 책을 읽은 이래로 역사에 큰 관심을 갖게 되었다.","N3의 ～て以来보다 더 문어적이고 변화의 지속이 강조된다."
"N1-006","N1","～に至る","동사 기본형 / 명사 + に至る","결국 ~에 이르다; 마침내 그런 상태가 되다.","<ruby>小<rt>ちい</rt></ruby>さな<ruby>誤解<rt>ごかい</rt></ruby>が、ついには<ruby>大<rt>おお</rt></ruby>きな<ruby>争<rt>あらそ</rt></ruby>いに<ruby>至<rt>いた</rt></ruby>った。","작은 오해가 결국 큰 다툼에 이르렀다.","<ruby>長年<rt>ながねん</rt></ruby>の<ruby>努力<rt>どりょく</rt></ruby>が、ようやく<ruby>開発成功<rt>かいはつせいこう</rt></ruby>に<ruby>至<rt>いた</rt></ruby>った。","오랜 노력 끝에 마침내 개발 성공에 이르렀다.","～ようになる보다 훨씬 문어적이고, 과정 끝의 귀결을 강하게 드러낸다."
"N1-007","N1","～に至るまで","명사 + に至るまで","~에 이르기까지; 심지어 ~까지.","<ruby>会場<rt>かいじょう</rt></ruby>の<ruby>準備<rt>じゅんび</rt></ruby>から<ruby>片付<rt>かたづ</rt></ruby>けに<ruby>至<rt>いた</rt></ruby>るまで、<ruby>彼<rt>かれ</rt></ruby>が<ruby>一人<rt>ひとり</rt></ruby>で<ruby>担当<rt>たんとう</rt></ruby>した。","행사장 준비부터 정리까지 그가 혼자 담당했다.","その<ruby>店<rt>みせ</rt></ruby>では、<ruby>内装<rt>ないそう</rt></ruby>に<ruby>至<rt>いた</rt></ruby>るまで<ruby>細部<rt>さいぶ</rt></ruby>にこだわっている。","그 가게는 내부 장식에 이르기까지 세부에 신경 쓰고 있다.","～まで보다 훨씬 문어적이고 범위의 끝을 강조한다."
"N1-008","N1","～に至って(は)","명사 + に至って(は)","~에 이르러서는; 심지어 ~의 경우는.","<ruby>子<rt>こ</rt></ruby>どもはまだしも、<ruby>大人<rt>おとな</rt></ruby>に<ruby>至<rt>いた</rt></ruby>ってはその<ruby>簡単<rt>かんたん</rt></ruby>な<ruby>約束<rt>やくそく</rt></ruby>すら<ruby>守<rt>まも</rt></ruby>れなかった。","아이들이라면 몰라도 어른에 이르러서는 그 간단한 약속조차 지키지 못했다.","その<ruby>件<rt>けん</rt></ruby>は<ruby>担当者<rt>たんとうしゃ</rt></ruby>だけでなく、<ruby>部長<rt>ぶちょう</rt></ruby>に<ruby>至<rt>いた</rt></ruby>ってはまったく<ruby>知<rt>し</rt></ruby>らなかったらしい。","그 건은 담당자뿐 아니라 부장에 이르러서는 전혀 몰랐던 모양이다.","단순한 ～は보다 ‘심지어 그 경우조차’의 뜻이 강하다."
"N1-009","N1","～たが最後","동사 た형 + ～たが最後","한번 ~하면 끝장이다; 그렇게 되면 돌이킬 수 없다.","この<ruby>仕事<rt>しごと</rt></ruby>を<ruby>引<rt>ひ</rt></ruby>き<ruby>受<rt>う</rt></ruby>けたが<ruby>最後<rt>さいご</rt></ruby>、<ruby>途中<rt>とちゅう</rt></ruby>で<ruby>投<rt>な</rt></ruby>げ<ruby>出<rt>だ</rt></ruby>すわけにはいかない。","이 일을 맡았다 하면 중간에 내던질 수는 없다.","ここで<ruby>弱音<rt>よわね</rt></ruby>を<ruby>吐<rt>は</rt></ruby>いたが<ruby>最後<rt>さいご</rt></ruby>、みんなの<ruby>信頼<rt>しんらい</rt></ruby>を<ruby>失<rt>うしな</rt></ruby>うだろう。","여기서 약한 소리를 했다 하면 모두의 신뢰를 잃게 될 것이다.","～たら最後와 비슷하지만 이쪽이 조금 더 문어적이다."
"N1-010","N1","～たら最後","동사 た형 + ～たら最後","한번 ~하면 끝이다; 그렇게 되면 큰일이다.","そんな<ruby>危険<rt>きけん</rt></ruby>な<ruby>話<rt>はなし</rt></ruby>を<ruby>信<rt>しん</rt></ruby>じたら<ruby>最後<rt>さいご</rt></ruby>、あとで<ruby>大変<rt>たいへん</rt></ruby>なことになる。","그런 위험한 이야기를 믿었다간 나중에 큰일 난다.","この<ruby>秘密<rt>ひみつ</rt></ruby>を<ruby>外<rt>そと</rt></ruby>で<ruby>話<rt>はな</rt></ruby>したら<ruby>最後<rt>さいご</rt></ruby>、<ruby>会社中<rt>かいしゃじゅう</rt></ruby>に<ruby>広<rt>ひろ</rt></ruby>まってしまう。","이 비밀을 밖에서 말했다간 회사 전체에 퍼져 버린다.","～たが最後보다 조금 더 구어적이다."
"N1-011","N1","～たなり","동사 た형 + ～たなり","~한 채 그대로. 어떤 상태가 계속 이어짐을 말한다.","<ruby>彼<rt>かれ</rt></ruby>はベッドに<ruby>横<rt>よこ</rt></ruby>になったなり、<ruby>朝<rt>あさ</rt></ruby>まで<ruby>目<rt>め</rt></ruby>を<ruby>覚<rt>さ</rt></ruby>まさなかった。","그는 침대에 누운 채 아침까지 깨어나지 않았다.","<ruby>帽子<rt>ぼうし</rt></ruby>をかぶったなり、あわてて<ruby>家<rt>いえ</rt></ruby>を<ruby>飛<rt>と</rt></ruby>び<ruby>出<rt>だ</rt></ruby>していった。","모자를 쓴 채 허둥지둥 집을 뛰어나갔다.","～たまま보다 그대로 고정된 상태가 더 강하게 느껴진다."
"N1-012","N1","～た拍子に","동사 た형 + ～た拍子に","~한 순간에, 그 반동으로 뜻밖의 일이 일어나다.","<ruby>立<rt>た</rt></ruby>ち<ruby>上<rt>あ</rt></ruby>がった<ruby>拍子<rt>ひょうし</rt></ruby>に、ポケットの<ruby>鍵<rt>かぎ</rt></ruby>が<ruby>床<rt>ゆか</rt></ruby>に<ruby>落<rt>お</rt></ruby>ちた。","일어서는 순간 주머니의 열쇠가 바닥에 떨어졌다.","<ruby>振<rt>ふ</rt></ruby>り<ruby>返<rt>かえ</rt></ruby>った<ruby>拍子<rt>ひょうし</rt></ruby>に、<ruby>後<rt>うし</rt></ruby>ろの<ruby>花瓶<rt>かびん</rt></ruby>に<ruby>肘<rt>ひじ</rt></ruby>がぶつかった。","뒤돌아보는 순간 뒤의 꽃병에 팔꿈치가 부딪혔다.","～た弾みに보다 순간적 동작의 물리적 반동 느낌이 더 강하다."
"N1-013","N1","～た弾みに","동사 た형 + ～た弾みに","~한 탄력에, 얼결에 뜻밖의 일이 일어나다.","<ruby>冗談<rt>じょうだん</rt></ruby>を<ruby>言<rt>い</rt></ruby>った<ruby>弾<rt>はず</rt></ruby>みに、<ruby>秘密<rt>ひみつ</rt></ruby>まで<ruby>話<rt>はな</rt></ruby>してしまった。","농담을 하던 얼결에 비밀까지 말해 버렸다.","つい<ruby>笑<rt>わら</rt></ruby>った<ruby>弾<rt>はず</rt></ruby>みに、<ruby>飲<rt>の</rt></ruby>み<ruby>物<rt>もの</rt></ruby>をこぼしてしまった。","그만 웃은 얼결에 음료를 쏟아 버렸다.","～た拍子に보다 심리적·상황적 얼결의 느낌이 더 강하다."
"N1-014","N1","～を経て","명사 + ～を経て","~을 거쳐. 과정이나 단계를 통과함을 나타낸다.","<ruby>長<rt>なが</rt></ruby>い<ruby>交渉<rt>こうしょう</rt></ruby>を<ruby>経<rt>へ</rt></ruby>て、ようやく<ruby>契約<rt>けいやく</rt></ruby>が<ruby>成立<rt>せいりつ</rt></ruby>した。","오랜 협상을 거쳐 겨우 계약이 성립했다.","この<ruby>制度<rt>せいど</rt></ruby>は、<ruby>何度<rt>なんど</rt></ruby>もの<ruby>改正<rt>かいせい</rt></ruby>を<ruby>経<rt>へ</rt></ruby>ていまの<ruby>形<rt>かたち</rt></ruby>になった。","이 제도는 여러 번의 개정을 거쳐 지금의 형태가 되었다.","～を通じて보다 변화·과정의 단계성이 더 선명하다."
"N1-015","N1","～を機に","명사 + ～を機に","~을 계기로. 어떤 일을 전환점으로 삼는다.","<ruby>留学<rt>りゅうがく</rt></ruby>を<ruby>機<rt>き</rt></ruby>に、<ruby>彼<rt>かれ</rt></ruby>は<ruby>将来<rt>しょうらい</rt></ruby>の<ruby>目標<rt>もくひょう</rt></ruby>を<ruby>見直<rt>みなお</rt></ruby>した。","유학을 계기로 그는 장래 목표를 다시 보게 되었다.","この<ruby>出会<rt>であ</rt></ruby>いを<ruby>機<rt>き</rt></ruby>に、<ruby>二人<rt>ふたり</rt></ruby>は<ruby>共同研究<rt>きょうどうけんきゅう</rt></ruby>を<ruby>始<rt>はじ</rt></ruby>めた。","이 만남을 계기로 두 사람은 공동 연구를 시작했다.","～きっかけに보다 더 문어적이고 공식적이다."
"N1-016","N1","～こととて","보통형 + ～こととて","~이므로, ~이기에. 정중하고 문어적인 이유 표현이다.","<ruby>年末<rt>ねんまつ</rt></ruby>のこととて、<ruby>駅<rt>えき</rt></ruby>は<ruby>朝<rt>あさ</rt></ruby>から<ruby>大変<rt>たいへん</rt></ruby><ruby>混<rt>こ</rt></ruby>んでいた。","연말인 탓에 역은 아침부터 매우 붐볐다.","<ruby>初<rt>はじ</rt></ruby>めての<ruby>海外生活<rt>かいがいせいかつ</rt></ruby>のこととて、<ruby>戸惑<rt>とまど</rt></ruby>うことも<ruby>多<rt>おお</rt></ruby>かった。","처음 하는 해외 생활인 탓에 당황하는 일도 많았다.","～ので보다 훨씬 문어적이고 격식 있다."
"N1-017","N1","～かたがた","명사 + ～かたがた","~을 겸하여. 본래 목적에 다른 목적을 곁들인다.","<ruby>転居<rt>てんきょ</rt></ruby>のご<ruby>挨拶<rt>あいさつ</rt></ruby>かたがた、<ruby>近所<rt>きんじょ</rt></ruby>を<ruby>回<rt>まわ</rt></ruby>った。","이사 인사를 겸해 근처를 돌았다.","お<ruby>礼<rt>れい</rt></ruby>かたがた、<ruby>先日<rt>せんじつ</rt></ruby>の<ruby>件<rt>けん</rt></ruby>を<ruby>報告<rt>ほうこく</rt></ruby>しに<ruby>伺<rt>うかが</rt></ruby>った。","감사 인사를 겸해 지난번 일도 보고하러 찾아갔다.","～がてら보다 더 정중하고 문어적이다."
"N1-018","N1","～を兼ねて","명사 + を兼ねて","~을 겸하여. 두 목적을 함께 가진다.","<ruby>運動<rt>うんどう</rt></ruby>を<ruby>兼<rt>か</rt></ruby>ねて、<ruby>一駅<rt>ひとえき</rt></ruby><ruby>分<rt>ぶん</rt></ruby><ruby>歩<rt>ある</rt></ruby>くことにした。","운동을 겸해 한 정거장 분을 걷기로 했다.","<ruby>視察<rt>しさつ</rt></ruby>を<ruby>兼<rt>か</rt></ruby>ねて、<ruby>地方<rt>ちほう</rt></ruby>の<ruby>店舗<rt>てんぽ</rt></ruby>を<ruby>訪<rt>たず</rt></ruby>ねた。","시찰을 겸해 지방 점포를 방문했다.","～かたがた보다 더 중립적이고 실용적이다."
"N1-019","N1","～かたわら","동사 기본형 / 명사 + の + ～かたわら","~하는 한편. 한쪽의 주된 일과 병행함을 말한다.","<ruby>彼<rt>かれ</rt></ruby>は<ruby>会社<rt>かいしゃ</rt></ruby>で<ruby>働<rt>はたら</rt></ruby>くかたわら、<ruby>夜<rt>よる</rt></ruby>は<ruby>小説<rt>しょうせつ</rt></ruby>を<ruby>書<rt>か</rt></ruby>いている。","그는 회사에서 일하는 한편 밤에는 소설을 쓰고 있다.","<ruby>研究者<rt>けんきゅうしゃ</rt></ruby>のかたわら、<ruby>若手<rt>わかて</rt></ruby>の<ruby>指導<rt>しどう</rt></ruby>にも<ruby>力<rt>ちから</rt></ruby>を<ruby>入<rt>い</rt></ruby>れている。","연구자인 한편 젊은 사람들 지도에도 힘을 쏟고 있다.","～ながら보다 장기적 병행 관계를 말할 때 자연스럽다."
"N1-020","N1","～てまえ","동사 た형 + ～てまえ","~한 이상, 체면상. 이미 그렇게 한 이상 물러설 수 없음을 말한다.","みんなの<ruby>前<rt>まえ</rt></ruby>で<ruby>引<rt>ひ</rt></ruby>き<ruby>受<rt>う</rt></ruby>けた<ruby>手前<rt>てまえ</rt></ruby>、いまさら<ruby>断<rt>ことわ</rt></ruby>るわけにはいかない。","모두 앞에서 맡겠다고 한 이상 이제 와서 거절할 수는 없다.","そう<ruby>約束<rt>やくそく</rt></ruby>した<ruby>手前<rt>てまえ</rt></ruby>、<ruby>最後<rt>さいご</rt></ruby>まで<ruby>責任<rt>せきにん</rt></ruby>を<ruby>持<rt>も</rt></ruby>つしかない。","그렇게 약속한 이상 끝까지 책임질 수밖에 없다.","～上は와 비슷하지만 체면·입장 때문에 못 물러남이 더 강하다."
"N1-021","N1","～を踏まえて","명사 + を踏まえて","~을 바탕으로, ~을 고려하여.","<ruby>現場<rt>げんば</rt></ruby>の<ruby>意見<rt>いけん</rt></ruby>を<ruby>踏<rt>ふ</rt></ruby>まえて、<ruby>計画案<rt>けいかくあん</rt></ruby>を<ruby>修正<rt>しゅうせい</rt></ruby>した。","현장의 의견을 바탕으로 계획안을 수정했다.","これまでの<ruby>反省<rt>はんせい</rt></ruby>を<ruby>踏<rt>ふ</rt></ruby>まえて、<ruby>新<rt>あたら</rt></ruby>しい<ruby>方針<rt>ほうしん</rt></ruby>を<ruby>示<rt>しめ</rt></ruby>した。","지금까지의 반성을 바탕으로 새로운 방침을 제시했다.","～に基づいて보다 실제 사정을 고려·반영하는 느낌이 강하다."
"N1-022","N1","～を込めて","명사 + を込めて","~을 담아. 감정·의도·소망을 실어 보낸다.","<ruby>感謝<rt>かんしゃ</rt></ruby>を<ruby>込<rt>こ</rt></ruby>めて、<ruby>恩師<rt>おんし</rt></ruby>に<ruby>手紙<rt>てがみ</rt></ruby>を<ruby>書<rt>か</rt></ruby>いた。","감사를 담아 은사에게 편지를 썼다.","<ruby>平和<rt>へいわ</rt></ruby>への<ruby>願<rt>ねが</rt></ruby>いを<ruby>込<rt>こ</rt></ruby>めて、<ruby>灯<rt>あか</rt></ruby>りをともした。","평화를 바라는 마음을 담아 불을 밝혔다.","～を踏まえて가 근거 반영이면, ～を込めて는 감정·의도 투입이다."
"N1-023","N1","～次第だ","보통형 / ～という + 次第だ","이러한 사정이다; 이런 경위이다.","<ruby>開始<rt>かいし</rt></ruby>が<ruby>遅<rt>おく</rt></ruby>れたのは、<ruby>機材<rt>きざい</rt></ruby>に<ruby>不具合<rt>ふぐあい</rt></ruby>が<ruby>生<rt>しょう</rt></ruby>じたためという<ruby>次第<rt>しだい</rt></ruby>だ。","시작이 늦어진 것은 기재에 문제가 생겼기 때문이라는 경위다.","<ruby>以上<rt>いじょう</rt></ruby>、ご<ruby>報告<rt>ほうこく</rt></ruby>かたがたご<ruby>説明<rt>せつめい</rt></ruby>した<ruby>次第<rt>しだい</rt></ruby>だ。","이상 보고 겸 설명드린 경위다.","～次第です의 보통체다."
"N1-024","N1","～次第です","보통형 / ～という + 次第です","이러한 사정입니다; 이런 경위입니다.","<ruby>本日<rt>ほんじつ</rt></ruby><ruby>欠席<rt>けっせき</rt></ruby>したのは、<ruby>家族<rt>かぞく</rt></ruby>の<ruby>急病<rt>きゅうびょう</rt></ruby>によるという<ruby>次第<rt>しだい</rt></ruby>です。","오늘 결석한 것은 가족의 급병 때문이라는 사정입니다.","ここに<ruby>至<rt>いた</rt></ruby>った<ruby>経緯<rt>けいい</rt></ruby>を<ruby>簡単<rt>かんたん</rt></ruby>にご<ruby>説明<rt>せつめい</rt></ruby>する<ruby>次第<rt>しだい</rt></ruby>です。","여기에 이르게 된 경위를 간단히 설명드리는 바입니다.","～次第だ의 정중형이다."
"N1-025","N1","～と相まって","명사 + と相まって","~과 맞물려, ~과 함께 작용하여.","<ruby>SNS<rt>えすえぬえす</rt></ruby>での<ruby>拡散<rt>かくさん</rt></ruby>と<ruby>相<rt>あい</rt></ruby>まって、<ruby>商品<rt>しょうひん</rt></ruby>の<ruby>人気<rt>にんき</rt></ruby>が<ruby>急上昇<rt>きゅうじょうしょう</rt></ruby>した。","SNS 확산과 맞물려 상품 인기가 급상승했다.","<ruby>天候<rt>てんこう</rt></ruby>の<ruby>回復<rt>かいふく</rt></ruby>と<ruby>相<rt>あい</rt></ruby>まって、<ruby>観光地<rt>かんこうち</rt></ruby>には<ruby>人出<rt>ひとで</rt></ruby>が<ruby>戻<rt>もど</rt></ruby>ってきた。","날씨 회복과 맞물려 관광지에는 인파가 돌아오기 시작했다.","～とともに보다 서로 맞물린 상승·상호작용 느낌이 더 강하다."
"N1-026","N1","～とあって","보통형 + ～とあって","~이기에, ~인지라. 그 사정 때문에 특별한 결과가 생김을 말한다.","<ruby>連休<rt>れんきゅう</rt></ruby><ruby>初日<rt>しょにち</rt></ruby>とあって、<ruby>空港<rt>くうこう</rt></ruby>は<ruby>朝<rt>あさ</rt></ruby>から<ruby>大勢<rt>おおぜい</rt></ruby>の<ruby>人<rt>ひと</rt></ruby>でにぎわっていた。","연휴 첫날이라 공항은 아침부터 많은 사람으로 붐볐다.","<ruby>人気作家<rt>にんきさっか</rt></ruby>の<ruby>講演<rt>こうえん</rt></ruby>とあって、<ruby>会場<rt>かいじょう</rt></ruby>は<ruby>満席<rt>まんせき</rt></ruby>だった。","인기 작가의 강연이라 행사장은 만석이었다.","～だけに와 비슷하지만 설명문·문어문에서 더 자주 쓴다."
"N1-027","N1","～とあれば","보통형 + ～とあれば","~라면, ~라고 하면. 그 조건이면 당연히 그렇게 한다는 뜻이다.","<ruby>家族<rt>かぞく</rt></ruby>のためとあれば、どんな<ruby>苦労<rt>くろう</rt></ruby>でもいとわない。","가족을 위한 일이라면 어떤 고생도 마다하지 않는다.","<ruby>子<rt>こ</rt></ruby>どもの<ruby>安全<rt>あんぜん</rt></ruby>にかかわることとあれば、<ruby>放<rt>ほう</rt></ruby>ってはおけない。","아이의 안전에 관계된 일이라면 내버려 둘 수 없다.","～なら보다 문어적이고 반응의 당연성을 더 강하게 드러낸다."
"N1-028","N1","～ところから","보통형 / 명사 + の + ～ところから","~한 점에서; ~한 것으로 보아.","<ruby>表情<rt>ひょうじょう</rt></ruby>が<ruby>硬<rt>かた</rt></ruby>いところから、かなり<ruby>緊張<rt>きんちょう</rt></ruby>しているのが<ruby>分<rt>わ</rt></ruby>かる。","표정이 굳어 있는 점으로 보아 꽤 긴장하고 있음을 알 수 있다.","<ruby>川<rt>かわ</rt></ruby>に<ruby>近<rt>ちか</rt></ruby>いところから、この<ruby>辺<rt>あた</rt></ruby>りは<ruby>湿気<rt>しっけ</rt></ruby>が<ruby>多<rt>おお</rt></ruby>い。","강에 가깝다는 점에서 이 근처는 습기가 많다.","～ことから보다 더 구체적인 단서·측면에서 판단하는 느낌이 있다."
"N1-029","N1","～とみるや","동사 기본형 + とみるや","~라고 보자마자.","その<ruby>男<rt>おとこ</rt></ruby>は<ruby>警官<rt>けいかん</rt></ruby>の<ruby>姿<rt>すがた</rt></ruby>を<ruby>見<rt>み</rt></ruby>るとみるや、<ruby>裏口<rt>うらぐち</rt></ruby>から<ruby>逃<rt>に</rt></ruby>げ<ruby>出<rt>だ</rt></ruby>した。","그 남자는 경찰의 모습을 보자마자 뒷문으로 달아났다.","<ruby>母<rt>はは</rt></ruby>は<ruby>私<rt>わたし</rt></ruby>の<ruby>顔色<rt>かおいろ</rt></ruby>を<ruby>見<rt>み</rt></ruby>るとみるや、すぐに<ruby>熱<rt>ねつ</rt></ruby>を<ruby>測<rt>はか</rt></ruby>り<ruby>始<rt>はじ</rt></ruby>めた。","어머니는 내 안색을 보자마자 바로 열을 재기 시작했다.","～や否や와 비슷하지만 ‘보고 판단하자마자’의 뉘앙스가 있다."
"N1-030","N1","～ばこそ","동사 ば형 / い형용사 ければ / な형용사 なら / 명사 + であれば + こそ","~이기 때문에 오히려; ~이라서야말로.","<ruby>苦<rt>くる</rt></ruby>しい<ruby>時期<rt>じき</rt></ruby>があればこそ、いまの<ruby>成長<rt>せいちょう</rt></ruby>がある。","힘든 시기가 있었기 때문에 오히려 지금의 성장이 있다.","<ruby>信頼<rt>しんらい</rt></ruby>していればこそ、<ruby>厳<rt>きび</rt></ruby>しいことも<ruby>言<rt>い</rt></ruby>えるのだ。","신뢰하고 있기 때문에 오히려 엄한 말도 할 수 있는 것이다.","～からこそ와 비슷하지만 이쪽이 더 문어적이고 수사적이다."
"N1-031","N1","～や否や","동사 기본형 + ～や否や","~하자마자 곧바로.","<ruby>母<rt>はは</rt></ruby>は<ruby>玄関<rt>げんかん</rt></ruby>のドアを<ruby>開<rt>あ</rt></ruby>けるや<ruby>否<rt>いな</rt></ruby>や、<ruby>荷物<rt>にもつ</rt></ruby>を<ruby>置<rt>お</rt></ruby>いて<ruby>台所<rt>だいどころ</rt></ruby>へ<ruby>向<rt>む</rt></ruby>かった。","어머니는 현관문을 열자마자 짐을 내려놓고 부엌으로 향했다.","<ruby>彼<rt>かれ</rt></ruby>はベルが<ruby>鳴<rt>な</rt></ruby>るや<ruby>否<rt>いな</rt></ruby>や、<ruby>会議室<rt>かいぎしつ</rt></ruby>を<ruby>飛<rt>と</rt></ruby>び<ruby>出<rt>だ</rt></ruby>した。","그는 벨이 울리자마자 회의실을 뛰쳐나갔다.","～が早いか와 비슷하지만 더 문어적이고 순간성이 강하다."
"N1-032","N1","～ゆえに","명사 / 보통형 + ～ゆえに","~이므로, ~이기에.","<ruby>経験不足<rt>けいけんぶそく</rt></ruby>ゆえに、<ruby>判断<rt>はんだん</rt></ruby>を<ruby>誤<rt>あやま</rt></ruby>ったのかもしれない。","경험 부족이기에 판단을 잘못했는지도 모른다.","<ruby>初<rt>はじ</rt></ruby>めての<ruby>土地<rt>とち</rt></ruby>ゆえに、<ruby>道<rt>みち</rt></ruby>に<ruby>迷<rt>まよ</rt></ruby>ってしまった。","처음 가는 곳이기에 길을 잃어 버렸다.","～からだ보다 훨씬 문어적이고 딱딱하다."
"N1-033","N1","～がゆえに","보통형 + ～がゆえに","~이기 때문에 오히려; ~인 까닭에.","<ruby>愛<rt>あい</rt></ruby>するがゆえに、あえて<ruby>厳<rt>きび</rt></ruby>しいことを<ruby>言<rt>い</rt></ruby>うのだ。","사랑하기 때문에 오히려 일부러 엄한 말을 하는 것이다.","<ruby>責任感<rt>せきにんかん</rt></ruby>が<ruby>強<rt>つよ</rt></ruby>いがゆえに、<ruby>一人<rt>ひとり</rt></ruby>で<ruby>抱<rt>かか</rt></ruby>え<ruby>込<rt>こ</rt></ruby>んでしまう。","책임감이 강하기 때문에 오히려 혼자 짊어지고 만다.","～ゆえに보다 인과의 뉘앙스가 더 강하고 수사적이다."
"N1-034","N1","～<ruby>訳<rt>わけ</rt></ruby>あり","문장 끝 / 명사 수식","사정이 있어서; 이유가 있는.","この<ruby>店<rt>みせ</rt></ruby>には、<ruby>少<rt>すこ</rt></ruby>し<ruby>傷<rt>きず</rt></ruby>のある<ruby>訳<rt>わけ</rt></ruby>あり<ruby>商品<rt>しょうひん</rt></ruby>が<ruby>並<rt>なら</rt></ruby>んでいる。","이 가게에는 약간 흠집이 있는 사정 있는 상품들이 진열되어 있다.","その<ruby>人<rt>ひと</rt></ruby>はどうやら<ruby>訳<rt>わけ</rt></ruby>ありらしく、<ruby>名前<rt>なまえ</rt></ruby>を<ruby>明<rt>あ</rt></ruby>かそうとしなかった。","그 사람은 아무래도 사정이 있는 듯 이름을 밝히려 하지 않았다.","～訳あって가 이유 제시라면, ～訳あり는 ‘사연 있음’ 자체를 말한다."
"N1-035","N1","～<ruby>訳<rt>わけ</rt></ruby>あって","문장 앞 / 문장 중","사정이 있어서.","<ruby>訳<rt>わけ</rt></ruby>あって、しばらくこの<ruby>町<rt>まち</rt></ruby>を<ruby>離<rt>はな</rt></ruby>れることになった。","사정이 있어서 잠시 이 마을을 떠나게 되었다.","<ruby>彼<rt>かれ</rt></ruby>は<ruby>訳<rt>わけ</rt></ruby>あって、きのうの<ruby>会合<rt>かいごう</rt></ruby>には<ruby>顔<rt>かお</rt></ruby>を<ruby>出<rt>だ</rt></ruby>せなかった。","그는 사정이 있어서 어제 모임에는 얼굴을 내밀 수 없었다.","～訳あり보다 구체적 행동의 이유를 말할 때 자연스럽다."
"N1-036","N1","～かと<ruby>思<rt>おも</rt></ruby>いきや","보통형 + かと思いきや","~인가 했더니 뜻밖에.","<ruby>彼<rt>かれ</rt></ruby>はすぐに<ruby>怒<rt>おこ</rt></ruby>るかと<ruby>思<rt>おも</rt></ruby>いきや、<ruby>静<rt>しず</rt></ruby>かに<ruby>笑<rt>わら</rt></ruby>っていた。","그는 곧 화낼 줄 알았더니 조용히 웃고 있었다.","この<ruby>町<rt>まち</rt></ruby>は<ruby>不便<rt>ふべん</rt></ruby>かと<ruby>思<rt>おも</rt></ruby>いきや、<ruby>暮<rt>く</rt></ruby>らしてみるととても<ruby>住<rt>す</rt></ruby>みやすい。","이 마을은 불편할 줄 알았더니 살아 보니 매우 살기 좋다.","～かと思ったら보다 더 문어적이고 반전감이 크다."
"N1-037","N1","～こそあれ","명사 + ～こそあれ","~은 있을지언정.","<ruby>多少<rt>たしょう</rt></ruby>の<ruby>不便<rt>ふべん</rt></ruby>こそあれ、この<ruby>土地<rt>とち</rt></ruby>には<ruby>静<rt>しず</rt></ruby>かで<ruby>豊<rt>ゆた</rt></ruby>かな<ruby>魅力<rt>みりょく</rt></ruby>がある。","다소 불편함은 있을지언정 이 땅에는 조용하고 풍부한 매력이 있다.","<ruby>小<rt>ちい</rt></ruby>さな<ruby>誤解<rt>ごかい</rt></ruby>こそあれ、<ruby>二人<rt>ふたり</rt></ruby>の<ruby>信頼関係<rt>しんらいかんけい</rt></ruby>は<ruby>揺<rt>ゆ</rt></ruby>らいでいない。","작은 오해는 있을지언정 두 사람의 신뢰 관계는 흔들리지 않았다.","～こそすれ～ない보다 뒤의 부정 제약이 없어서 더 완곡하다."
"N1-038","N1","～こそすれ～ない","동사 ます형 / 명사 + ～こそすれ～ない","~은 할지언정 ~하지는 않는다.","<ruby>心配<rt>しんぱい</rt></ruby>こそすれ、<ruby>彼<rt>かれ</rt></ruby>を<ruby>疑<rt>うたが</rt></ruby>うことはない。","걱정은 할지언정 그를 의심하지는 않는다.","<ruby>遅<rt>おく</rt></ruby>れこそすれ、<ruby>途中<rt>とちゅう</rt></ruby>で<ruby>投<rt>な</rt></ruby>げ<ruby>出<rt>だ</rt></ruby>すことはしない。","늦을지언정 중간에 내던지지는 않는다.","～こそあれ보다 앞뒤 대비와 부정 결의가 더 강하다."
"N1-039","N1","～たところで","동사 た형 + ～ところで","~한들, ~해 봤자.","いまさら<ruby>謝<rt>あやま</rt></ruby>ったところで、<ruby>失<rt>うしな</rt></ruby>った<ruby>信頼<rt>しんらい</rt></ruby>はすぐには<ruby>戻<rt>もど</rt></ruby>らない。","이제 와서 사과한들 잃어버린 신뢰는 곧바로 돌아오지 않는다.","どんなに<ruby>急<rt>いそ</rt></ruby>いだところで、<ruby>今日中<rt>きょうじゅう</rt></ruby>に<ruby>終<rt>お</rt></ruby>わる<ruby>仕事<rt>しごと</rt></ruby>ではない。","아무리 서둘러 본들 오늘 안에 끝날 일은 아니다.","～ても보다 ‘해도 소용없음’의 뉘앙스가 더 강하다."
"N1-040","N1","～ずとも","동사 ない형 어간 + ～ずとも","~하지 않아도.","<ruby>言葉<rt>ことば</rt></ruby>に<ruby>出<rt>だ</rt></ruby>さずとも、<ruby>彼女<rt>かのじょ</rt></ruby>の<ruby>気持<rt>きも</rt></ruby>ちは<ruby>伝<rt>つた</rt></ruby>わってきた。","말로 하지 않아도 그녀의 마음은 전해져 왔다.","わざわざ<ruby>見<rt>み</rt></ruby>せずとも、その<ruby>結果<rt>けっか</rt></ruby>はだれにでも<ruby>想像<rt>そうぞう</rt></ruby>がつく。","일부러 보여 주지 않아도 그 결과는 누구나 짐작할 수 있다.","～なくても보다 훨씬 문어적이다."
"N1-041","N1","～かれ～かれ","い형용사 어간 + ～かれ～かれ","~하든 ~하든; ~든 ~든.","<ruby>早<rt>はや</rt></ruby>かれ<ruby>遅<rt>おそ</rt></ruby>かれ、その<ruby>問題<rt>もんだい</rt></ruby>には<ruby>向<rt>む</rt></ruby>き<ruby>合<rt>あ</rt></ruby>わなければならない。","빠르든 늦든 그 문제에는 맞서야 한다.","よかれ<ruby>悪<rt>あ</rt></ruby>しかれ、<ruby>一度<rt>いちど</rt></ruby><ruby>決<rt>き</rt></ruby>めたなら<ruby>責任<rt>せきにん</rt></ruby>を<ruby>持<rt>も</rt></ruby>つべきだ。","좋든 나쁘든 한 번 정했다면 책임을 져야 한다.","고정된 짝 표현으로 자주 쓰이며 문어적이다."
"N1-042","N1","～であれ～であれ","명사 + であれ～명사 + であれ","~이든 ~이든.","<ruby>学生<rt>がくせい</rt></ruby>であれ<ruby>社会人<rt>しゃかいじん</rt></ruby>であれ、<ruby>基本的<rt>きほんてき</rt></ruby>な<ruby>礼儀<rt>れいぎ</rt></ruby>は<ruby>必要<rt>ひつよう</rt></ruby>だ。","학생이든 사회인이든 기본적인 예의는 필요하다.","<ruby>都会<rt>とかい</rt></ruby>であれ<ruby>地方<rt>ちほう</rt></ruby>であれ、この<ruby>傾向<rt>けいこう</rt></ruby>は<ruby>共通<rt>きょうつう</rt></ruby>している。","도시든 지방이든 이 경향은 공통적이다.","～にしろ～にしろ보다 훨씬 문어적이다."
"N1-043","N1","～であろうと","명사 / な형용사 + であろうと","~이든, ~라 할지라도.","<ruby>子<rt>こ</rt></ruby>どもであろうと、してはいけないことはある。","아이라 할지라도 해서는 안 되는 일이 있다.","どれほど<ruby>小<rt>ちい</rt></ruby>さな<ruby>組織<rt>そしき</rt></ruby>であろうと、<ruby>責任<rt>せきにん</rt></ruby>の<ruby>所在<rt>しょざい</rt></ruby>は<ruby>明確<rt>めいかく</rt></ruby>にすべきだ。","아무리 작은 조직이라 할지라도 책임 소재는 명확히 해야 한다.","～といえども와 비슷하지만 선택·양보의 문어 느낌이 더 강하다."
"N1-044","N1","～だろうに","보통형 + ～だろうに","~일 텐데; ~였을 텐데. 안타까움·원망이 섞인다.","もう<ruby>少<rt>すこ</rt></ruby>し<ruby>早<rt>はや</rt></ruby>く<ruby>相談<rt>そうだん</rt></ruby>してくれれば、<ruby>助<rt>たす</rt></ruby>けられただろうに。","조금만 더 빨리 상의해 주었더라면 도와줄 수 있었을 텐데.","そんなに<ruby>無理<rt>むり</rt></ruby>をしなければ、<ruby>体調<rt>たいちょう</rt></ruby>を<ruby>崩<rt>くず</rt></ruby>さずにすんだだろうに。","그렇게 무리하지 않았더라면 몸 상태를 망치지 않았을 텐데.","～のに보다 더 독백적이고 안타까움이 진하다."
"N1-045","N1","～といえども","명사 + といえども","~라 할지라도.","<ruby>初心者<rt>しょしんしゃ</rt></ruby>といえども、<ruby>基本<rt>きほん</rt></ruby>ルールは<ruby>守<rt>まも</rt></ruby>らねばならない。","초보자라 할지라도 기본 규칙은 지켜야 한다.","いかに<ruby>親友<rt>しんゆう</rt></ruby>といえども、<ruby>越<rt>こ</rt></ruby>えてはならない<ruby>一線<rt>いっせん</rt></ruby>がある。","아무리 친한 친구라 할지라도 넘어서는 안 되는 선이 있다.","～であろうと보다 명사 접속에 특화된 문어 표현이다."
"N1-046","N1","～ところを","보통형 + ～ところを","~하는데도; ~할 텐데도. 상대 사정을 알면서 미안함·비난을 담는다.","お<ruby>忙<rt>いそが</rt></ruby>しいところを、わざわざお<ruby>越<rt>こ</rt></ruby>しいただきありがとうございます。","바쁘신데도 일부러 와 주셔서 감사합니다.","<ruby>本来<rt>ほんらい</rt></ruby>なら<ruby>休<rt>やす</rt></ruby>んでいるところを、<ruby>無理<rt>むり</rt></ruby>に<ruby>手伝<rt>てつだ</rt></ruby>わせてしまった。","원래라면 쉬고 있을 텐데 무리하게 도와주게 하고 말았다.","～のに와 비슷하지만 상대의 상황을 배려하는 느낌이 더 강하다."
"N1-047","N1","～ないまでも","동사 ない형 + ～ないまでも","~하지는 않더라도; 적어도.","<ruby>毎日<rt>まいにち</rt></ruby><ruby>運動<rt>うんどう</rt></ruby>しないまでも、<ruby>週<rt>しゅう</rt></ruby>に<ruby>二回<rt>にかい</rt></ruby>ぐらいは<ruby>体<rt>からだ</rt></ruby>を<ruby>動<rt>うご</rt></ruby>かしたい。","매일 운동하지는 않더라도 주 2회 정도는 몸을 움직이고 싶다.","<ruby>完璧<rt>かんぺき</rt></ruby>でないまでも、<ruby>納得<rt>なっとく</rt></ruby>できる<ruby>説明<rt>せつめい</rt></ruby>はしてほしい。","완벽하지는 않더라도 납득할 수 있는 설명은 해 주었으면 한다.","～なくても와 달리 최소 기준을 남기는 느낌이 있다."
"N1-048","N1","～ならいざしらず","명사 + ならいざしらず","~라면 몰라도.","<ruby>子<rt>こ</rt></ruby>どもならいざしらず、<ruby>大人<rt>おとな</rt></ruby>がそんなことで<ruby>泣<rt>な</rt></ruby>くのはおかしい。","아이라면 몰라도 어른이 그런 일로 우는 것은 이상하다.","<ruby>一度<rt>いちど</rt></ruby>ならいざしらず、<ruby>何度<rt>なんど</rt></ruby>も<ruby>約束<rt>やくそく</rt></ruby>を<ruby>破<rt>やぶ</rt></ruby>るのは<ruby>許<rt>ゆる</rt></ruby>せない。","한 번이라면 몰라도 몇 번이나 약속을 어기는 것은 용서할 수 없다.","～ならまだしも보다 더 비판적이고 문어적이다."
"N1-049","N1","～はいざしらず","명사 + はいざしらず","~는 몰라도.","<ruby>昔<rt>むかし</rt></ruby>はともかく、<ruby>今<rt>いま</rt></ruby>はいざしらずそんな<ruby>方法<rt>ほうほう</rt></ruby>は<ruby>通用<rt>つうよう</rt></ruby>しない。","예전은 몰라도 지금은 그런 방법이 통하지 않는다.","<ruby>他人<rt>たにん</rt></ruby>はいざしらず、<ruby>家族<rt>かぞく</rt></ruby>にまで<ruby>黙<rt>だま</rt></ruby>っているわけにはいかない。","남은 몰라도 가족에게까지 숨기고 있을 수는 없다.","～ならいざしらず보다 주제를 먼저 제시하는 느낌이다."
"N1-050","N1","～ならまだしも","명사 / 보통형 + ～ならまだしも","~라면 그래도 낫지만.","<ruby>半日<rt>はんにち</rt></ruby>ならまだしも、<ruby>一週間<rt>いっしゅうかん</rt></ruby>も<ruby>連絡<rt>れんらく</rt></ruby>がないのは<ruby>不自然<rt>ふしぜん</rt></ruby>だ。","반나절이라면 그래도 낫지만 일주일이나 연락이 없는 것은 부자연스럽다.","<ruby>冗談<rt>じょうだん</rt></ruby>ならまだしも、<ruby>本気<rt>ほんき</rt></ruby>でそう<ruby>言<rt>い</rt></ruby>っているなら<ruby>問題<rt>もんだい</rt></ruby>だ。","농담이라면 그래도 낫지만 진심으로 그렇게 말하고 있다면 문제다.","～いざしらず보다 양보의 느낌이 조금 더 부드럽다."
"N1-051","N1","～なら～で","명사 / 보통형 + ～なら～で","~라면 ~대로.","<ruby>一人<rt>ひとり</rt></ruby>なら<ruby>一人<rt>ひとり</rt></ruby>で、<ruby>静<rt>しず</rt></ruby>かに<ruby>過<rt>す</rt></ruby>ごす<ruby>楽<rt>たの</rt></ruby>しさがある。","혼자라면 혼자인 대로 조용히 보내는 즐거움이 있다.","<ruby>難<rt>むずか</rt></ruby>しいなら<ruby>難<rt>むずか</rt></ruby>しいで、やりがいはある。","어렵다면 어려운 대로 보람은 있다.","～なりに가 수준 적응이라면, ～なら～では 조건을 받아 평가한다."
"N1-052","N1","～も<ruby>顧<rt>かえり</rt></ruby>みず","명사 + も顧みず","~도 돌보지 않고.","<ruby>彼<rt>かれ</rt></ruby>は<ruby>危険<rt>きけん</rt></ruby>も<ruby>顧<rt>かえり</rt></ruby>みず、<ruby>川<rt>かわ</rt></ruby>に<ruby>飛<rt>と</rt></ruby>び<ruby>込<rt>こ</rt></ruby>んで<ruby>子<rt>こ</rt></ruby>どもを<ruby>助<rt>たす</rt></ruby>けた。","그는 위험도 돌보지 않고 강에 뛰어들어 아이를 구했다.","<ruby>周囲<rt>しゅうい</rt></ruby>の<ruby>反対<rt>はんたい</rt></ruby>も<ruby>顧<rt>かえり</rt></ruby>みず、<ruby>自分<rt>じぶん</rt></ruby>の<ruby>信念<rt>しんねん</rt></ruby>を<ruby>貫<rt>つらぬ</rt></ruby>いた。","주위의 반대도 돌보지 않고 자신의 신념을 관철했다.","を顧みず보다 앞 대상이 더 포괄적으로 느껴진다."
"N1-053","N1","～を<ruby>顧<rt>かえり</rt></ruby>みず","명사 + を顧みず","~을 돌아보지 않고; ~을 무시하고.","<ruby>体面<rt>ていめん</rt></ruby>を<ruby>顧<rt>かえり</rt></ruby>みず、ただ<ruby>真実<rt>しんじつ</rt></ruby>だけを<ruby>語<rt>かた</rt></ruby>った。","체면을 돌아보지 않고 오직 진실만을 말했다.","<ruby>自分<rt>じぶん</rt></ruby>の<ruby>利益<rt>りえき</rt></ruby>を<ruby>顧<rt>かえり</rt></ruby>みず、<ruby>地域<rt>ちいき</rt></ruby>のために<ruby>尽<rt>つ</rt></ruby>くした。","자신의 이익을 돌보지 않고 지역을 위해 힘썼다.","も顧みず보다 목적어를 좀 더 분명히 직접 제시한다."
"N1-054","N1","～ものを","보통형 + ～ものを","~할 것을; ~했으면 됐을 텐데.","ひと言<ruby>相談<rt>そうだん</rt></ruby>してくれればよかったものを、なぜ<ruby>一人<rt>ひとり</rt></ruby>で<ruby>決<rt>き</rt></ruby>めてしまったのか。","한마디 상의해 주면 됐을 텐데 왜 혼자 결정해 버린 걸까.","すぐ<ruby>近<rt>ちか</rt></ruby>くに<ruby>病院<rt>びょういん</rt></ruby>があったものを、わざわざ<ruby>遠<rt>とお</rt></ruby>くまで<ruby>行<rt>い</rt></ruby>ってしまった。","바로 가까이에 병원이 있었을 텐데 일부러 멀리까지 가 버렸다.","～のに보다 원망·안타까움의 뉘앙스가 더 문어적으로 난다."
"N1-055","N1","～ようが","동사 의향형 + ～ようが","~하든, ~한다 해도.","<ruby>誰<rt>だれ</rt></ruby>が<ruby>何<rt>なに</rt></ruby>を<ruby>言<rt>い</rt></ruby>おうが、<ruby>私<rt>わたし</rt></ruby>の<ruby>決意<rt>けつい</rt></ruby>は<ruby>変<rt>か</rt></ruby>わらない。","누가 무엇을 말하든 내 결의는 변하지 않는다.","どれほど<ruby>反対<rt>はんたい</rt></ruby>されようが、<ruby>必要<rt>ひつよう</rt></ruby>なことならやるしかない。","아무리 반대받든 필요한 일이라면 할 수밖에 없다.","～ようと와 뜻은 비슷하지만 조금 더 문어적이다."
"N1-056","N1","～ようと","동사 의향형 + ～ようと","~하든, ~하려고 하든. 양보를 나타내는 문어 표현.","<ruby>誰<rt>だれ</rt></ruby>が<ruby>何<rt>なに</rt></ruby>を<ruby>言<rt>い</rt></ruby>おうと、<ruby>彼<rt>かれ</rt></ruby>の<ruby>決意<rt>けつい</rt></ruby>は<ruby>変<rt>か</rt></ruby>わらなかった。","누가 무엇을 말하든 그의 결의는 변하지 않았다.","どれほど<ruby>反対<rt>はんたい</rt></ruby>されようと、<ruby>必要<rt>ひつよう</rt></ruby>な<ruby>改革<rt>かいかく</rt></ruby>は<ruby>進<rt>すす</rt></ruby>めるべきだ。","아무리 반대받든 필요한 개혁은 추진해야 한다.","～ようが와 뜻은 거의 같고, 둘 다 매우 문어적이다."
"N1-057","N1","～ようが～まいが","동사 의향형 + ～ようが + 동사 기본형 + まいが","~하든 안 하든.","<ruby>彼<rt>かれ</rt></ruby>が<ruby>来<rt>こ</rt></ruby>ようが<ruby>来<rt>く</rt></ruby>るまいが、<ruby>会議<rt>かいぎ</rt></ruby>は<ruby>予定<rt>よてい</rt></ruby><ruby>通<rt>どお</rt></ruby>り<ruby>行<rt>おこな</rt></ruby>う。","그가 오든 안 오든 회의는 예정대로 진행한다.","<ruby>信<rt>しん</rt></ruby>じようが<ruby>信<rt>しん</rt></ruby>じるまいが、それが<ruby>事実<rt>じじつ</rt></ruby>であることに<ruby>変<rt>か</rt></ruby>わりはない。","믿든 안 믿든 그것이 사실이라는 점은 변하지 않는다.","긍정·부정을 모두 양보하는 완전 양보다."
"N1-058","N1","～ようと～まいと","동사 의향형 + ～ようと + 동사 기본형 + まいと","~하든 안 하든.","<ruby>本人<rt>ほんにん</rt></ruby>が<ruby>認<rt>みと</rt></ruby>めようと<ruby>認<rt>みと</rt></ruby>めまいと、<ruby>記録<rt>きろく</rt></ruby>にははっきり<ruby>残<rt>のこ</rt></ruby>っている。","본인이 인정하든 안 하든 기록에는 분명히 남아 있다.","<ruby>雨<rt>あめ</rt></ruby>が<ruby>降<rt>ふ</rt></ruby>ろうと<ruby>降<rt>ふ</rt></ruby>るまいと、<ruby>明日<rt>あした</rt></ruby>の<ruby>行事<rt>ぎょうじ</rt></ruby>は<ruby>実施<rt>じっし</rt></ruby>される。","비가 오든 안 오든 내일 행사는 실시된다.","～ようが～まいが와 뜻은 같고, ～ようと～まいと가 조금 더 딱딱하다."
"N1-059","N1","～をおして","명사 + ～をおして","~을 무릅쓰고.","<ruby>医師<rt>いし</rt></ruby>の<ruby>反対<rt>はんたい</rt></ruby>をおして、<ruby>彼<rt>かれ</rt></ruby>は<ruby>大会<rt>たいかい</rt></ruby>に<ruby>出場<rt>しゅつじょう</rt></ruby>した。","의사의 반대를 무릅쓰고 그는 대회에 출전했다.","<ruby>体調<rt>たいちょう</rt></ruby><ruby>不良<rt>ふりょう</rt></ruby>をおして<ruby>会場<rt>かいじょう</rt></ruby>に<ruby>向<rt>む</rt></ruby>かったが、やはり<ruby>途中<rt>とちゅう</rt></ruby>で<ruby>倒<rt>たお</rt></ruby>れてしまった。","몸 상태가 좋지 않은 것을 무릅쓰고 행사장으로 향했지만 결국 중간에 쓰러지고 말았다.","～も顧みず가 무시라면, ～をおして는 강행에 초점이 있다."
"N1-060","N1","～きらいがある","동사 기본형 / 명사 + の + ～きらいがある","~하는 경향이 있다. 주로 부정적 경향을 비판적으로 말한다.","この<ruby>会社<rt>かいしゃ</rt></ruby>は<ruby>短期的<rt>たんきてき</rt></ruby>な<ruby>利益<rt>りえき</rt></ruby>を<ruby>優先<rt>ゆうせん</rt></ruby>しすぎるきらいがある。","이 회사는 단기적인 이익을 지나치게 우선하는 경향이 있다.","<ruby>彼<rt>かれ</rt></ruby>には<ruby>他人<rt>たにん</rt></ruby>の<ruby>助言<rt>じょげん</rt></ruby>を<ruby>軽<rt>かる</rt></ruby>く<ruby>見<rt>み</rt></ruby>るきらいがある。","그에게는 타인의 조언을 가볍게 보는 경향이 있다.","N2의 ～がち보다 더 문어적이고 비판적이다."
"N1-061","N1","～をおろそかにする","명사 + ～をおろそかにする","~을 소홀히 하다.","<ruby>基本<rt>きほん</rt></ruby>をおろそかにしては、<ruby>応用<rt>おうよう</rt></ruby>など<ruby>身<rt>み</rt></ruby>につかない。","기본을 소홀히 해서는 응용 따위는 몸에 익지 않는다.","<ruby>健康<rt>けんこう</rt></ruby><ruby>管理<rt>かんり</rt></ruby>をおろそかにした<ruby>結果<rt>けっか</rt></ruby>、<ruby>長期<rt>ちょうき</rt></ruby><ruby>入院<rt>にゅういん</rt></ruby>することになった。","건강 관리를 소홀히 한 결과 장기 입원하게 되었다.","N2의 ～ないがしろにする보다 더 문어적이고 공적이다."
"N1-062","N1","～始末だ","보통형 + ～始末だ","결국 ~하는 꼴이다. 나쁜 결말에 대한 한탄·비판이다.","<ruby>注意<rt>ちゅうい</rt></ruby>しても<ruby>聞<rt>き</rt></ruby>かず、ついには<ruby>大<rt>おお</rt></ruby>けがをする<ruby>始末<rt>しまつ</rt></ruby>だ。","주의해도 듣지 않고 결국 크게 다치는 꼴이다.","<ruby>節約<rt>せつやく</rt></ruby>するつもりが、<ruby>衝動買<rt>しょうどうが</rt></ruby>いを<ruby>繰<rt>く</rt></ruby>り<ruby>返<rt>かえ</rt></ruby>して<ruby>借金<rt>しゃっきん</rt></ruby>まで<ruby>抱<rt>かか</rt></ruby>える<ruby>始末<rt>しまつ</rt></ruby>だった。","절약할 생각이었는데 충동구매를 반복해 빚까지 지는 꼴이었다.","N2의 ～あげく보다 더 한심함·비판이 강하다."
"N1-063","N1","～ではあるまいし","명사 + ～ではあるまいし","~도 아닌데.","<ruby>子供<rt>こども</rt></ruby>ではあるまいし、そんなことでいつまでもすねるな。","어린애도 아닌데 그런 일로 언제까지 토라지고 있지 마라.","ロボットではあるまいし、<ruby>休<rt>やす</rt></ruby>みなしで<ruby>働<rt>はたら</rt></ruby>けるわけがない。","로봇도 아닌데 쉬지 않고 일할 수 있을 리가 없다.","～でもあるまいし와 뜻은 같고, では형이 조금 더 딱딱하다."
"N1-064","N1","～でもあるまいし","명사 + ～でもあるまいし","~도 아닌데.","<ruby>初心者<rt>しょしんしゃ</rt></ruby>でもあるまいし、そんな<ruby>基本的<rt>きほんてき</rt></ruby>な<ruby>間違<rt>まちが</rt></ruby>いはしないでほしい。","초보자도 아닌데 그런 기본적인 실수는 하지 않았으면 한다.","<ruby>遠足<rt>えんそく</rt></ruby>でもあるまいし、そんな<ruby>大<rt>おお</rt></ruby>きな<ruby>荷物<rt>にもつ</rt></ruby>はいらないだろう。","소풍도 아닌데 그렇게 큰 짐은 필요 없을 것이다.","～じゃあるまいし는 이 표현의 더 구어적인 형태다."
"N1-065","N1","～ときたら","명사 + ～ときたら","~라고 하면, ~란 녀석은. 불만·실망을 담아 화제로 올린다.","うちの<ruby>弟<rt>おとうと</rt></ruby>ときたら、<ruby>試験前<rt>しけんまえ</rt></ruby>だというのにゲームばかりしている。","우리 남동생이란 녀석은 시험 전이라고 하는데도 게임만 하고 있다.","あの<ruby>店<rt>みせ</rt></ruby>の<ruby>対応<rt>たいおう</rt></ruby>ときたら、<ruby>二度<rt>にど</rt></ruby>と<ruby>行<rt>い</rt></ruby>きたくないほどひどかった。","그 가게의 대응이란 정말 두 번 다시 가고 싶지 않을 정도로 형편없었다.","친근한 대상에 대한 불만·푸념에 자주 쓴다."
"N1-066","N1","～ときている","보통형 + ～ときている","~한 형편이다. 안 좋은 조건이 겹침을 비판적으로 말한다.","あの<ruby>部屋<rt>へや</rt></ruby>は<ruby>狭<rt>せま</rt></ruby>い<ruby>上<rt>うえ</rt></ruby>に<ruby>日当<rt>ひあ</rt></ruby>たりまで<ruby>悪<rt>わる</rt></ruby>いときている。","그 방은 좁은 데다가 햇볕까지 잘 들지 않는 형편이다.","<ruby>給料<rt>きゅうりょう</rt></ruby>は<ruby>低<rt>ひく</rt></ruby>いし、<ruby>残業<rt>ざんぎょう</rt></ruby>も<ruby>多<rt>おお</rt></ruby>いときている。","급여는 낮고 잔업도 많은 형편이다.","～ときたら가 화제 제시라면, ～ときている는 상태 나열이 중심이다."
"N1-067","N1","～としたことが","명사 + ～としたことが","~답지 않게.","<ruby>慎重<rt>しんちょう</rt></ruby>な<ruby>彼<rt>かれ</rt></ruby>としたことが、<ruby>確認<rt>かくにん</rt></ruby>もせずに<ruby>印鑑<rt>いんかん</rt></ruby>を<ruby>押<rt>お</rt></ruby>した。","신중한 그답지 않게 확인도 하지 않고 도장을 찍었다.","<ruby>私<rt>わたし</rt></ruby>としたことが、こんな<ruby>大事<rt>だいじ</rt></ruby>な<ruby>約束<rt>やくそく</rt></ruby>を<ruby>忘<rt>わす</rt></ruby>れるとは。","나다운 사람이 이렇게 중요한 약속을 잊다니.","자기 자신이나 가까운 사람의 실수에 대한 놀라움·자책이다."
"N1-068","N1","～ともあろう","명사 + ともあろう + 명사","~쯤 되는 ~.","<ruby>一流<rt>いちりゅう</rt></ruby>の<ruby>料理人<rt>りょうりにん</rt></ruby>ともあろう<ruby>人<rt>ひと</rt></ruby>が、こんな<ruby>初歩的<rt>しょほてき</rt></ruby>な<ruby>失敗<rt>しっぱい</rt></ruby>をするとは。","일류 요리사쯤 되는 사람이 이런 초보적인 실수를 하다니.","<ruby>大臣<rt>だいじん</rt></ruby>ともあろう<ruby>人物<rt>じんぶつ</rt></ruby>が、<ruby>公<rt>おおやけ</rt></ruby>の<ruby>場<rt>ば</rt></ruby>であのような<ruby>発言<rt>はつげん</rt></ruby>をするとは<ruby>驚<rt>おどろ</rt></ruby>いた。","장관쯤 되는 인물이 공개석상에서 저런 발언을 하다니 놀라웠다.","높은 지위·능력의 사람에 대한 질책이 담긴다."
"N1-069","N1","～ともあろうものが","명사 + ともあろうものが","~쯤 되는 사람이.","<ruby>教育者<rt>きょういくしゃ</rt></ruby>ともあろうものが、<ruby>差別的<rt>さべつてき</rt></ruby>な<ruby>発言<rt>はつげん</rt></ruby>をするのは<ruby>許<rt>ゆる</rt></ruby>されない。","교육자쯤 되는 사람이 차별적인 발언을 하는 것은 용납되지 않는다.","<ruby>専門家<rt>せんもんか</rt></ruby>ともあろうものが、<ruby>基本<rt>きほん</rt></ruby>の<ruby>確認<rt>かくにん</rt></ruby>を<ruby>怠<rt>おこた</rt></ruby>るとは。","전문가쯤 되는 사람이 기본 확인을 게을리하다니.","～ともあろう보다 비난의 어조가 더 직접적이다."
"N1-070","N1","～にかこつけて","명사 + ～にかこつけて","~을 핑계로.","<ruby>出張<rt>しゅっちょう</rt></ruby>にかこつけて、<ruby>観光地<rt>かんこうち</rt></ruby>を<ruby>回<rt>まわ</rt></ruby>っていたのではないか。","출장을 핑계로 관광지를 돌아다녔던 것 아닌가.","<ruby>体調<rt>たいちょう</rt></ruby><ruby>不良<rt>ふりょう</rt></ruby>にかこつけて、<ruby>面倒<rt>めんどう</rt></ruby>な<ruby>仕事<rt>しごと</rt></ruby>を<ruby>避<rt>さ</rt></ruby>けるのはよくない。","몸 상태가 안 좋다는 것을 핑계로 귀찮은 일을 피하는 것은 좋지 않다.","～を口実に보다 더 문어적이고 비판적이다."
"N1-071","N1","～にもほどがある","명사 + にもほどがある","~에도 정도가 있다; 너무하다.","その<ruby>冗談<rt>じょうだん</rt></ruby>にもほどがある。<ruby>笑<rt>わら</rt></ruby>ってすませられない。","그 농담도 정도가 있다. 웃고 넘길 수 없다.","<ruby>忙<rt>いそが</rt></ruby>しいとはいえ、<ruby>連絡<rt>れんらく</rt></ruby>しないにもほどがある。","바쁘다고는 해도 연락하지 않는 것도 정도가 있다.","비판적 감정을 직접적이고 강하게 드러낸다."
"N1-072","N1","～まじき","동사 기본형 + ～まじき + 명사","~해서는 안 될 ~.","<ruby>許<rt>ゆる</rt></ruby>すまじき<ruby>行為<rt>こうい</rt></ruby>に、<ruby>誰<rt>だれ</rt></ruby>も<ruby>強<rt>つよ</rt></ruby>い<ruby>怒<rt>いか</rt></ruby>りを<ruby>覚<rt>おぼ</rt></ruby>えた。","용서해서는 안 될 행위에 모두가 강한 분노를 느꼈다.","<ruby>公務員<rt>こうむいん</rt></ruby>として<ruby>語<rt>かた</rt></ruby>るまじき<ruby>内容<rt>ないよう</rt></ruby>だとして、<ruby>問題<rt>もんだい</rt></ruby>になった。","공무원으로서 말해서는 안 될 내용이라 하여 문제가 되었다.","비난적 형용 수식 표현으로 매우 문어적이다."
"N1-073","N1","～あるまじき","명사 + にあるまじき + 명사","~답지 못한 ~.","<ruby>教師<rt>きょうし</rt></ruby>にあるまじき<ruby>言動<rt>げんどう</rt></ruby>として、<ruby>厳重<rt>げんじゅう</rt></ruby>な<ruby>注意<rt>ちゅうい</rt></ruby>がなされた。","교사답지 못한 언행으로 엄중한 주의가 내려졌다.","<ruby>医療<rt>いりょう</rt></ruby><ruby>従事者<rt>じゅうじしゃ</rt></ruby>にあるまじき<ruby>怠慢<rt>たいまん</rt></ruby>だという<ruby>批判<rt>ひはん</rt></ruby>が<ruby>集<rt>あつ</rt></ruby>まった。","의료 종사자답지 못한 태만이라는 비판이 모였다.","～まじき보다 명사의 사회적 자격·지위와의 부조화를 드러낸다."
"N1-074","N1","～もしないで","동사 ます형 + もしないで","~하지도 않고.","<ruby>確認<rt>かくにん</rt></ruby>もしないで<ruby>書類<rt>しょるい</rt></ruby>を<ruby>提出<rt>ていしゅつ</rt></ruby>するから、あとで<ruby>困<rt>こま</rt></ruby>ることになる。","확인도 하지 않고 서류를 제출하니 나중에 곤란해진다.","<ruby>謝<rt>あやま</rt></ruby>りもしないで、まるで<ruby>自分<rt>じぶん</rt></ruby>は<ruby>悪<rt>わる</rt></ruby>くないという<ruby>顔<rt>かお</rt></ruby>をしていた。","사과도 하지 않고 마치 자기는 잘못이 없다는 얼굴을 하고 있었다.","N5/N4의 ～ないで보다 비판의 뉘앙스가 더 뚜렷하다."
"N1-075","N1","～をいいことに","명사 / 보통형 + のをいいことに","~을 좋은 기회로 삼아(나쁘게 이용하여).","<ruby>親<rt>おや</rt></ruby>が<ruby>留守<rt>るす</rt></ruby>なのをいいことに、<ruby>友達<rt>ともだち</rt></ruby>を<ruby>大勢<rt>おおぜい</rt></ruby><ruby>呼<rt>よ</rt></ruby>んで<ruby>騒<rt>さわ</rt></ruby>いでいた。","부모가 집에 없는 것을 좋은 기회로 삼아 친구들을 많이 불러 떠들고 있었다.","<ruby>上司<rt>じょうし</rt></ruby>が<ruby>気<rt>き</rt></ruby>づかないのをいいことに、<ruby>作業<rt>さぎょう</rt></ruby>をさぼっていた。","상사가 눈치채지 못하는 것을 좋은 기회로 삼아 일을 게을리하고 있었다.","상황을 악용하는 비판이 담긴다."
"N1-076","N1","～をよそに","명사 + をよそに","~을 아랑곳하지 않고.","<ruby>周囲<rt>しゅうい</rt></ruby>の<ruby>反対<rt>はんたい</rt></ruby>をよそに、<ruby>彼<rt>かれ</rt></ruby>は<ruby>計画<rt>けいかく</rt></ruby>を<ruby>進<rt>すす</rt></ruby>めた。","주위의 반대를 아랑곳하지 않고 그는 계획을 추진했다.","<ruby>家族<rt>かぞく</rt></ruby>の<ruby>心配<rt>しんぱい</rt></ruby>をよそに、<ruby>息子<rt>むすこ</rt></ruby>は<ruby>夜遅<rt>よるおそ</rt></ruby>くまで<ruby>遊<rt>あそ</rt></ruby>び<ruby>歩<rt>ある</rt></ruby>いていた。","가족의 걱정을 아랑곳하지 않고 아들은 밤늦게까지 놀러 다니고 있었다.","～をいいことに가 악용이면, ～をよそに는 무시·방치가 중심이다."
"N1-077","N1","～ずにはおかない","동사 ない형 어간 + ～ずにはおかない","반드시 ~하게 만든다; ~하지 않고는 못 배기게 한다.","あの<ruby>映画<rt>えいが</rt></ruby>は、<ruby>観客<rt>かんきゃく</rt></ruby>を<ruby>涙<rt>なみだ</rt></ruby>させずにはおかない。","그 영화는 관객을 반드시 울리고 만다.","その<ruby>不正<rt>ふせい</rt></ruby>は、やがて<ruby>組織<rt>そしき</rt></ruby><ruby>全体<rt>ぜんたい</rt></ruby>に<ruby>混乱<rt>こんらん</rt></ruby>をもたらさずにはおかない。","그 부정은 머지않아 조직 전체에 혼란을 가져오고 만다.","자연적·심리적 불가항력의 느낌이 강하다."
"N1-078","N1","～ないではおかない","동사 ない형 + ではおかない","반드시 ~하게 만든다; ~하지 않고는 못 배기게 한다.","<ruby>彼女<rt>かのじょ</rt></ruby>の<ruby>演奏<rt>えんそう</rt></ruby>は、<ruby>聴<rt>き</rt></ruby>く<ruby>人<rt>ひと</rt></ruby>を<ruby>感動<rt>かんどう</rt></ruby>させないではおかない。","그녀의 연주는 듣는 사람을 반드시 감동시키고 만다.","その<ruby>発言<rt>はつげん</rt></ruby>は、<ruby>世論<rt>よろん</rt></ruby>を<ruby>動<rt>うご</rt></ruby>かさないではおかないだろう。","그 발언은 여론을 반드시 움직이고 말 것이다.","～ずにはおかない의 같은 뜻의 덜 압축된 형태다."
"N1-079","N1","～ずにはすまない","동사 ない형 어간 + ～ずにはすまない","~하지 않고는 안 된다. 도리상 꼭 해야 한다.","これだけの<ruby>迷惑<rt>めいわく</rt></ruby>をかけたのだから、<ruby>謝<rt>あやま</rt></ruby>らずにはすまない。","이만큼 폐를 끼쳤으니 사과하지 않고는 안 된다.","この<ruby>責任<rt>せきにん</rt></ruby>は、だれかが<ruby>取<rt>と</rt></ruby>らずにはすまないだろう。","이 책임은 누군가가 지지 않고는 안 될 것이다.","～ずにはおかない가 불가항력이면, 이쪽은 도의적 의무다."
"N1-080","N1","～ないではすまない","동사 ない형 + ではすまない","~하지 않고는 안 된다. 도리상 그냥 넘어갈 수 없다.","<ruby>約束<rt>やくそく</rt></ruby>を<ruby>破<rt>やぶ</rt></ruby>ったのだから、<ruby>説明<rt>せつめい</rt></ruby>しないではすまない。","약속을 어겼으니 설명하지 않고는 안 된다.","こんな<ruby>重大<rt>じゅうだい</rt></ruby>な<ruby>問題<rt>もんだい</rt></ruby>が<ruby>起<rt>お</rt></ruby>きた<ruby>以上<rt>いじょう</rt></ruby>、<ruby>責任者<rt>せきにんしゃ</rt></ruby>は<ruby>出<rt>で</rt></ruby>てこないではすまない。","이렇게 중대한 문제가 일어난 이상 책임자는 나서지 않고는 안 된다.","～ずにはすまない와 뜻은 같고, 더 풀어 쓴 형태다."
"N1-081","N1","～を余儀なくされる","명사 + を + ～余儀なくされる","~을 어쩔 수 없이 하게 되다.","<ruby>会社<rt>かいしゃ</rt></ruby>の<ruby>方針<rt>ほうしん</rt></ruby><ruby>変更<rt>へんこう</rt></ruby>により、<ruby>計画<rt>けいかく</rt></ruby>の<ruby>全面的<rt>ぜんめんてき</rt></ruby>な<ruby>見直<rt>みなお</rt></ruby>しを<ruby>余儀<rt>よぎ</rt></ruby>なくされた。","회사의 방침 변경으로 인해 계획을 전면적으로 재검토할 수밖에 없게 되었다.","<ruby>突然<rt>とつぜん</rt></ruby>の<ruby>大雨<rt>おおあめ</rt></ruby>で、<ruby>主催者<rt>しゅさいしゃ</rt></ruby>は<ruby>大会<rt>たいかい</rt></ruby>の<ruby>中止<rt>ちゅうし</rt></ruby>を<ruby>余儀<rt>よぎ</rt></ruby>なくされた。","갑작스러운 폭우로 주최 측은 대회를 중지할 수밖에 없게 되었다.","～ざるを得ない가 주체의 판단이면, ～を余儀なくされる는 외부 사정에 의한 강제다."
"N1-082","N1","～てかなわない","동사 て형 / い형용사 くて + ～かなわない","~해서 참을 수 없다.","<ruby>隣<rt>となり</rt></ruby>の<ruby>工事<rt>こうじ</rt></ruby>が<ruby>朝<rt>あさ</rt></ruby>からうるさくてかなわない。","옆 공사가 아침부터 시끄러워서 참을 수 없다.","このところ<ruby>肩<rt>かた</rt></ruby>が<ruby>重<rt>おも</rt></ruby>くてかなわないので、<ruby>病院<rt>びょういん</rt></ruby>へ<ruby>行<rt>い</rt></ruby>くことにした。","요즘 어깨가 너무 무거워서 견딜 수 없어 병원에 가기로 했다.","～てたまらない보다 외부 사정 때문에 괴롭다는 느낌이 강하다."
"N1-083","N1","～てはかなわない","동사 て형 / い형용사 くては + かなわない","~해서는 참을 수 없다.","こんなに<ruby>暑<rt>あつ</rt></ruby>くてはかなわないから、<ruby>早<rt>はや</rt></ruby>く<ruby>冷房<rt>れいぼう</rt></ruby>を<ruby>入<rt>い</rt></ruby>れてほしい。","이렇게 더워서는 참을 수 없으니 빨리 냉방을 켰으면 한다.","<ruby>毎晩<rt>まいばん</rt></ruby><ruby>遅<rt>おそ</rt></ruby>くまで<ruby>騒<rt>さわ</rt></ruby>がれてはかなわない。","매일 밤늦게까지 떠들어 대면 견딜 수가 없다.","～てかなわない보다 조건을 받아 불만을 말하는 느낌이 더 강하다."
"N1-084","N1","～を禁じ得ない","명사 + を + ～禁じ得ない","~을 금할 수 없다; 절로 ~하게 된다.","その<ruby>記録映像<rt>きろくえいぞう</rt></ruby>を<ruby>見<rt>み</rt></ruby>て、<ruby>涙<rt>なみだ</rt></ruby>を<ruby>禁<rt>きん</rt></ruby>じ<ruby>得<rt>え</rt></ruby>なかった。","그 기록 영상을 보고 눈물을 금할 수 없었다.","あまりにも<ruby>不自然<rt>ふしぜん</rt></ruby>な<ruby>説明<rt>せつめい</rt></ruby>に、<ruby>疑問<rt>ぎもん</rt></ruby>を<ruby>禁<rt>きん</rt></ruby>じ<ruby>得<rt>え</rt></ruby>ない。","너무나 부자연스러운 설명에 의문을 금할 수 없다.","감정 명사와 잘 결합하며, 격식 있는 문어 표현이다."
"N1-085","N1","～てやまない","동사 て형 + ～やまない","~해 마지않다; 계속 ~하다.","<ruby>先生<rt>せんせい</rt></ruby>は、<ruby>卒業生<rt>そつぎょうせい</rt></ruby>たちの<ruby>活躍<rt>かつやく</rt></ruby>を<ruby>願<rt>ねが</rt></ruby>ってやまない。","선생님은 졸업생들의 활약을 간절히 바라고 있다.","<ruby>地域<rt>ちいき</rt></ruby>の<ruby>人々<rt>ひとびと</rt></ruby>は、<ruby>失踪<rt>しっそう</rt></ruby>した<ruby>少年<rt>しょうねん</rt></ruby>の<ruby>無事<rt>ぶじ</rt></ruby>を<ruby>祈<rt>いの</rt></ruby>ってやまない。","지역 사람들은 실종된 소년의 무사를 간절히 빌고 있다.","감정이 오래 지속되는 바람·기원을 문어적으로 나타낸다."
"N1-086","N1","～極まる","な형용사 어간 + ～極まる","극히 ~하다.","<ruby>彼<rt>かれ</rt></ruby>の<ruby>発言<rt>はつげん</rt></ruby>は<ruby>無責任<rt>むせきにん</rt></ruby><ruby>極<rt>きわ</rt></ruby>まるものだった。","그의 발언은 극히 무책임한 것이었다.","あの<ruby>対応<rt>たいおう</rt></ruby>は<ruby>失礼<rt>しつれい</rt></ruby><ruby>極<rt>きわ</rt></ruby>まると<ruby>言<rt>い</rt></ruby>わざるを<ruby>得<rt>え</rt></ruby>ない。","그 대응은 극히 무례하다고 하지 않을 수 없다.","주로 비판적 맥락에서 많이 쓰인다."
"N1-087","N1","～極まりない","な형용사 어간 + ～極まりない","더할 나위 없이 ~하다.","<ruby>説明不足<rt>せつめいぶそく</rt></ruby>のまま<ruby>決定<rt>けってい</rt></ruby>を<ruby>下<rt>くだ</rt></ruby>すのは、<ruby>危険<rt>きけん</rt></ruby><ruby>極<rt>きわ</rt></ruby>まりない。","설명이 부족한 채 결정을 내리는 것은 더없이 위험하다.","こんな<ruby>初歩的<rt>しょほてき</rt></ruby>な<ruby>誤<rt>あやま</rt></ruby>りを<ruby>繰<rt>く</rt></ruby>り<ruby>返<rt>かえ</rt></ruby>すとは、<ruby>遺憾<rt>いかん</rt></ruby><ruby>極<rt>きわ</rt></ruby>まりない。","이런 초보적인 실수를 반복하다니 매우 유감스럽다.","～極まる보다 서술적 형용 표현으로 더 자주 쓰인다."
"N1-088","N1","～の極み","명사 + の + ～極み","~의 극치.","<ruby>露天風呂<rt>ろてんぶろ</rt></ruby>で<ruby>雪景色<rt>ゆきげしき</rt></ruby>を<ruby>眺<rt>なが</rt></ruby>めるなんて、<ruby>贅沢<rt>ぜいたく</rt></ruby>の<ruby>極<rt>きわ</rt></ruby>みだ。","노천탕에서 설경을 바라보다니 사치의 극치다.","<ruby>受賞<rt>じゅしょう</rt></ruby>の<ruby>報<rt>しら</rt></ruby>せを<ruby>聞<rt>き</rt></ruby>いた<ruby>彼女<rt>かのじょ</rt></ruby>は、<ruby>感激<rt>かんげき</rt></ruby>の<ruby>極<rt>きわ</rt></ruby>みにあった。","수상 소식을 들은 그녀는 감격의 극치에 있었다.","명사에 붙어 상태의 정점을 나타낸다."
"N1-089","N1","～といったらない","い형용사 / な형용사 + ～といったらない","말할 수 없을 정도로 ~하다.","ひさしぶりに<ruby>故郷<rt>こきょう</rt></ruby>の<ruby>友人<rt>ゆうじん</rt></ruby>に<ruby>会<rt>あ</rt></ruby>えて、うれしいといったらなかった。","오랜만에 고향 친구를 만나서 기쁘기 말할 수 없었다.","この<ruby>坂道<rt>さかみち</rt></ruby>は<ruby>急<rt>きゅう</rt></ruby>で、<ruby>自転車<rt>じてんしゃ</rt></ruby>では<ruby>危険<rt>きけん</rt></ruby>といったらない。","이 비탈길은 가팔라서 자전거로는 위험하기 짝이 없다.","격식·비격식을 가리지 않고 폭넓게 쓴다."
"N1-090","N1","～ったらない","い형용사 / な형용사 + ～ったらない","말할 수 없을 정도로 ~하다.","<ruby>真夏<rt>まなつ</rt></ruby>の<ruby>満員電車<rt>まんいんでんしゃ</rt></ruby>は<ruby>暑<rt>あつ</rt></ruby>いったらない。","한여름 만원 전철은 덥기 이루 말할 수 없다.","その<ruby>待<rt>ま</rt></ruby>ち<ruby>時間<rt>じかん</rt></ruby>の<ruby>長<rt>なが</rt></ruby>さったらない。<ruby>三時間<rt>さんじかん</rt></ruby>もかかった。","그 대기 시간의 길이란 이루 말할 수 없었다. 세 시간이나 걸렸다.","～といったらない의 더 구어적인 형태다."
"N1-091","N1","～なんという","문장 앞 / 명사 앞에서","얼마나 ~한지; 대체 무슨 ~한.","なんという<ruby>偶然<rt>ぐうぜん</rt></ruby>だろう。こんな<ruby>場所<rt>ばしょ</rt></ruby>でまた<ruby>会<rt>あ</rt></ruby>うなんて。","얼마나 놀라운 우연인가. 이런 곳에서 다시 만나다니.","なんという<ruby>見事<rt>みごと</rt></ruby>な<ruby>演技<rt>えんぎ</rt></ruby>だろうと、<ruby>観客<rt>かんきゃく</rt></ruby>は<ruby>息<rt>いき</rt></ruby>をのんだ。","얼마나 훌륭한 연기인가 하며 관객은 숨을 삼켰다.","명사를 직접 꾸미며 감탄을 강하게 드러낸다."
"N1-092","N1","～なんと","문장 앞에서","얼마나; 무려.","なんと<ruby>美<rt>うつく</rt></ruby>しい<ruby>景色<rt>けしき</rt></ruby>だろう。","얼마나 아름다운 경치인가.","なんと<ruby>彼<rt>かれ</rt></ruby>は<ruby>一人<rt>ひとり</rt></ruby>でその<ruby>作業<rt>さぎょう</rt></ruby>をやり<ruby>遂<rt>と</rt></ruby>げた。","무려 그는 혼자서 그 작업을 해냈다.","감탄이나 놀라움을 문장 전체에 걸쳐 나타낸다."
"N1-093","N1","～なんて","문장 앞에서","얼마나; ~라니.","なんて<ruby>静<rt>しず</rt></ruby>かな<ruby>夜<rt>よる</rt></ruby>なんだろう。","얼마나 고요한 밤인가.","なんて<ruby>失礼<rt>しつれい</rt></ruby>な<ruby>言<rt>い</rt></ruby>い<ruby>方<rt>かた</rt></ruby>をするのだろう。","얼마나 무례한 말투를 쓰는가.","～なんと보다 더 구어적이고 감정이 직접적이다."
"N1-094","N1","～の至り","명사 + の + ～至り","~의 지극함.","このようなお<ruby>言葉<rt>ことば</rt></ruby>をいただき、<ruby>光栄<rt>こうえい</rt></ruby>の<ruby>至<rt>いた</rt></ruby>りです。","이런 말씀을 듣게 되어 영광의 지극함입니다.","あの<ruby>振<rt>ふ</rt></ruby>る<ruby>舞<rt>ま</rt></ruby>いは、まさに<ruby>若気<rt>わかげ</rt></ruby>の<ruby>至<rt>いた</rt></ruby>りだった。","그 행동은 실로 젊은 혈기의 소치였다.","～の極み보다 더 공손하고 관용적으로 쓰인다."
"N1-095","N1","～の極み","명사 + の + ～極み","~의 극치.","<ruby>徹夜続<rt>てつやつづ</rt></ruby>きで、<ruby>彼<rt>かれ</rt></ruby>は<ruby>疲労<rt>ひろう</rt></ruby>の<ruby>極<rt>きわ</rt></ruby>みにあった。","밤샘이 계속되어 그는 피로의 극치에 있었다.","その<ruby>宮殿<rt>きゅうでん</rt></ruby>は、<ruby>贅沢<rt>ぜいたく</rt></ruby>の<ruby>極<rt>きわ</rt></ruby>みを<ruby>尽<rt>つ</rt></ruby>くした<ruby>造<rt>つく</rt></ruby>りだった。","그 궁전은 사치의 극치를 다한 구조였다.","같은 형태라도 ～の至り보다 격식은 약하고 용법은 더 넓다."
"N1-096","N1","～のなんのって","보통형 + ～のなんのって","얼마나 ~한지.","きのうの<ruby>山道<rt>やまみち</rt></ruby>は<ruby>険<rt>けわ</rt></ruby>しいのなんのって、<ruby>途中<rt>とちゅう</rt></ruby>で<ruby>何度<rt>なんど</rt></ruby>も<ruby>休<rt>やす</rt></ruby>んだ。","어제의 산길은 얼마나 험했는지 중간에 몇 번이나 쉬었다.","その<ruby>子<rt>こ</rt></ruby>の<ruby>泣<rt>な</rt></ruby>き<ruby>声<rt>ごえ</rt></ruby>が<ruby>大<rt>おお</rt></ruby>きいのなんのって、<ruby>部屋中<rt>へやじゅう</rt></ruby>に<ruby>響<rt>ひび</rt></ruby>いた。","그 아이의 울음소리가 얼마나 컸던지 방 안 가득 울려 퍼졌다.","매우 구어적이며 과장된 회화 표현이다."
"N1-097","N1","～のなんの","보통형 + ～のなんの","얼마나 ~한지.","その<ruby>料理<rt>りょうり</rt></ruby>がおいしいのなんの、みんな<ruby>無言<rt>むごん</rt></ruby>で<ruby>食<rt>た</rt></ruby>べ<ruby>続<rt>つづ</rt></ruby>けた。","그 요리가 얼마나 맛있던지 모두 말없이 계속 먹었다.","<ruby>準備<rt>じゅんび</rt></ruby>が<ruby>大変<rt>たいへん</rt></ruby>なのなんの、<ruby>前日<rt>ぜんじつ</rt></ruby>はほとんど<ruby>眠<rt>ねむ</rt></ruby>れなかった。","준비가 얼마나 힘들었는지 전날은 거의 잠을 못 잤다.","～のなんのって의 더 압축된 형태다."
"N1-098","N1","～かぎりだ","い형용사 / な형용사 な + ～かぎりだ","더할 나위 없이 ~하다.","<ruby>昔<rt>むかし</rt></ruby>の<ruby>先生<rt>せんせい</rt></ruby>にまた<ruby>会<rt>あ</rt></ruby>えるなんて、うれしいかぎりだ。","옛 선생님을 다시 만날 수 있다니 더없이 기쁘다.","この<ruby>結果<rt>けっか</rt></ruby>を<ruby>見<rt>み</rt></ruby>ると、<ruby>残念<rt>ざんねん</rt></ruby>なかぎりだ。","이 결과를 보면 더없이 안타깝다.","감정을 정중하고 문어적으로 강조한다."
"N1-099","N1","～をおいてほかに(は)～ない","명사 + をおいてほかに(は) + 부정","~을 제외하고는 없다.","この<ruby>役割<rt>やくわり</rt></ruby>を<ruby>任<rt>まか</rt></ruby>せられるのは、<ruby>彼女<rt>かのじょ</rt></ruby>をおいてほかにいない。","이 역할을 맡길 수 있는 사람은 그녀 외에는 없다.","この<ruby>状況<rt>じょうきょう</rt></ruby>を<ruby>打開<rt>だかい</rt></ruby>する<ruby>方法<rt>ほうほう</rt></ruby>は、<ruby>対話<rt>たいわ</rt></ruby>をおいてほかにない。","이 상황을 타개할 방법은 대화 외에는 없다.","유일한 최선의 대상만을 배타적으로 한정한다."
"N1-100","N1","～すら","명사 + ～すら","~조차.","<ruby>疲<rt>つか</rt></ruby>れすぎて、<ruby>夕食<rt>ゆうしょく</rt></ruby>すら<ruby>取<rt>と</rt></ruby>らずに<ruby>眠<rt>ねむ</rt></ruby>ってしまった。","너무 지쳐서 저녁조차 먹지 않고 잠들어 버렸다.","その<ruby>町<rt>まち</rt></ruby>では、<ruby>清潔<rt>せいけつ</rt></ruby>な<ruby>水<rt>みず</rt></ruby>すら<ruby>十分<rt>じゅうぶん</rt></ruby>に<ruby>手<rt>て</rt></ruby>に<ruby>入<rt>はい</rt></ruby>らない。","그 마을에서는 깨끗한 물조차 충분히 구할 수 없다.","N3의 ～さえ보다 더 문어적이고 놀라움이 강하다."
"N1-101","N1","～ですら","명사 + ～ですら","~조차.","その<ruby>難問<rt>なんもん</rt></ruby>は、<ruby>専門家<rt>せんもんか</rt></ruby>ですらすぐには<ruby>答<rt>こた</rt></ruby>えられなかった。","그 난문은 전문가조차 곧바로 답하지 못했다.","<ruby>関係者<rt>かんけいしゃ</rt></ruby>ですら<ruby>事情<rt>じじょう</rt></ruby>を<ruby>知<rt>し</rt></ruby>らなかったという。","관계자조차 사정을 몰랐다고 한다.","～すら보다 형태가 조금 더 분명하고 격식 있다."
"N1-102","N1","～だに","명사 + ～だに","~조차; ~만으로도.","その<ruby>事故<rt>じこ</rt></ruby>のことは、<ruby>想像<rt>そうぞう</rt></ruby>だに<ruby>恐<rt>おそ</rt></ruby>ろしい。","그 사고는 상상만으로도 두렵다.","<ruby>彼<rt>かれ</rt></ruby>が<ruby>敗<rt>やぶ</rt></ruby>れるとは、<ruby>夢<rt>ゆめ</rt></ruby>にだに<ruby>思<rt>おも</rt></ruby>わなかった。","그가 패배할 줄은 꿈에도 생각하지 못했다.","극단적 놀라움·상상 불가를 문학적으로 나타낸다."
"N1-103","N1","～だにしない","명사 + ～だにしない","~조차 하지 않다.","その<ruby>猫<rt>ねこ</rt></ruby>は<ruby>物音<rt>ものおと</rt></ruby>にも<ruby>微動<rt>びどう</rt></ruby>だにしなかった。","그 고양이는 인기척에도 미동조차 하지 않았다.","<ruby>批判<rt>ひはん</rt></ruby>を<ruby>受<rt>う</rt></ruby>けても、<ruby>彼<rt>かれ</rt></ruby>は<ruby>表情<rt>ひょうじょう</rt></ruby>を<ruby>変<rt>か</rt></ruby>えるだにしなかった。","비판을 받아도 그는 표정조차 바꾸지 않았다.","고정적 결합이 많아 관용적으로 외우는 편이 좋다."
"N1-104","N1","～たりとも～ない","수사 + 단위 + たりとも + 부정","한 ~도 ~없다.","この<ruby>件<rt>けん</rt></ruby>については、<ruby>一歩<rt>いっぽ</rt></ruby>たりとも<ruby>譲<rt>ゆず</rt></ruby>るつもりはない。","이 건에 대해서는 한 발짝도 양보할 생각이 없다.","<ruby>一秒<rt>いちびょう</rt></ruby>たりとも<ruby>目<rt>め</rt></ruby>を<ruby>離<rt>はな</rt></ruby>してはならない<ruby>場面<rt>ばめん</rt></ruby>だった。","1초라도 눈을 떼어서는 안 되는 장면이었다.","뒤에 반드시 부정형이 오는 전면 부정 표현이다."
"N1-105","N1","ただ～のみ","동사 기본형 / 명사 + ただ～のみ","오직 ~만.","いまの<ruby>私<rt>わたし</rt></ruby>にできることは、ただ<ruby>結果<rt>けっか</rt></ruby>を<ruby>待<rt>ま</rt></ruby>つのみだ。","지금의 내가 할 수 있는 일은 오직 결과를 기다리는 것뿐이다.","この<ruby>手紙<rt>てがみ</rt></ruby>には、ただ<ruby>感謝<rt>かんしゃ</rt></ruby>の<ruby>言葉<rt>ことば</rt></ruby>のみを<ruby>記<rt>しる</rt></ruby>した。","이 편지에는 오직 감사의 말만 적었다.","～だけだ보다 훨씬 문어적이고 수사적이다."
"N1-106","N1","～うちに<ruby>入<rt>はい</rt></ruby>らない","명사 + の / 동사 た형 + ～うちに入らない","~축에 들지 않는다; ~라고 할 수도 없다.","このくらいの<ruby>失敗<rt>しっぱい</rt></ruby>は<ruby>失敗<rt>しっぱい</rt></ruby>のうちに<ruby>入<rt>はい</rt></ruby>らない。","이 정도 실패는 실패 축에도 들지 않는다.","<ruby>一口<rt>ひとくち</rt></ruby><ruby>飲<rt>の</rt></ruby>んだだけでは、<ruby>飲<rt>の</rt></ruby>んだうちに<ruby>入<rt>はい</rt></ruby>らないよ。","한 입 마신 것만으로는 마신 축에도 들지 않아.","～どころではない는 상황 부적절이고, ～うちに入らない는 기준 미달이다."
"N1-107","N1","～という（<ruby>強調<rt>きょうちょう</rt></ruby>）","명사 + という + 같은 명사","~라는 ~가 모두; 하나도 빠짐없이 전부.","<ruby>机<rt>つくえ</rt></ruby>という<ruby>机<rt>つくえ</rt></ruby>の<ruby>上<rt>うえ</rt></ruby>に<ruby>資料<rt>しりょう</rt></ruby>が<ruby>積<rt>つ</rt></ruby>まれていた。","책상이라는 책상 위에 자료가 쌓여 있었다.","<ruby>店<rt>みせ</rt></ruby>という<ruby>店<rt>みせ</rt></ruby>がその<ruby>新商品<rt>しんしょうひん</rt></ruby>を<ruby>売<rt>う</rt></ruby>り<ruby>出<rt>だ</rt></ruby>していた。","가게라는 가게가 그 신상품을 팔고 있었다.","～といわず는 둘 이상을 병렬하고, ～という（強調）는 같은 명사를 반복한다."
"N1-108","N1","～といわず","A + といわず + B + といわず","~라 할 것 없이, ~을 가리지 않고.","<ruby>春<rt>はる</rt></ruby>といわず<ruby>夏<rt>なつ</rt></ruby>といわず、この<ruby>公園<rt>こうえん</rt></ruby>はいつも<ruby>人<rt>ひと</rt></ruby>が<ruby>多<rt>おお</rt></ruby>い。","봄이라 할 것 없이 여름이라 할 것 없이 이 공원은 늘 사람이 많다.","<ruby>顔<rt>かお</rt></ruby>といわず<ruby>服<rt>ふく</rt></ruby>といわず、<ruby>泥<rt>どろ</rt></ruby>だらけになって<ruby>帰<rt>かえ</rt></ruby>ってきた。","얼굴이라 할 것 없이 옷이라 할 것 없이 진흙투성이가 되어 돌아왔다.","～という（強調）는 같은 명사 반복, ～といわず는 두 항목 이상을 병렬한다."
"N1-109","N1","～<ruby>何<rt>なん</rt></ruby>の～もない","何の + 명사 + も + ～ない","아무 ~도 ~없다.","この<ruby>件<rt>けん</rt></ruby>については、<ruby>何<rt>なん</rt></ruby>の<ruby>疑<rt>うたが</rt></ruby>いもない。","이 건에 대해서는 아무 의심도 없다.","<ruby>彼<rt>かれ</rt></ruby>には<ruby>何<rt>なん</rt></ruby>の<ruby>興味<rt>きょうみ</rt></ruby>もないようだ。","그에게는 아무 흥미도 없는 듯하다.","～何も～ない는 대상 전반, ～何の～もない는 특정 명사를 부정한다."
"N1-110","N1","～<ruby>何<rt>なに</rt></ruby>も～ない","何も + ～ない","아무것도 ~없다.","<ruby>彼女<rt>かのじょ</rt></ruby>は<ruby>何<rt>なに</rt></ruby>も<ruby>言<rt>い</rt></ruby>わずに<ruby>席<rt>せき</rt></ruby>を<ruby>立<rt>た</rt></ruby>った。","그녀는 아무 말도 하지 않고 자리를 떴다.","<ruby>机<rt>つくえ</rt></ruby>の<ruby>上<rt>うえ</rt></ruby>には<ruby>何<rt>なに</rt></ruby>も<ruby>残<rt>のこ</rt></ruby>っていなかった。","책상 위에는 아무것도 남아 있지 않았다.","～何ら～ない보다 더 일상적이고 범용적이다."
"N1-111","N1","～<ruby>何<rt>なん</rt></ruby>ら～ない","何ら + ～ない","아무 ~도 ~없다; 전혀 ~않다.","この<ruby>判断<rt>はんだん</rt></ruby>に<ruby>何<rt>なん</rt></ruby>ら<ruby>問題<rt>もんだい</rt></ruby>はない。","이 판단에는 아무 문제도 없다.","その<ruby>説明<rt>せつめい</rt></ruby>は<ruby>何<rt>なん</rt></ruby>ら<ruby>不自然<rt>ふしぜん</rt></ruby>ではない。","그 설명은 전혀 부자연스럽지 않다.","～何も～ない보다 더 문어적이고 격식 있다."
"N1-112","N1","～<ruby>何一<rt>なにひと</rt></ruby>つ～ない","何一つ + ～ない","하나도 ~없다.","<ruby>部屋<rt>へや</rt></ruby>には<ruby>何一<rt>なにひと</rt></ruby>つ<ruby>音<rt>おと</rt></ruby>がなかった。","방에는 아무 소리도 없었다.","その<ruby>案<rt>あん</rt></ruby>には<ruby>何一<rt>なにひと</rt></ruby>つ<ruby>新<rt>あたら</rt></ruby>しい<ruby>点<rt>てん</rt></ruby>がない。","그 안에는 하나도 새로운 점이 없다.","～何も～ない보다 수량적 강조가 더 강하다."
"N1-113","N1","～ならでは","명사 + ～ならでは","~만이 낼 수 있는 특징이다.","この<ruby>味<rt>あじ</rt></ruby>は、<ruby>老舗<rt>しにせ</rt></ruby>ならではだ。","이 맛은 노포만이 낼 수 있는 것이다.","こんな<ruby>発想<rt>はっそう</rt></ruby>は<ruby>子<rt>こ</rt></ruby>どもならではだと<ruby>感心<rt>かんしん</rt></ruby>した。","이런 발상은 아이만이 할 수 있는 것이라며 감탄했다.","～ならではの는 명사 수식형이다."
"N1-114","N1","～ならではの","명사 + ～ならではの + 명사","~만의, ~이기에 가능한.","この<ruby>町<rt>まち</rt></ruby>ならではの<ruby>祭<rt>まつ</rt></ruby>りを<ruby>見<rt>み</rt></ruby>に<ruby>来<rt>き</rt></ruby>た。","이 마을만의 축제를 보러 왔다.","<ruby>職人<rt>しょくにん</rt></ruby>ならではの<ruby>細<rt>こま</rt></ruby>かな<ruby>工夫<rt>くふう</rt></ruby>が<ruby>感<rt>かん</rt></ruby>じられる。","장인만의 세밀한 궁리가 느껴진다.","～ならでは는 서술형, ～ならではの는 명사 수식형이다."
"N1-115","N1","～なりとも","수량 표현 / 의문사 + ～なりとも","~이라도; 조금이라도.","<ruby>一言<rt>ひとこと</rt></ruby>なりとも<ruby>相談<rt>そうだん</rt></ruby>してくれればよかったのに。","한마디라도 상의해 주었으면 좋았을 텐데.","<ruby>何<rt>なに</rt></ruby>なりともご<ruby>質問<rt>しつもん</rt></ruby>ください。","무엇이든 질문해 주세요.","～でも보다 더 격식 있고 문어적이다."
"N1-116","N1","～にしてからが","명사 + ～にしてからが","~조차도, ~부터가 이미.","<ruby>案内役<rt>あんないやく</rt></ruby>にしてからが<ruby>道<rt>みち</rt></ruby>をよく<ruby>知<rt>し</rt></ruby>っていない。","안내자부터가 길을 잘 모르고 있다.","<ruby>経験者<rt>けいけんしゃ</rt></ruby>にしてからが<ruby>苦戦<rt>くせん</rt></ruby>しているのだから、<ruby>初心者<rt>しょしんしゃ</rt></ruby>にはなおさら<ruby>難<rt>むずか</rt></ruby>しい。","경험자조차 고전하고 있으니 초보자에게는 더욱 어렵다.","가장 기대되는 대상조차 그렇다는 극단 예시를 든다."
"N1-117","N1","～<ruby>一<rt>ひと</rt></ruby>つとして～ない","一つとして + ～ない","하나도 ~없다.","この<ruby>案<rt>あん</rt></ruby>には<ruby>一<rt>ひと</rt></ruby>つとして<ruby>納得<rt>なっとく</rt></ruby>できる<ruby>点<rt>てん</rt></ruby>がない。","이 안에는 하나도 납득할 수 있는 점이 없다.","<ruby>同<rt>おな</rt></ruby>じ<ruby>形<rt>かたち</rt></ruby>の<ruby>雲<rt>くも</rt></ruby>は<ruby>一<rt>ひと</rt></ruby>つとしてなかった。","같은 모양의 구름은 하나도 없었다.","～何一つ～ない와 비슷하지만, 이쪽은 개별 항목성을 더 강조한다."
"N1-118","N1","～やしない","동사 ます형 어간 + ～やしない","~하지 않아; ~할 리 없어.","こんな<ruby>重<rt>おも</rt></ruby>い<ruby>荷物<rt>にもつ</rt></ruby>、<ruby>一人<rt>ひとり</rt></ruby>じゃ<ruby>持<rt>も</rt></ruby>てやしない。","이렇게 무거운 짐, 혼자서는 들 수가 없어.","あの<ruby>人<rt>ひと</rt></ruby>はそんな<ruby>簡単<rt>かんたん</rt></ruby>にはあきらめやしないよ。","그 사람은 그렇게 쉽게 포기하지는 않을 거야.","～っこない가 강한 단정이면, ～やしない는 구어적 감정이 더 강하다."
"N1-119","N1","～それまでだ","보통형 + ～それまでだ","~하면 그만이다; 그것으로 끝이다.","ここで<ruby>迷<rt>まよ</rt></ruby>っているうちに<ruby>機会<rt>きかい</rt></ruby>を<ruby>逃<rt>のが</rt></ruby>したら、それまでだ。","여기서 망설이는 사이 기회를 놓치면 그걸로 끝이다.","どんなに<ruby>準備<rt>じゅんび</rt></ruby>しても、<ruby>体調<rt>たいちょう</rt></ruby>を<ruby>崩<rt>くず</rt></ruby>せばそれまでだ。","아무리 준비해도 몸 상태가 무너지면 그것으로 끝이다.","체념적 결론을 직접 내린다."
"N1-120","N1","～ばそれまでだ","동사 ば형 + それまでだ","~하면 그만이다; 그렇게 되면 끝이다.","ここで<ruby>見<rt>み</rt></ruby>つかればそれまでだと、みんな<ruby>息<rt>いき</rt></ruby>をひそめていた。","여기서 들키면 그걸로 끝이라고 모두 숨을 죽이고 있었다.","<ruby>一度<rt>いちど</rt></ruby><ruby>信用<rt>しんよう</rt></ruby>を<ruby>失<rt>うしな</rt></ruby>えばそれまでだ。","한 번 신용을 잃으면 그걸로 끝이다.","～それまでだ의 조건 제시형이다."
"N1-121","N1","～<ruby>切<rt>き</rt></ruby>りがない","동사 기본형 + と + ～切りがない","끝이 없다; 한이 없다.","そんなことまで<ruby>気<rt>き</rt></ruby>にしていたら<ruby>切<rt>き</rt></ruby>りがない。","그런 것까지 신경 쓰고 있으면 끝이 없다.","<ruby>例<rt>れい</rt></ruby>を<ruby>挙<rt>あ</rt></ruby>げると<ruby>切<rt>き</rt></ruby>りがないので、ここでは<ruby>省<rt>はぶ</rt></ruby>く。","예를 들기 시작하면 끝이 없으므로 여기서는 생략한다.","～それまでだ가 종결이면, ～切りがない는 끝없는 반복·증가다."
"N1-122","N1","～<ruby>術<rt>すべ</rt></ruby>がない","동사 기본형 / 명사 + の + ～術がない","~할 방법이 없다.","いまの<ruby>私<rt>わたし</rt></ruby>には、<ruby>彼<rt>かれ</rt></ruby>を<ruby>説得<rt>せっとく</rt></ruby>する<ruby>術<rt>すべ</rt></ruby>がない。","지금의 나에게는 그를 설득할 방법이 없다.","この<ruby>状況<rt>じょうきょう</rt></ruby>では、<ruby>対処<rt>たいしょ</rt></ruby>の<ruby>術<rt>すべ</rt></ruby>がないまま<ruby>時<rt>とき</rt></ruby>が<ruby>過<rt>す</rt></ruby>ぎていく。","이 상황에서는 대처할 방법이 없는 채 시간이 흐른다.","～てもどうにもならない가 결과의 무력감이면, ～術がない는 수단의 부재다."
"N1-123","N1","～てもどうにもならない","동사 て형 + ～てもどうにもならない","~해도 어쩔 수 없다.","いまさら<ruby>後悔<rt>こうかい</rt></ruby>してもどうにもならない。","이제 와서 후회해도 어쩔 수 없다.","<ruby>失<rt>な</rt></ruby>くしたものを<ruby>探<rt>さが</rt></ruby>してもどうにもならない<ruby>場所<rt>ばしょ</rt></ruby>だった。","잃어버린 물건을 찾아도 어쩔 수 없는 곳이었다.","～術がない보다 더 회화적이고 결과 중심이다."
"N1-124","N1","～て<ruby>済<rt>す</rt></ruby>むことではない","동사 て형 / 명사 + で + ～済むことではない","~으로 끝날 일이 아니다.","この<ruby>事故<rt>じこ</rt></ruby>は、<ruby>謝<rt>あやま</rt></ruby>って<ruby>済<rt>す</rt></ruby>むことではない。","이 사고는 사과해서 끝날 일이 아니다.","それは<ruby>単純<rt>たんじゅん</rt></ruby>な<ruby>勘違<rt>かんちが</rt></ruby>いで<ruby>済<rt>す</rt></ruby>むことではない。","그것은 단순한 착각으로 끝날 일이 아니다.","N2의 ～て済む의 부정형으로, 사안의 심각성을 강조한다."
"N1-125","N1","～か<ruby>否<rt>いな</rt></ruby>か","보통형 + ～か否か","~인지 아닌지.","その<ruby>判断<rt>はんだん</rt></ruby>が<ruby>正<rt>ただ</rt></ruby>しかったか<ruby>否<rt>いな</rt></ruby>かは、あとで<ruby>分<rt>わ</rt></ruby>かる。","그 판단이 옳았는지 아닌지는 나중에 알 수 있다.","<ruby>参加<rt>さんか</rt></ruby>するか<ruby>否<rt>いな</rt></ruby>かを、きょう<ruby>中<rt>じゅう</rt></ruby>に<ruby>知<rt>し</rt></ruby>らせてください。","참가할지 아닐지를 오늘 안에 알려 주세요.","N5의 ～かどうか보다 훨씬 문어적이다."
"N1-126","N1","～たためしがない","동사 た형 + ～たためしがない","~한 적이 없다.","あの<ruby>店<rt>みせ</rt></ruby>で<ruby>静<rt>しず</rt></ruby>かに<ruby>食事<rt>しょくじ</rt></ruby>できたためしがない。","그 가게에서 조용히 식사할 수 있었던 적이 없다.","<ruby>彼<rt>かれ</rt></ruby>が<ruby>約束<rt>やくそく</rt></ruby>を<ruby>時間通<rt>じかんどお</rt></ruby>りに<ruby>守<rt>まも</rt></ruby>ったためしがない。","그가 약속 시간을 제대로 지킨 적이 없다.","과거 경험 부재를 비판적으로 말할 때 많다."
"N1-127","N1","～でもあり～でもある","명사 + でもあり + 명사 + でもある","~이기도 하고 ~이기도 하다.","この<ruby>作品<rt>さくひん</rt></ruby>は<ruby>記録<rt>きろく</rt></ruby>でもあり、<ruby>告発<rt>こくはつ</rt></ruby>でもある。","이 작품은 기록이기도 하고 고발이기도 하다.","<ruby>彼女<rt>かのじょ</rt></ruby>は<ruby>指導者<rt>しどうしゃ</rt></ruby>でもあり、<ruby>相談役<rt>そうだんやく</rt></ruby>でもある。","그녀는 지도자이기도 하고 상담역이기도 하다.","대상의 양면성·복합성을 문어적으로 정리한다."
"N1-128","N1","～といい～といい","명사 + といい + 명사 + といい","~도 ~도.","<ruby>香<rt>かお</rt></ruby>りといい<ruby>色<rt>いろ</rt></ruby>といい、このお<ruby>茶<rt>ちゃ</rt></ruby>は<ruby>見事<rt>みごと</rt></ruby>だ。","향도 색도 이 차는 훌륭하다.","<ruby>態度<rt>たいど</rt></ruby>といい<ruby>言葉遣<rt>ことばづか</rt></ruby>いといい、あの<ruby>店員<rt>てんいん</rt></ruby>は<ruby>評判<rt>ひょうばん</rt></ruby>どおりだった。","태도도 말투도 그 점원은 평판대로였다.","평가의 근거가 되는 여러 측면을 열거한다."
"N1-129","N1","～というところだ","보통형 / 수량 + ～というところだ","대략 ~정도다; ~라고 할 만하다.","<ruby>完成<rt>かんせい</rt></ruby>までは、あと<ruby>二週間<rt>にしゅうかん</rt></ruby>というところだ。","완성까지는 앞으로 2주 정도다.","いまの<ruby>実力<rt>じつりょく</rt></ruby>では、<ruby>合格<rt>ごうかく</rt></ruby>の<ruby>可能性<rt>かのうせい</rt></ruby>は<ruby>五分五分<rt>ごぶごぶ</rt></ruby>というところだ。","지금 실력으로는 합격 가능성은 반반 정도다.","～といったところだ보다 단정이 약간 더 분명하다."
"N1-130","N1","～といったところだ","보통형 / 수량 + ～といったところだ","대략 ~정도다; ~쯤이라고 할 수 있다.","この<ruby>作業<rt>さぎょう</rt></ruby>は、うまくいっても<ruby>半日<rt>はんにち</rt></ruby>といったところだろう。","이 작업은 잘돼도 반나절 정도일 것이다.","<ruby>出席者<rt>しゅっせきしゃ</rt></ruby>はせいぜい<ruby>五十人<rt>ごじゅうにん</rt></ruby>といったところだ。","출석자는 기껏해야 50명 정도일 것이다.","～というところだ보다 조금 더 완곡하고 대략적이다."
"N1-131","N1","～いかん（だ）","명사 + の + ～いかん（だ）","~의 여하에 달려 있다; ~에 따라 결정된다.","<ruby>採用<rt>さいよう</rt></ruby>の<ruby>可否<rt>かひ</rt></ruby>は、<ruby>最終<rt>さいしゅう</rt></ruby><ruby>面接<rt>めんせつ</rt></ruby>のいかんだ。","채용 여부는 최종 면접의 여하에 달려 있다.","この<ruby>計画<rt>けいかく</rt></ruby>の<ruby>成否<rt>せいひ</rt></ruby>は、<ruby>予算<rt>よさん</rt></ruby><ruby>確保<rt>かくほ</rt></ruby>のいかんだ。","이 계획의 성패는 예산 확보의 여하에 달려 있다.","～いかんで（は）는 조건 분기, ～いかん（だ）는 판정·결론이다."
"N1-132","N1","～いかんで（は）","명사 + の + ～いかんで（は）","~의 여하에 따라서는.","<ruby>天候<rt>てんこう</rt></ruby>のいかんでは、<ruby>試合<rt>しあい</rt></ruby>を<ruby>延期<rt>えんき</rt></ruby>することもある。","날씨 여하에 따라서는 경기를 연기할 수도 있다.","<ruby>交渉<rt>こうしょう</rt></ruby>のいかんでは、<ruby>契約<rt>けいやく</rt></ruby><ruby>条件<rt>じょうけん</rt></ruby>を<ruby>見直<rt>みなお</rt></ruby>す<ruby>必要<rt>ひつよう</rt></ruby>がある。","협상 여하에 따라서는 계약 조건을 재검토할 필요가 있다.","～いかん（だ）보다 조건문 성격이 강하다."
"N1-133","N1","～いかんによっては","명사 + の + ～いかんによっては","~의 여하에 따라서는.","<ruby>検査<rt>けんさ</rt></ruby><ruby>結果<rt>けっか</rt></ruby>のいかんによっては、すぐに<ruby>手術<rt>しゅじゅつ</rt></ruby>が<ruby>必要<rt>ひつよう</rt></ruby>になる。","검사 결과 여하에 따라서는 곧바로 수술이 필요해질 수 있다.","<ruby>事態<rt>じたい</rt></ruby>のいかんによっては、<ruby>記者<rt>きしゃ</rt></ruby><ruby>会見<rt>かいけん</rt></ruby>を<ruby>開<rt>ひら</rt></ruby>く。","사태 여하에 따라서는 기자회견을 연다.","～いかんで（は）와 뜻은 거의 같고, 이쪽이 더 딱딱하다."
"N1-134","N1","～いかんにかかわらず","명사 + の + ～いかんにかかわらず","~의 여하에 관계없이.","<ruby>経験<rt>けいけん</rt></ruby>のいかんにかかわらず、<ruby>意欲<rt>いよく</rt></ruby>のある<ruby>人<rt>ひと</rt></ruby>を<ruby>歓迎<rt>かんげい</rt></ruby>します。","경험 여하에 관계없이 의욕 있는 사람을 환영합니다.","<ruby>理由<rt>りゆう</rt></ruby>のいかんにかかわらず、<ruby>締切<rt>しめきり</rt></ruby><ruby>後<rt>ご</rt></ruby>の<ruby>提出<rt>ていしゅつ</rt></ruby>は<ruby>認<rt>みと</rt></ruby>められない。","이유 여하에 관계없이 마감 후 제출은 인정되지 않는다.","～いかんで（は）가 결과가 달라지면, 이쪽은 결과가 같다고 말한다."
"N1-135","N1","～いかんによらず","명사 + の + ～いかんによらず","~의 여하에 관계없이.","<ruby>国籍<rt>こくせき</rt></ruby>のいかんによらず、<ruby>応募<rt>おうぼ</rt></ruby>できます。","국적 여하에 관계없이 응모할 수 있습니다.","<ruby>年齢<rt>ねんれい</rt></ruby>のいかんによらず、<ruby>誰<rt>だれ</rt></ruby>でも<ruby>参加<rt>さんか</rt></ruby><ruby>可能<rt>かのう</rt></ruby>です。","연령 여하에 관계없이 누구나 참가 가능합니다.","～いかんにかかわらず와 뜻은 거의 같고, 조금 더 간결하다."
"N1-136","N1","～いかんを問わず","명사 + の + ～いかんを問わず","~의 여하를 불문하고.","<ruby>成績<rt>せいせき</rt></ruby>のいかんを<ruby>問<rt>と</rt></ruby>わず、<ruby>全員<rt>ぜんいん</rt></ruby>に<ruby>修了証<rt>しゅうりょうしょう</rt></ruby>が<ruby>渡<rt>わた</rt></ruby>される。","성적의 여하를 불문하고 전원에게 수료증이 수여된다.","<ruby>結果<rt>けっか</rt></ruby>のいかんを<ruby>問<rt>と</rt></ruby>わず、<ruby>挑戦<rt>ちょうせん</rt></ruby>したことに<ruby>意味<rt>いみ</rt></ruby>がある。","결과의 여하를 불문하고 도전한 데 의미가 있다.","～を問わず의 격식 높은 확장형이다."
"N1-137","N1","～を限りに","명사 + ～を限りに","~을 끝으로.","<ruby>今月末<rt>こんげつまつ</rt></ruby>を<ruby>限<rt>かぎ</rt></ruby>りに、このサービスは<ruby>終了<rt>しゅうりょう</rt></ruby>いたします。","이번 달 말을 끝으로 이 서비스는 종료합니다.","<ruby>今回<rt>こんかい</rt></ruby>の<ruby>公演<rt>こうえん</rt></ruby>を<ruby>限<rt>かぎ</rt></ruby>りに、<ruby>彼女<rt>かのじょ</rt></ruby>は<ruby>舞台<rt>ぶたい</rt></ruby>を<ruby>離<rt>はな</rt></ruby>れる。","이번 공연을 끝으로 그녀는 무대를 떠난다.","～をもって도 기한을 말하지만, 이쪽은 ‘끝으로’의 뜻이 더 분명하다."
"N1-138","N1","～をもって","명사 + ～をもって","~으로써; ~을 기해.","<ruby>誠意<rt>せいい</rt></ruby>をもって<ruby>対応<rt>たいおう</rt></ruby>いたします。","성의를 다해 대응하겠습니다.","<ruby>本日<rt>ほんじつ</rt></ruby>をもって<ruby>受付<rt>うけつけ</rt></ruby>を<ruby>終了<rt>しゅうりょう</rt></ruby>します。","금일부로 접수를 종료합니다.","～を限りに보다 용법이 넓고, 수단 뜻도 있다."
"N1-139","N1","～を以て","명사 + ～を以て","~으로써; ~을 기해. 보다 격식적인 표기.","<ruby>本日<rt>ほんじつ</rt></ruby>を<ruby>以<rt>もっ</rt></ruby>て<ruby>閉会<rt>へいかい</rt></ruby>といたします。","오늘부로 폐회로 하겠습니다.","<ruby>書面<rt>しょめん</rt></ruby>を<ruby>以<rt>もっ</rt></ruby>てご<ruby>案内<rt>あんない</rt></ruby>申し上げます。","서면으로 안내 말씀 드립니다.","～をもって와 뜻은 같고, 표기만 더 격식 있다."
"N1-140","N1","～をもってすれば","명사 + ～をもってすれば","~이라면; ~의 힘으로라면.","<ruby>彼<rt>かれ</rt></ruby>の<ruby>実力<rt>じつりょく</rt></ruby>をもってすれば、この<ruby>難題<rt>なんだい</rt></ruby>も<ruby>解決<rt>かいけつ</rt></ruby>できるだろう。","그의 실력이라면 이 난제도 해결할 수 있을 것이다.","<ruby>最新<rt>さいしん</rt></ruby><ruby>技術<rt>ぎじゅつ</rt></ruby>をもってすれば、<ruby>作業<rt>さぎょう</rt></ruby><ruby>時間<rt>じかん</rt></ruby>を<ruby>半分<rt>はんぶん</rt></ruby>にできる。","최신 기술이라면 작업 시간을 반으로 줄일 수 있다.","～をもって의 가정적 수단 용법이다."
"N1-141","N1","～からある","수량 표현 + ～からある + 명사","~이나 되는.","<ruby>校庭<rt>こうてい</rt></ruby>には、三メートルからある<ruby>雪<rt>ゆき</rt></ruby>の<ruby>壁<rt>かべ</rt></ruby>ができていた。","교정에는 3미터나 되는 눈 벽이 생겨 있었다.","この<ruby>町<rt>まち</rt></ruby>には、<ruby>樹齢<rt>じゅれい</rt></ruby>五百年からある<ruby>木<rt>き</rt></ruby>が<ruby>残<rt>のこ</rt></ruby>っている。","이 마을에는 수령 500년이나 되는 나무가 남아 있다.","주로 길이·무게·크기 같은 큰 규모를 강조한다."
"N1-142","N1","～からする","금액 / 수량 표현 + ～からする + 명사","~이나 하는.","<ruby>彼<rt>かれ</rt></ruby>は百万円からする<ruby>時計<rt>とけい</rt></ruby>をしていた。","그는 100만 엔이나 하는 시계를 차고 있었다.","その<ruby>絵<rt>え</rt></ruby>は一枚で五十万円からするらしい。","그 그림은 한 장에 50만 엔이나 한답니다.","특히 금액·가격에 많이 쓴다."
"N1-143","N1","～からの","수량 표현 + ～からの + 명사","~이나 되는.","<ruby>会場<rt>かいじょう</rt></ruby>には一万人からの<ruby>観客<rt>かんきゃく</rt></ruby>が<ruby>集<rt>あつ</rt></ruby>まった。","행사장에는 1만 명이나 되는 관객이 모였다.","<ruby>千件<rt>せんけん</rt></ruby>からの<ruby>応募<rt>おうぼ</rt></ruby>の<ruby>中<rt>なか</rt></ruby>から、<ruby>十名<rt>じゅうめい</rt></ruby>が<ruby>選<rt>えら</rt></ruby>ばれた。","천 건이나 되는 응모 중에서 10명이 뽑혔다.","주로 수량 전체를 명사 앞에서 꾸민다."
"N1-144","N1","～ても差し支えない","동사 て형 + ～ても差し支えない","~해도 지장 없다.","この<ruby>書類<rt>しょるい</rt></ruby>はコピーを<ruby>提出<rt>ていしゅつ</rt></ruby>しても<ruby>差<rt>さ</rt></ruby>し<ruby>支<rt>つか</rt></ruby>えない。","이 서류는 사본을 제출해도 지장 없다.","ご<ruby>都合<rt>つごう</rt></ruby>がよければ、<ruby>明日<rt>あした</rt></ruby><ruby>連絡<rt>れんらく</rt></ruby>していただいても<ruby>差<rt>さ</rt></ruby>し<ruby>支<rt>つか</rt></ruby>えありません。","괜찮으시면 내일 연락 주셔도 지장 없습니다.","～てもいい보다 훨씬 공적이고 규정적이다."
"N1-145","N1","～てしかるべきだ","동사 て형 + ～てしかるべきだ","~해야 마땅하다.","<ruby>被害者<rt>ひがいしゃ</rt></ruby>には<ruby>十分<rt>じゅうぶん</rt></ruby>な<ruby>説明<rt>せつめい</rt></ruby>がなされてしかるべきだ。","피해자에게는 충분한 설명이 이루어져야 마땅하다.","このような<ruby>功績<rt>こうせき</rt></ruby>は、もっと<ruby>高<rt>たか</rt></ruby>く<ruby>評価<rt>ひょうか</rt></ruby>されてしかるべきだ。","이러한 공적은 더 높이 평가되어야 마땅하다.","～べきだ보다 더 격식 있고 논설적이다."
"N1-146","N1","～た分だけ","동사 た형 + ～た分だけ","~한 만큼.","<ruby>練習<rt>れんしゅう</rt></ruby>した<ruby>分<rt>ぶん</rt></ruby>だけ、<ruby>自信<rt>じしん</rt></ruby>がついてくる。","연습한 만큼 자신감이 붙는다.","<ruby>苦労<rt>くろう</rt></ruby>した<ruby>分<rt>ぶん</rt></ruby>だけ、<ruby>完成<rt>かんせい</rt></ruby>したときの<ruby>喜<rt>よろこ</rt></ruby>びは<ruby>大<rt>おお</rt></ruby>きい。","고생한 만큼 완성했을 때의 기쁨은 크다.","N3의 ～ば～ほど가 비례 증가라면, 이쪽은 이미 한 양에 비례한다."
"N1-147","N1","～なくして","명사 + ～なくして","~없이는.","<ruby>努力<rt>どりょく</rt></ruby>なくして、<ruby>大<rt>おお</rt></ruby>きな<ruby>成果<rt>せいか</rt></ruby>は<ruby>得<rt>え</rt></ruby>られない。","노력 없이는 큰 성과를 얻을 수 없다.","<ruby>相互<rt>そうご</rt></ruby><ruby>理解<rt>りかい</rt></ruby>なくして、<ruby>真<rt>しん</rt></ruby>の<ruby>協力<rt>きょうりょく</rt></ruby>は<ruby>生<rt>う</rt></ruby>まれない。","상호 이해 없이는 진정한 협력이 생기지 않는다.","～なしに보다 더 문어적이고 선언적이다."
"N1-148","N1","～なくしては","명사 + ～なくしては","~없이는.","<ruby>市民<rt>しみん</rt></ruby>の<ruby>協力<rt>きょうりょく</rt></ruby>なくしては、この<ruby>計画<rt>けいかく</rt></ruby>は<ruby>成功<rt>せいこう</rt></ruby>しない。","시민의 협력 없이는 이 계획은 성공하지 않는다.","<ruby>安全<rt>あんぜん</rt></ruby>の<ruby>確認<rt>かくにん</rt></ruby>なくしては、<ruby>作業<rt>さぎょう</rt></ruby>を<ruby>始<rt>はじ</rt></ruby>められない。","안전 확인 없이는 작업을 시작할 수 없다.","～なくして와 뜻은 거의 같고, 뒤의 조건문 구조가 더 분명하다."
"N1-149","N1","～なりに","명사 / 보통형 + ～なりに","~나름대로.","<ruby>新人<rt>しんじん</rt></ruby>なりに<ruby>精一杯<rt>せいいっぱい</rt></ruby><ruby>考<rt>かんが</rt></ruby>えて<ruby>行動<rt>こうどう</rt></ruby>したつもりだ。","신입 나름대로 최선을 다해 생각하고 행동한 셈이다.","<ruby>忙<rt>いそが</rt></ruby>しいなりに、<ruby>毎日<rt>まいにち</rt></ruby><ruby>少<rt>すこ</rt></ruby>しずつ<ruby>勉強<rt>べんきょう</rt></ruby>を<ruby>続<rt>つづ</rt></ruby>けている。","바쁜 나름대로 매일 조금씩 공부를 계속하고 있다.","～なら～で는 양보, ～なりには 수준에 맞춘 대응이다."
"N1-150","N1","～なりの","명사 + ～なりの + 명사","~나름의.","<ruby>子<rt>こ</rt></ruby>どもなりの<ruby>理屈<rt>りくつ</rt></ruby>があるのだろう。","아이 나름의 논리가 있을 것이다.","その<ruby>会社<rt>かいしゃ</rt></ruby>には<ruby>中小企業<rt>ちゅうしょうきぎょう</rt></ruby>なりの<ruby>戦<rt>たたか</rt></ruby>い<ruby>方<rt>かた</rt></ruby>がある。","그 회사에는 중소기업 나름의 싸우는 방식이 있다.","～なりに의 명사 수식형이다."
"N1-151","N1","～にかかっている","명사 + ～にかかっている","~에 달려 있다.","この<ruby>企画<rt>きかく</rt></ruby>の<ruby>成否<rt>せいひ</rt></ruby>は、<ruby>初日<rt>しょにち</rt></ruby>の<ruby>反応<rt>はんのう</rt></ruby>にかかっている。","이 기획의 성패는 첫날의 반응에 달려 있다.","<ruby>回復<rt>かいふく</rt></ruby>できるかどうかは、これから一週間の<ruby>過<rt>す</rt></ruby>ごし<ruby>方<rt>かた</rt></ruby>にかかっている。","회복할 수 있을지는 앞으로 일주일의 지내는 방식에 달려 있다.","결과의 의존성을 말할 때 쓴다."
"N1-152","N1","～に即して","명사 + ～に即して","~에 입각하여.","<ruby>現場<rt>げんば</rt></ruby>の<ruby>実情<rt>じつじょう</rt></ruby>に<ruby>即<rt>そく</rt></ruby>して、<ruby>規則<rt>きそく</rt></ruby>を<ruby>見直<rt>みなお</rt></ruby>すべきだ。","현장의 실정에 입각하여 규칙을 재검토해야 한다.","<ruby>事実<rt>じじつ</rt></ruby>に<ruby>即<rt>そく</rt></ruby>して<ruby>判断<rt>はんだん</rt></ruby>する<ruby>姿勢<rt>しせい</rt></ruby>が<ruby>求<rt>もと</rt></ruby>められる。","사실에 입각해 판단하는 자세가 요구된다.","～に基づいて보다 현실 밀착의 느낌이 더 강하다."
"N1-153","N1","～に即し","명사 + ～に即し","~에 입각한.","<ruby>現実<rt>げんじつ</rt></ruby>に<ruby>即<rt>そく</rt></ruby>した<ruby>提案<rt>ていあん</rt></ruby>でなければ、<ruby>採用<rt>さいよう</rt></ruby>は<ruby>難<rt>むずか</rt></ruby>しい。","현실에 입각한 제안이 아니면 채택은 어렵다.","<ruby>利用者<rt>りようしゃ</rt></ruby>のニーズに<ruby>即<rt>そく</rt></ruby>したサービスを<ruby>目指<rt>めざ</rt></ruby>している。","이용자의 요구에 입각한 서비스를 목표로 하고 있다.","～に即して의 연체 수식에 잘 쓰이는 형태다."
"N1-154","N1","～に照らして","명사 + ～に照らして","~에 비추어.","<ruby>現行<rt>げんこう</rt></ruby><ruby>法<rt>ほう</rt></ruby>に<ruby>照<rt>て</rt></ruby>らして、この<ruby>処分<rt>しょぶん</rt></ruby>は<ruby>妥当<rt>だとう</rt></ruby>だと<ruby>判断<rt>はんだん</rt></ruby>される。","현행법에 비추어 이 처분은 타당하다고 판단된다.","<ruby>過去<rt>かこ</rt></ruby>の<ruby>判例<rt>はんれい</rt></ruby>に<ruby>照<rt>て</rt></ruby>らしても、その<ruby>主張<rt>しゅちょう</rt></ruby>は<ruby>認<rt>みと</rt></ruby>められにくい。","과거의 판례에 비추어 봐도 그 주장은 인정되기 어렵다.","～に即して가 현실 밀착이면, 이쪽은 기준에 대조해 판단한다."
"N1-155","N1","～に照らすと","명사 + ～に照らすと","~에 비추어 보면.","<ruby>現在<rt>げんざい</rt></ruby>の<ruby>規則<rt>きそく</rt></ruby>に<ruby>照<rt>て</rt></ruby>らすと、この<ruby>申請<rt>しんせい</rt></ruby>は<ruby>受理<rt>じゅり</rt></ruby>できない。","현재 규정에 비추어 보면 이 신청은 수리할 수 없다.","<ruby>過去<rt>かこ</rt></ruby>の<ruby>事例<rt>じれい</rt></ruby>に<ruby>照<rt>て</rt></ruby>らすと、<ruby>今後<rt>こんご</rt></ruby>も<ruby>同様<rt>どうよう</rt></ruby>の<ruby>問題<rt>もんだい</rt></ruby>が<ruby>起<rt>お</rt></ruby>こりうる。","과거의 사례에 비추어 보면 앞으로도 비슷한 문제가 일어날 수 있다.","～に照らして보다 뒤에 판단·결론이 더 직접 이어지기 쉽다."
"N1-156","N1","～を<ruby>鑑<rt>かんが</rt></ruby>みて","명사 + ～を鑑みて","~을 감안하여; ~을 참고하여 판단해.","<ruby>過去<rt>かこ</rt></ruby>の<ruby>判決<rt>はんけつ</rt></ruby>を<ruby>鑑<rt>かんが</rt></ruby>みて、<ruby>今回<rt>こんかい</rt></ruby>の<ruby>処分<rt>しょぶん</rt></ruby>を<ruby>決<rt>き</rt></ruby>めた。","과거 판결을 감안해 이번 처분을 정했다.","<ruby>前回<rt>ぜんかい</rt></ruby>の<ruby>失敗<rt>しっぱい</rt></ruby>を<ruby>鑑<rt>かんが</rt></ruby>みて、<ruby>体制<rt>たいせい</rt></ruby>を<ruby>一新<rt>いっしん</rt></ruby>した。","지난번 실패를 감안해 체제를 일신했다.","～に鑑みて는 기준·상황, ～を鑑みて는 구체 대상 자체를 감안한다."
"N1-157","N1","～を<ruby>前提<rt>ぜんてい</rt></ruby>に","명사 + ～を前提に","~을 전제로.","<ruby>双方<rt>そうほう</rt></ruby>の<ruby>合意<rt>ごうい</rt></ruby>を<ruby>前提<rt>ぜんてい</rt></ruby>に、<ruby>話<rt>はな</rt></ruby>し<ruby>合<rt>あ</rt></ruby>いを<ruby>進<rt>すす</rt></ruby>めた。","쌍방의 합의를 전제로 논의를 진행했다.","<ruby>安全<rt>あんぜん</rt></ruby>の<ruby>確認<rt>かくにん</rt></ruby>を<ruby>前提<rt>ぜんてい</rt></ruby>に、<ruby>作業<rt>さぎょう</rt></ruby>を<ruby>開始<rt>かいし</rt></ruby>する。","안전 확인을 전제로 작업을 시작한다.","～を条件に보다 더 추상적·공식적이다."
"N1-158","N1","～でなくてなんだろう","명사 + ～でなくてなんだろう","~이 아니고 무엇이겠는가.","これを<ruby>奇跡<rt>きせき</rt></ruby>でなくてなんだろう。","이것을 기적이 아니고 무엇이라 하겠는가.","あの<ruby>行動<rt>こうどう</rt></ruby>は<ruby>勇気<rt>ゆうき</rt></ruby>でなくてなんだろう。","그 행동은 용기가 아니고 무엇이겠는가.","～ではあるまいか보다 확신과 단정이 훨씬 강하다."
"N1-159","N1","～でもなんでもない","명사 + ～でもなんでもない","~도 아무것도 아니다.","あの<ruby>人<rt>ひと</rt></ruby>は<ruby>専門家<rt>せんもんか</rt></ruby>でもなんでもない。","저 사람은 전문가도 아무것도 아니다.","そんなものは<ruby>芸術<rt>げいじゅつ</rt></ruby>でもなんでもない。","그런 것은 예술도 아무것도 아니다.","～でなくてなんだろう와 정반대의 강한 부정이다."
"N1-160","N1","～ではあるまいか","명사 / 보통형 + の + ～ではあるまいか","~이 아닐까.","いまこそ<ruby>制度<rt>せいど</rt></ruby>を<ruby>見直<rt>みなお</rt></ruby>すべきではあるまいか。","지금이야말로 제도를 재검토해야 하지 않을까.","それが<ruby>最善<rt>さいぜん</rt></ruby>の<ruby>方法<rt>ほうほう</rt></ruby>ではあるまいか。","그것이 최선의 방법이 아닐까.","～のではないか보다 더 문어적이고 완곡하다."
"N1-161","N1","～ところがある","보통형 + ～ところがある","~한 면이 있다.","<ruby>彼<rt>かれ</rt></ruby>には<ruby>少<rt>すこ</rt></ruby>し<ruby>強引<rt>ごういん</rt></ruby>なところがある。","그에게는 조금 강압적인 면이 있다.","この<ruby>作品<rt>さくひん</rt></ruby>には<ruby>不思議<rt>ふしぎ</rt></ruby>なところがある。","이 작품에는 신기한 면이 있다.","～がちだ보다 성향 지적이 더 완곡하다."
"N1-162","N1","～とみられる","보통형 + ～とみられる","~로 보인다.","<ruby>犯人<rt>はんにん</rt></ruby>は<ruby>単独<rt>たんどく</rt></ruby>で<ruby>行動<rt>こうどう</rt></ruby>したとみられる。","범인은 단독으로 행동한 것으로 보인다.","<ruby>景気<rt>けいき</rt></ruby>はしばらく<ruby>低迷<rt>ていめい</rt></ruby>するとみられる。","경기는 한동안 침체될 것으로 보인다.","객관 보도·분석 문체에 자주 쓴다."
"N1-163","N1","～ものと<ruby>思<rt>おも</rt></ruby>われる","보통형 + ～ものと思われる","~인 것으로 여겨진다.","<ruby>原因<rt>げんいん</rt></ruby>は<ruby>設備<rt>せつび</rt></ruby>の<ruby>老朽化<rt>ろうきゅうか</rt></ruby>によるものと<ruby>思<rt>おも</rt></ruby>われる。","원인은 설비 노후화에 의한 것으로 여겨진다.","その<ruby>決定<rt>けってい</rt></ruby>は<ruby>慎重<rt>しんちょう</rt></ruby>に<ruby>検討<rt>けんとう</rt></ruby>されたものと<ruby>思<rt>おも</rt></ruby>われる。","그 결정은 신중히 검토된 것으로 여겨진다.","～とみられる보다 조금 더 서면·공식적이다."
"N1-164","N1","～ものと<ruby>見<rt>み</rt></ruby>られる","보통형 + ～ものと見られる","~인 것으로 보인다.","<ruby>輸出<rt>ゆしゅつ</rt></ruby>は<ruby>来年<rt>らいねん</rt></ruby>も<ruby>増加<rt>ぞうか</rt></ruby>するものと<ruby>見<rt>み</rt></ruby>られる。","수출은 내년에도 증가할 것으로 보인다.","その<ruby>建物<rt>たてもの</rt></ruby>は<ruby>江戸<rt>えど</rt></ruby><ruby>時代<rt>じだい</rt></ruby>に<ruby>建<rt>た</rt></ruby>てられたものと<ruby>見<rt>み</rt></ruby>られる。","그 건물은 에도 시대에 지어진 것으로 보인다.","～ものと思われる보다 약간 더 객관 보도문 느낌이다."
"N1-165","N1","～ないものか","동사 ない형 + ～ものか","~할 수 없을까.","なんとかならないものかと、みんなで<ruby>知恵<rt>ちえ</rt></ruby>を<ruby>出<rt>だ</rt></ruby>し<ruby>合<rt>あ</rt></ruby>った。","어떻게든 안 될까 하고 모두 함께 머리를 맞댔다.","もう<ruby>少<rt>すこ</rt></ruby>し<ruby>静<rt>しず</rt></ruby>かにならないものか。","조금만 더 조용해질 수는 없을까.","실제 질문이라기보다 강한 바람을 나타낸다."
"N1-166","N1","～ないものだろうか","동사 ない형 + ～ものだろうか","~할 수 없을까.","この<ruby>混雑<rt>こんざつ</rt></ruby>を<ruby>減<rt>へ</rt></ruby>らせないものだろうか。","이 혼잡을 줄일 수는 없을까.","その<ruby>誤解<rt>ごかい</rt></ruby>を<ruby>解<rt>と</rt></ruby>けないものだろうかと<ruby>考<rt>かんが</rt></ruby>えている。","그 오해를 풀 수는 없을까 하고 생각하고 있다.","～ないものか보다 조금 더 부드럽다."
"N1-167","N1","～ないものでもない","동사 ない형 + ～ものでもない","~하지 못하는 것도 아니다; 꼭 불가능한 것도 아니다.","やり<ruby>方<rt>かた</rt></ruby>しだいでは、<ruby>実現<rt>じつげん</rt></ruby>できないものでもない。","방법에 따라서는 실현하지 못하는 것도 아니다.","この<ruby>案<rt>あん</rt></ruby>も、<ruby>見方<rt>みかた</rt></ruby>によっては<ruby>理解<rt>りかい</rt></ruby>できないものでもない。","이 안도 보는 관점에 따라서는 이해 못 할 것도 아니다.","완곡한 긍정이다."
"N1-168","N1","～ないとも<ruby>限<rt>かぎ</rt></ruby>らない","동사 ない형 + ～とも限らない","~하지 않는다고는 할 수 없다; ~할 가능성도 있다.","このままでは、<ruby>同<rt>おな</rt></ruby>じ<ruby>問題<rt>もんだい</rt></ruby>が<ruby>起<rt>お</rt></ruby>きないとも<ruby>限<rt>かぎ</rt></ruby>らない。","이대로라면 같은 문제가 일어나지 않는다고는 할 수 없다.","<ruby>彼<rt>かれ</rt></ruby>がその<ruby>話<rt>はなし</rt></ruby>を<ruby>知<rt>し</rt></ruby>らないとも<ruby>限<rt>かぎ</rt></ruby>らない。","그가 그 이야기를 모른다고는 할 수 없다.","～ないものでもない가 약한 긍정이면, 이쪽은 가능성 유보다."
"N1-169","N1","～に～ない","동사 기본형 + に + 같은 동사 가능형 ない형","~하려 해도 ~할 수 없다.","あまりの<ruby>悔<rt>くや</rt></ruby>しさに、<ruby>泣<rt>な</rt></ruby>くに<ruby>泣<rt>な</rt></ruby>けなかった。","너무 분해서 울려 해도 울 수 없었다.","その<ruby>場<rt>ば</rt></ruby>の<ruby>空気<rt>くうき</rt></ruby>では、<ruby>怒<rt>おこ</rt></ruby>るに<ruby>怒<rt>おこ</rt></ruby>れなかった。","그 자리 분위기에서는 화내려 해도 화낼 수 없었다.","～ようにも～ない와 비슷하지만 반복형 관용 표현이다."
"N1-170","N1","～のやら","의문사 + ～のやら","~인지.","いつのやら<ruby>雨<rt>あめ</rt></ruby>はやんでいた。","언제였는지 비는 그쳐 있었다.","どこへ<ruby>消<rt>き</rt></ruby>えたのやら、<ruby>姿<rt>すがた</rt></ruby>が<ruby>見<rt>み</rt></ruby>えない。","어디로 사라졌는지 모습이 보이지 않는다.","～やら보다 당혹·불확실의 문말 느낌이 더 강하다."
"N1-171","N1","～ものやら","보통형 + ～ものやら","~인지; ~할지.","この<ruby>先<rt>さき</rt></ruby>どうなるものやら、<ruby>誰<rt>だれ</rt></ruby>にもわからない。","앞으로 어떻게 될지 아무도 모른다.","いつ<ruby>帰<rt>かえ</rt></ruby>ってくるものやら、<ruby>連絡<rt>れんらく</rt></ruby>もない。","언제 돌아올지 연락도 없다.","～ことやら보다 약간 더 막연한 불안에 잘 어울린다."
"N1-172","N1","～ことやら","보통형 + ～ことやら","~인지; ~할지.","この<ruby>計画<rt>けいかく</rt></ruby>がいつ<ruby>実現<rt>じつげん</rt></ruby>することやら。","이 계획이 언제 실현될지.","この<ruby>子<rt>こ</rt></ruby>が<ruby>将来<rt>しょうらい</rt></ruby>どんな<ruby>大人<rt>おとな</rt></ruby>になることやら、<ruby>楽<rt>たの</rt></ruby>しみだ。","이 아이가 장래 어떤 어른이 될지 기대된다.","～のやら보다 문장 전체를 받는 느낌이 강하다."
"N1-173","N1","～までもない","동사 기본형 + ～までもない","~할 것까지 없다.","こんなことはあらためて<ruby>説明<rt>せつめい</rt></ruby>するまでもない。","이런 것은 새삼 설명할 것까지 없다.","その<ruby>件<rt>けん</rt></ruby>はわざわざ<ruby>会議<rt>かいぎ</rt></ruby>で<ruby>取<rt>と</rt></ruby>り<ruby>上<rt>あ</rt></ruby>げるまでもない。","그 건은 굳이 회의에서 다룰 것까지 없다.","～には及ばない와 뜻이 비슷하지만 이쪽이 더 범용적이다."
"N1-174","N1","～<ruby>見<rt>み</rt></ruby>るからに","독립 부사","보기만 해도 분명히.","その<ruby>料理<rt>りょうり</rt></ruby>は<ruby>見<rt>み</rt></ruby>るからにおいしそうだった。","그 요리는 보기만 해도 맛있어 보였다.","<ruby>見<rt>み</rt></ruby>るからに<ruby>疲<rt>つか</rt></ruby>れている<ruby>顔<rt>かお</rt></ruby>をしていた。","보기만 해도 지쳐 보이는 얼굴을 하고 있었다.","외관만 보고 직감적으로 판단한다."
"N1-175","N1","～も<ruby>同然<rt>どうぜん</rt></ruby>だ","동사 た형 / 명사 + ～も同然だ","~이나 다름없다.","これだけ<ruby>準備<rt>じゅんび</rt></ruby>できれば、<ruby>成功<rt>せいこう</rt></ruby>したも<ruby>同然<rt>どうぜん</rt></ruby>だ。","이만큼 준비했으면 성공한 것이나 다름없다.","この<ruby>分野<rt>ぶんや</rt></ruby>では、<ruby>私<rt>わたし</rt></ruby>はまだ<ruby>素人<rt>しろうと</rt></ruby>も<ruby>同然<rt>どうぜん</rt></ruby>だ。","이 분야에서는 나는 아직 초보나 다름없다.","～並み는 수준 유사, ～も同然だ는 거의 같은 상태다."
"N1-176","N1","～やら","보통형 / 명사 + ～やら","~인지; ~이니 ~이니.","うれしいやら<ruby>恥<rt>は</rt></ruby>ずかしいやらで、<ruby>何<rt>なん</rt></ruby>とも<ruby>言<rt>い</rt></ruby>えなかった。","기쁜지 부끄러운지 뭐라 말할 수 없었다.","<ruby>荷物<rt>にもつ</rt></ruby>やら<ruby>書類<rt>しょるい</rt></ruby>やらで、<ruby>机<rt>つくえ</rt></ruby>の<ruby>上<rt>うえ</rt></ruby>はいっぱいだ。","짐이며 서류며 해서 책상 위가 가득하다.","～のやら/ものやら/ことやら보다 조사적 용법이 강하다."
"N1-177","N1","～ようか～まいか","동사 의향형 + か + 동사 기본형 + まいか","~할까 말까.","<ruby>転職<rt>てんしょく</rt></ruby>しようかするまいか、まだ<ruby>決<rt>き</rt></ruby>められない。","이직할까 말까 아직 결정하지 못했다.","<ruby>本当<rt>ほんとう</rt></ruby>のことを<ruby>話<rt>はな</rt></ruby>そうか<ruby>話<rt>はな</rt></ruby>すまいか、ずっと<ruby>迷<rt>まよ</rt></ruby>っていた。","사실을 말할까 말까 계속 망설이고 있었다.","～ようが～まいが는 양보, 이쪽은 망설임이다."
"N1-178","N1","～ようでは","보통형 + ～ようでは","~해서는; 그런 상태라면.","こんな<ruby>初歩的<rt>しょほてき</rt></ruby>な<ruby>失敗<rt>しっぱい</rt></ruby>を<ruby>繰<rt>く</rt></ruby>り<ruby>返<rt>かえ</rt></ruby>すようでは、<ruby>任<rt>まか</rt></ruby>せられない。","이런 초보적인 실수를 반복하는 것으로는 맡길 수 없다.","<ruby>時間<rt>じかん</rt></ruby>も<ruby>守<rt>まも</rt></ruby>れないようでは、<ruby>信頼<rt>しんらい</rt></ruby>を<ruby>失<rt>うしな</rt></ruby>う。","시간도 지키지 못하는 상태로는 신뢰를 잃는다.","부정적 평가·경고가 따른다."
"N1-179","N1","～ようにも～ない","동사 의향형 + にも + 같은 동사 가능형 ない형","~하려 해도 ~할 수 없다.","<ruby>終電<rt>しゅうでん</rt></ruby>がなくて、<ruby>帰<rt>かえ</rt></ruby>ろうにも<ruby>帰<rt>かえ</rt></ruby>れない。","막차가 없어서 돌아가려 해도 돌아갈 수 없다.","<ruby>急<rt>きゅう</rt></ruby>すぎて、<ruby>考<rt>かんが</rt></ruby>えようにも<ruby>考<rt>かんが</rt></ruby>えられなかった。","너무 갑작스러워서 생각하려 해도 생각할 수 없었다.","～に～ない보다 의지·시도 쪽이 더 분명하다."
"N1-180","N1","～ようによっては","동사 ます형 어간 + ようによっては","~하기에 따라서는.","<ruby>言<rt>い</rt></ruby>いようによっては、<ruby>相手<rt>あいて</rt></ruby>を<ruby>傷<rt>きず</rt></ruby>つけることもある。","말하기에 따라서는 상대를 상처 입힐 수도 있다.","やりようによっては、この<ruby>企画<rt>きかく</rt></ruby>はまだ<ruby>成功<rt>せいこう</rt></ruby>できる。","하기에 따라서는 이 기획은 아직 성공할 수 있다.","수단·방식에 따라 결과가 달라짐을 말한다."
"N1-181","N1","～に<ruby>言<rt>い</rt></ruby>わせれば","명사 + ～に言わせれば","~에게 말하게 하면; ~의 입장에서 보면.","<ruby>本人<rt>ほんにん</rt></ruby>に<ruby>言<rt>い</rt></ruby>わせれば、この<ruby>失敗<rt>しっぱい</rt></ruby>にもそれなりの<ruby>理由<rt>りゆう</rt></ruby>があるらしい。","본인에게 말하게 하면 이 실패에도 나름의 이유가 있는 모양이다.","<ruby>祖父<rt>そふ</rt></ruby>に<ruby>言<rt>い</rt></ruby>わせれば、いまの<ruby>若者<rt>わかもの</rt></ruby>はずいぶん<ruby>恵<rt>めぐ</rt></ruby>まれているそうだ。","할아버지에게 말하게 하면 요즘 젊은이들은 꽤 혜택을 받고 있다는 것이다.","～に言わせると와 뜻은 거의 같고, 이쪽이 약간 더 회화적이다."
"N1-182","N1","～に<ruby>言<rt>い</rt></ruby>わせると","명사 + ～に言わせると","~에게 말하게 하면; ~의 견해로는.","<ruby>専門家<rt>せんもんか</rt></ruby>に<ruby>言<rt>い</rt></ruby>わせると、この<ruby>変化<rt>へんか</rt></ruby>はまだ<ruby>序章<rt>じょしょう</rt></ruby>にすぎないという。","전문가에게 말하게 하면 이 변화는 아직 서장에 지나지 않는다고 한다.","<ruby>彼女<rt>かのじょ</rt></ruby>に<ruby>言<rt>い</rt></ruby>わせると、あの<ruby>提案<rt>ていあん</rt></ruby>は<ruby>最初<rt>さいしょ</rt></ruby>から<ruby>無理<rt>むり</rt></ruby>だったらしい。","그녀에게 말하게 하면 그 제안은 처음부터 무리였던 모양이다.","～に言わせれば보다 약간 더 문어적이다."
"N1-183","N1","～にかかっては","명사 + ～にかかっては","~에게 걸리면; ~이 나서면.","あの<ruby>医師<rt>いし</rt></ruby>にかかっては、<ruby>難<rt>むずか</rt></ruby>しい<ruby>手術<rt>しゅじゅつ</rt></ruby>でも<ruby>安心<rt>あんしん</rt></ruby>して<ruby>任<rt>まか</rt></ruby>せられる。","저 의사에게 걸리면 어려운 수술도 안심하고 맡길 수 있다.","<ruby>彼<rt>かれ</rt></ruby>にかかっては、そのくらいの<ruby>問題<rt>もんだい</rt></ruby>はすぐに<ruby>片付<rt>かたづ</rt></ruby>くだろう。","그에게 걸리면 그 정도 문제는 금방 해결될 것이다.","～にかかっている이 의존이라면, ～にかかっては는 능력 발휘다."
"N1-184","N1","～にかかったら","명사 + ～にかかったら","~에게 걸리면; ~이라면.","この<ruby>店<rt>みせ</rt></ruby>の<ruby>職人<rt>しょくにん</rt></ruby>にかかったら、<ruby>古<rt>ふる</rt></ruby>い<ruby>机<rt>つくえ</rt></ruby>も<ruby>見違<rt>みちが</rt></ruby>えるほどきれいになる。","이 가게 장인에게 걸리면 낡은 책상도 몰라볼 정도로 깨끗해진다.","その<ruby>記者<rt>きしゃ</rt></ruby>にかかったら、どんな<ruby>複雑<rt>ふくざつ</rt></ruby>な<ruby>事件<rt>じけん</rt></ruby>も<ruby>一本<rt>いっぽん</rt></ruby>の<ruby>記事<rt>きじ</rt></ruby>にまとまる。","그 기자에게 걸리면 어떤 복잡한 사건도 한 편의 기사로 정리된다.","～にかかっては와 뜻은 비슷하고, 이쪽이 조금 더 구어적이다."
"N1-185","N1","～に<ruby>限<rt>かぎ</rt></ruby>ったことではない","명사 + ～に限ったことではない","~에 한정된 문제가 아니다.","その<ruby>悩<rt>なや</rt></ruby>みは<ruby>新入社員<rt>しんにゅうしゃいん</rt></ruby>に<ruby>限<rt>かぎ</rt></ruby>ったことではない。","그 고민은 신입사원에 한정된 문제가 아니다.","この<ruby>現象<rt>げんしょう</rt></ruby>は<ruby>都市部<rt>としぶ</rt></ruby>に<ruby>限<rt>かぎ</rt></ruby>ったことではなく、<ruby>地方<rt>ちほう</rt></ruby>でも<ruby>見<rt>み</rt></ruby>られる。","이 현상은 도시 지역에만 한정된 것이 아니라 지방에서도 보인다.","～に限らず보다 문장적이고 설명적인 느낌이 강하다."
"N1-186","N1","～に<ruby>難<rt>かた</rt></ruby>くない","명사 + ～に難くない","충분히 ~할 수 있다; 어렵지 않다.","その<ruby>発言<rt>はつげん</rt></ruby>が<ruby>批判<rt>ひはん</rt></ruby>を<ruby>招<rt>まね</rt></ruby>くことは<ruby>想像<rt>そうぞう</rt></ruby>に<ruby>難<rt>かた</rt></ruby>くない。","그 발언이 비판을 불러올 것은 쉽게 상상할 수 있다.","<ruby>彼女<rt>かのじょ</rt></ruby>がどれだけ<ruby>悔<rt>くや</rt></ruby>しかったかは<ruby>察<rt>さっ</rt></ruby>するに<ruby>難<rt>かた</rt></ruby>くない。","그녀가 얼마나 분했는지는 충분히 짐작할 수 있다.","주로 想像・察する 같은 한자어와 잘 결합한다."
"N1-187","N1","～に<ruby>先駆<rt>さきが</rt></ruby>けて","명사 + ～に先駆けて","~에 앞서; 선구적으로.","この<ruby>企業<rt>きぎょう</rt></ruby>は<ruby>業界<rt>ぎょうかい</rt></ruby>に<ruby>先駆<rt>さきが</rt></ruby>けて<ruby>週休<rt>しゅうきゅう</rt></ruby>三日制を<ruby>導入<rt>どうにゅう</rt></ruby>した。","이 기업은 업계에 앞서 주 3일 휴무제를 도입했다.","<ruby>地域<rt>ちいき</rt></ruby>に<ruby>先駆<rt>さきが</rt></ruby>けて<ruby>防災<rt>ぼうさい</rt></ruby><ruby>訓練<rt>くんれん</rt></ruby>を<ruby>始<rt>はじ</rt></ruby>めた<ruby>学校<rt>がっこう</rt></ruby>として<ruby>注目<rt>ちゅうもく</rt></ruby>された。","지역에 앞서 방재 훈련을 시작한 학교로 주목받았다.","～に先立って가 단순 시간 선행이면, 이쪽은 선구성도 강조한다."
"N1-188","N1","～にたえる","명사 / 동사 기본형 + ～にたえる","~할 만하다; ~할 가치가 있다.","この<ruby>映画<rt>えいが</rt></ruby>は<ruby>繰<rt>く</rt></ruby>り<ruby>返<rt>かえ</rt></ruby>し<ruby>見<rt>み</rt></ruby>るにたえる<ruby>作品<rt>さくひん</rt></ruby>だ。","이 영화는 반복해서 볼 만한 작품이다.","その<ruby>報告書<rt>ほうこくしょ</rt></ruby>は<ruby>批判的<rt>ひはんてき</rt></ruby>に<ruby>検討<rt>けんとう</rt></ruby>するにたえる<ruby>内容<rt>ないよう</rt></ruby>だった。","그 보고서는 비판적으로 검토할 만한 내용이었다.","～に値する와 비슷하지만, 이쪽이 더 문어적이고 고전적이다."
"N1-189","N1","～にたえない","명사 / 동사 기본형 + ～にたえない","차마 ~할 수 없다; ~하기 어렵다.","その<ruby>惨状<rt>さんじょう</rt></ruby>は<ruby>見<rt>み</rt></ruby>るにたえないものだった。","그 참상은 차마 볼 수 없는 것이었다.","あまりに<ruby>幼稚<rt>ようち</rt></ruby>で、<ruby>論評<rt>ろんぴょう</rt></ruby>にたえない<ruby>文章<rt>ぶんしょう</rt></ruby>だ。","너무 유치해서 논평할 가치도 없는 글이다.","긍정형 ～にたえる와 뜻 방향이 반대다."
"N1-190","N1","～に<ruby>足<rt>た</rt></ruby>る","동사 기본형 + ～に足る","~할 만하다; 충분한 가치가 있다.","その<ruby>人物<rt>じんぶつ</rt></ruby>は<ruby>信頼<rt>しんらい</rt></ruby>するに<ruby>足<rt>た</rt></ruby>る。","그 인물은 신뢰할 만하다.","<ruby>議論<rt>ぎろん</rt></ruby>するに<ruby>足<rt>た</rt></ruby>る<ruby>材料<rt>ざいりょう</rt></ruby>がようやくそろった。","논의할 만한 자료가 겨우 갖추어졌다.","～に値する와 거의 같지만, 이쪽이 더 고문어적이다."
"N1-191","N1","～に<ruby>足<rt>た</rt></ruby>りない","동사 기본형 + ～に足りない","~하기에는 부족하다; 대수롭지 않다.","それは<ruby>驚<rt>おどろ</rt></ruby>くに<ruby>足<rt>た</rt></ruby>りない<ruby>出来事<rt>できごと</rt></ruby>だ。","그것은 놀랄 만한 일까지는 아니다.","この<ruby>程度<rt>ていど</rt></ruby>の<ruby>違<rt>ちが</rt></ruby>いは、<ruby>問題<rt>もんだい</rt></ruby>にするに<ruby>足<rt>た</rt></ruby>りない。","이 정도 차이는 문제 삼기에는 부족하다.","～に当たらない와 비슷하지만, 이쪽은 가치 부족 쪽이 더 강하다."
"N1-192","N1","～にとどまらず","명사 + ～にとどまらず","~에 그치지 않고.","その<ruby>影響<rt>えいきょう</rt></ruby>は<ruby>国内<rt>こくない</rt></ruby>にとどまらず、<ruby>周辺<rt>しゅうへん</rt></ruby><ruby>国<rt>こく</rt></ruby>にも<ruby>及<rt>およ</rt></ruby>んだ。","그 영향은 국내에 그치지 않고 주변국에도 미쳤다.","<ruby>被害<rt>ひがい</rt></ruby>は<ruby>経済<rt>けいざい</rt></ruby><ruby>面<rt>めん</rt></ruby>にとどまらず、<ruby>生活<rt>せいかつ</rt></ruby><ruby>全般<rt>ぜんぱん</rt></ruby>に<ruby>広<rt>ひろ</rt></ruby>がった。","피해는 경제 면에 그치지 않고 생활 전반으로 퍼졌다.","N2의 ～のみならず보다 더 논설적이다."
"N1-193","N1","～に<ruby>恥<rt>は</rt></ruby>じない","명사 + ～に恥じない","~에 부끄럽지 않은; ~에 걸맞은.","<ruby>代表<rt>だいひょう</rt></ruby>の<ruby>名<rt>な</rt></ruby>に<ruby>恥<rt>は</rt></ruby>じない<ruby>戦<rt>たたか</rt></ruby>いぶりだった。","대표의 이름에 부끄럽지 않은 싸움이었다.","<ruby>伝統<rt>でんとう</rt></ruby>に<ruby>恥<rt>は</rt></ruby>じない<ruby>仕上<rt>しあ</rt></ruby>がりを<ruby>目指<rt>めざ</rt></ruby>して、<ruby>全員<rt>ぜんいん</rt></ruby>が<ruby>力<rt>ちから</rt></ruby>を<ruby>尽<rt>つ</rt></ruby>くした。","전통에 부끄럽지 않은 완성을 목표로 전원이 힘을 다했다.","지위·이름·기대에 걸맞음을 강조한다."
"N1-194","N1","～にもまして","명사 + ～にもまして","~보다도 더.","<ruby>今年<rt>ことし</rt></ruby>は<ruby>昨年<rt>さくねん</rt></ruby>にもまして<ruby>観光客<rt>かんこうきゃく</rt></ruby>が<ruby>増<rt>ふ</rt></ruby>えている。","올해는 작년보다도 더 관광객이 늘고 있다.","<ruby>何<rt>なに</rt></ruby>にもまして<ruby>大事<rt>だいじ</rt></ruby>なのは、<ruby>互<rt>たが</rt></ruby>いの<ruby>信頼<rt>しんらい</rt></ruby>だ。","무엇보다도 중요한 것은 서로에 대한 신뢰다.","비교 대상을 제시해 그 이상임을 말한다."
"N1-195","N1","～には<ruby>及<rt>およ</rt></ruby>ばない","동사 기본형 / 명사 + ～には及ばない","~할 것까지는 없다; ~에 미치지 못한다.","そのくらいのことで<ruby>謝<rt>あやま</rt></ruby>るには<ruby>及<rt>およ</rt></ruby>ばない。","그 정도 일로 사과할 것까지는 없다.","<ruby>経験<rt>けいけん</rt></ruby>の<ruby>点<rt>てん</rt></ruby>では、まだ<ruby>先輩<rt>せんぱい</rt></ruby>には<ruby>及<rt>およ</rt></ruby>ばない。","경험 면에서는 아직 선배에게 미치지 못한다.","문맥에 따라 불필요 / 미달 두 뜻이 나온다."
"N1-196","N1","～にまつわる","명사 + ～にまつわる","~에 얽힌; ~에 관한.","この<ruby>神社<rt>じんじゃ</rt></ruby>にまつわる<ruby>言<rt>い</rt></ruby>い<ruby>伝<rt>つた</rt></ruby>えを<ruby>調<rt>しら</rt></ruby>べている。","이 신사에 얽힌 전승을 조사하고 있다.","その<ruby>事件<rt>じけん</rt></ruby>にまつわる<ruby>資料<rt>しりょう</rt></ruby>は、ほとんど<ruby>公開<rt>こうかい</rt></ruby>されていない。","그 사건에 얽힌 자료는 거의 공개되어 있지 않다.","이야기·전설·사연과 잘 결합한다."
"N1-197","N1","～に<ruby>忍<rt>しの</rt></ruby>びない","동사 기본형 + ～に忍びない","차마 ~할 수 없다.","そんな<ruby>悲<rt>かな</rt></ruby>しい<ruby>知<rt>し</rt></ruby>らせは、すぐには<ruby>伝<rt>つた</rt></ruby>えるに<ruby>忍<rt>しの</rt></ruby>びない。","그런 슬픈 소식은 바로 전하기가 차마 어렵다.","<ruby>傷<rt>きず</rt></ruby>ついた<ruby>友人<rt>ゆうじん</rt></ruby>の<ruby>表情<rt>ひょうじょう</rt></ruby>は<ruby>見<rt>み</rt></ruby>るに<ruby>忍<rt>しの</rt></ruby>びなかった。","상처 입은 친구의 표정은 차마 볼 수 없었다.","～にたえない보다 동정·안쓰러움이 더 중심이다."
"N1-198","N1","～に<ruby>依<rt>よ</rt></ruby>るところが<ruby>大<rt>おお</rt></ruby>きい","명사 + ～に依るところが大きい","~에 힘입은 바가 크다.","この<ruby>成果<rt>せいか</rt></ruby>は、<ruby>現場<rt>げんば</rt></ruby>の<ruby>粘<rt>ねば</rt></ruby>り<ruby>強<rt>づよ</rt></ruby>い<ruby>努力<rt>どりょく</rt></ruby>に<ruby>依<rt>よ</rt></ruby>るところが<ruby>大<rt>おお</rt></ruby>きい。","이 성과는 현장의 끈질긴 노력에 힘입은 바가 크다.","この<ruby>街<rt>まち</rt></ruby>の<ruby>発展<rt>はってん</rt></ruby>は、<ruby>交通網<rt>こうつうもう</rt></ruby>の<ruby>整備<rt>せいび</rt></ruby>に<ruby>依<rt>よ</rt></ruby>るところが<ruby>大<rt>おお</rt></ruby>きかった。","이 도시의 발전은 교통망 정비에 힘입은 바가 컸다.","결과의 주요 원인을 분석적으로 말한다."
"N1-199","N1","～に<ruby>負<rt>お</rt></ruby>うところが<ruby>大<rt>おお</rt></ruby>きい","명사 + ～に負うところが大きい","~에 힘입은 바가 크다.","いまの<ruby>人気<rt>にんき</rt></ruby>は、<ruby>SNS<rt>えすえぬえす</rt></ruby>での<ruby>話題<rt>わだい</rt></ruby>に<ruby>負<rt>お</rt></ruby>うところが<ruby>大<rt>おお</rt></ruby>きい。","지금의 인기는 SNS에서의 화제성에 힘입은 바가 크다.","その<ruby>成功<rt>せいこう</rt></ruby>は、<ruby>周囲<rt>しゅうい</rt></ruby>の<ruby>支援<rt>しえん</rt></ruby>に<ruby>負<rt>お</rt></ruby>うところが<ruby>大<rt>おお</rt></ruby>きい。","그 성공은 주변의 지원에 힘입은 바가 크다.","～に依るところが大きい와 거의 같고, 문체 차이만 약간 있다."
"N1-200","N1","～いかなる","독립 + ～いかなる + 명사","어떠한; 어떤 ~이든.","いかなる<ruby>事情<rt>じじょう</rt></ruby>があっても、<ruby>差別<rt>さべつ</rt></ruby>は<ruby>許<rt>ゆる</rt></ruby>されない。","어떠한 사정이 있어도 차별은 허용되지 않는다.","いかなる<ruby>場合<rt>ばあい</rt></ruby>にも、まず<ruby>安全<rt>あんぜん</rt></ruby>を<ruby>優先<rt>ゆうせん</rt></ruby>してください。","어떠한 경우에도 먼저 안전을 우선해 주세요.","중편의 ～いかん이 여하라면, ～いかなる는 형용사적 수식이다."
"N1-201","N1","～ごとき","명사 + の + ～ごとき","~와 같은; ~ 따위.","<ruby>私<rt>わたし</rt></ruby>ごときが、その<ruby>大役<rt>たいやく</rt></ruby>を<ruby>引<rt>ひ</rt></ruby>き<ruby>受<rt>う</rt></ruby>けるわけにはいかない。","저 같은 사람이 그 큰 역할을 맡을 수는 없다.","<ruby>霧<rt>きり</rt></ruby>のごとき<ruby>白<rt>しろ</rt></ruby>い<ruby>息<rt>いき</rt></ruby>が<ruby>朝<rt>あさ</rt></ruby>の<ruby>空気<rt>くうき</rt></ruby>に<ruby>漂<rt>ただよ</rt></ruby>っていた。","안개 같은 하얀 입김이 아침 공기에 떠다니고 있었다.","명사를 꾸미는 연체형이고, 겸양적으로도 쓴다."
"N1-202","N1","～ごとく","명사 + の + ～ごとく","~처럼.","<ruby>彼<rt>かれ</rt></ruby>は<ruby>風<rt>かぜ</rt></ruby>のごとく<ruby>走<rt>はし</rt></ruby>り<ruby>去<rt>さ</rt></ruby>った。","그는 바람처럼 달려가 버렸다.","<ruby>星<rt>ほし</rt></ruby>のごとく<ruby>輝<rt>かがや</rt></ruby>く<ruby>都市<rt>とし</rt></ruby>の<ruby>夜景<rt>やけい</rt></ruby>に<ruby>見<rt>み</rt></ruby>とれた。","별처럼 빛나는 도시 야경에 넋을 잃었다.","동사·서술을 꾸미는 연용형이다."
"N1-203","N1","～ごとし","명사 + の + ～ごとし","~와 같다.","<ruby>人生<rt>じんせい</rt></ruby>は<ruby>旅<rt>たび</rt></ruby>のごとし。","인생은 여행과 같다.","その<ruby>勢<rt>いきお</rt></ruby>い、まさに<ruby>破竹<rt>はちく</rt></ruby>のごとしだ。","그 기세는 실로 파죽지세와 같다.","문장을 맺는 종지형으로 고전적이다."
"N1-204","N1","～つ～つ","동사 ます형 어간 + ～つ + 동사 ます형 어간 + ～つ","~했다 ~했다 하며; 교대로 반복하며.","<ruby>二人<rt>ふたり</rt></ruby>は<ruby>譲<rt>ゆず</rt></ruby>りつ<ruby>譲<rt>ゆず</rt></ruby>られつの<ruby>議論<rt>ぎろん</rt></ruby>を<ruby>続<rt>つづ</rt></ruby>けた。","두 사람은 양보했다 양보받았다 하며 논의를 계속했다.","<ruby>彼<rt>かれ</rt></ruby>は<ruby>迷<rt>まよ</rt></ruby>いつ<ruby>考<rt>かんが</rt></ruby>えつ、ゆっくりと<ruby>答<rt>こた</rt></ruby>えを<ruby>選<rt>えら</rt></ruby>んだ。","그는 망설였다 생각했다 하며 천천히 답을 골랐다.","주로 정해진 관용적 짝으로 쓰는 경우가 많다."
"N1-205","N1","～さ","보통형 + ～さ","~잖아; ~야.","そんなに<ruby>気<rt>き</rt></ruby>にすることないさ。","그렇게 신경 쓸 것 없잖아.","いつかきっと<ruby>分<rt>わ</rt></ruby>かってもらえるさ。","언젠가 반드시 이해받을 수 있을 거야.","～よ보다 남성적이고 가벼운 단정이 강하다."
"N1-206","N1","～ごとき","명사 + の + ～ごとき","~와 같은; ~따위의.","<ruby>私<rt>わたし</rt></ruby>ごときが、そんな<ruby>大役<rt>たいやく</rt></ruby>を<ruby>引<rt>ひ</rt></ruby>き<ruby>受<rt>う</rt></ruby>けるわけにはいかない。","저 같은 사람이 그런 큰 역할을 맡을 수는 없다.","<ruby>彼<rt>かれ</rt></ruby>は<ruby>風<rt>かぜ</rt></ruby>のごとき<ruby>速<rt>はや</rt></ruby>さで<ruby>駆<rt>か</rt></ruby>け<ruby>抜<rt>ぬ</rt></ruby>けた。","그는 바람 같은 속도로 내달렸다.","～ごとく는 서술·부사, ～ごとき는 명사 수식이다."
"N1-207","N1","～ごとく","명사 + の + ～ごとく","~처럼.","<ruby>将軍<rt>しょうぐん</rt></ruby>は<ruby>山<rt>やま</rt></ruby>のごとく<ruby>動<rt>うご</rt></ruby>かず、ただ<ruby>静<rt>しず</rt></ruby>かに<ruby>待<rt>ま</rt></ruby>っていた。","장군은 산처럼 꿈쩍도 하지 않고 그저 조용히 기다리고 있었다.","<ruby>稲妻<rt>いなずま</rt></ruby>のごとく<ruby>空<rt>そら</rt></ruby>を<ruby>切<rt>き</rt></ruby>り<ruby>裂<rt>さ</rt></ruby>く<ruby>光<rt>ひかり</rt></ruby>に、<ruby>誰<rt>だれ</rt></ruby>も<ruby>息<rt>いき</rt></ruby>をのんだ。","번개처럼 하늘을 가르는 빛에 모두가 숨을 삼켰다.","～ごとき는 연체형, ～ごとし는 종결형이다."
"N1-208","N1","～ごとし","명사 + の + ～ごとし","~와 같다.","<ruby>人生<rt>じんせい</rt></ruby>は<ruby>旅<rt>たび</rt></ruby>のごとし、と<ruby>祖父<rt>そふ</rt></ruby>はよく<ruby>言<rt>い</rt></ruby>っていた。","인생은 여행과 같다고 할아버지는 자주 말씀하셨다.","その<ruby>筆致<rt>ひっち</rt></ruby>は、まるで<ruby>画家<rt>がか</rt></ruby>のごとしだ。","그 필치는 마치 화가와도 같다.","～ごとき/～ごとく와 달리 종결 표현으로 쓴다."
"N1-209","N1","～つ～つ","동사 ます형 어간 + ～つ + 동사 ます형 어간 + ～つ","~했다 ~했다 하며; ~하면서 ~하면서.","<ruby>川<rt>かわ</rt></ruby>の<ruby>流<rt>なが</rt></ruby>れを<ruby>眺<rt>なが</rt></ruby>めつ<ruby>考<rt>かんが</rt></ruby>えつ、これからのことを<ruby>決<rt>き</rt></ruby>めた。","강의 흐름을 바라보기도 하고 생각하기도 하며 앞으로의 일을 정했다.","<ruby>押<rt>お</rt></ruby>しつ<ruby>押<rt>お</rt></ruby>されつの<ruby>議論<rt>ぎろん</rt></ruby>の<ruby>末<rt>すえ</rt></ruby>に、ようやく<ruby>結論<rt>けつろん</rt></ruby>が<ruby>出<rt>で</rt></ruby>た。","밀고 밀리는 논의 끝에 겨우 결론이 나왔다.","관용적 짝으로 자주 쓰이며 자유롭게 아무 동사나 넣지는 않는다."
"N1-210","N1","～さ","보통형 + ～さ","~잖아; ~야.","そんなに<ruby>心配<rt>しんぱい</rt></ruby>しなくても、きっとなんとかなるさ。","그렇게 걱정하지 않아도 분명 어떻게든 될 거야.","<ruby>失敗<rt>しっぱい</rt></ruby>したって、またやり<ruby>直<rt>なお</rt></ruby>せばいいさ。","실패해도 다시 하면 되잖아.","～よ보다 가볍고 남성적인 단정이 느껴지기 쉽다."
"N1-211","N1","～たる","명사 + ～たる + 명사","~인, ~으로서의.","<ruby>国家<rt>こっか</rt></ruby>を<ruby>導<rt>みちび</rt></ruby>く<ruby>者<rt>もの</rt></ruby>たる<ruby>責任<rt>せきにん</rt></ruby>を、<ruby>彼<rt>かれ</rt></ruby>は<ruby>重<rt>おも</rt></ruby>く<ruby>受<rt>う</rt></ruby>け<ruby>止<rt>と</rt></ruby>めていた。","국가를 이끄는 자로서의 책임을 그는 무겁게 받아들이고 있었다.","<ruby>指導者<rt>しどうしゃ</rt></ruby>たる<ruby>立場<rt>たちば</rt></ruby>を<ruby>忘<rt>わす</rt></ruby>れてはならない。","지도자인 입장을 잊어서는 안 된다.","～たるもの은 규범적 당위가 더 직접적으로 드러난다."
"N1-212","N1","～たるもの","명사 + ～たるもの","~인 자로서 마땅히.","<ruby>医師<rt>いし</rt></ruby>たるもの、いかなる<ruby>時<rt>とき</rt></ruby>も<ruby>冷静<rt>れいせい</rt></ruby>であるべきだ。","의사인 자로서 어떠한 때에도 냉정해야 한다.","<ruby>教育者<rt>きょういくしゃ</rt></ruby>たるもの、<ruby>自<rt>みずか</rt></ruby>ら<ruby>学<rt>まな</rt></ruby>ぶ<ruby>姿勢<rt>しせい</rt></ruby>を<ruby>失<rt>うしな</rt></ruby>ってはならない。","교육자인 자로서 스스로 배우는 자세를 잃어서는 안 된다.","～たる보다 규범적·훈계적 뉘앙스가 강하다."
"N1-213","N1","～とばかり(に)","보통형 + ～とばかり(に)","~라고 하듯이; ~라고 생각한 나머지.","ここぞとばかりに、<ruby>彼<rt>かれ</rt></ruby>は<ruby>長年<rt>ながねん</rt></ruby>の<ruby>不満<rt>ふまん</rt></ruby>を<ruby>一気<rt>いっき</rt></ruby>に<ruby>語<rt>かた</rt></ruby>り<ruby>始<rt>はじ</rt></ruby>めた。","바로 지금이라고 하듯이 그는 오랜 불만을 단번에 털어놓기 시작했다.","もう<ruby>待<rt>ま</rt></ruby>てないとばかりに、<ruby>子<rt>こ</rt></ruby>どもたちは<ruby>箱<rt>はこ</rt></ruby>を<ruby>開<rt>あ</rt></ruby>けた。","더는 못 기다리겠다는 듯이 아이들은 상자를 열었다.","～んばかりに는 정도 강조, ～とばかり(に)는 인용적 태도 묘사다."
"N1-214","N1","～ながらに","명사 / 동사 ます형 + ～ながらに","~한 채로; 태어나면서부터.","<ruby>彼<rt>かれ</rt></ruby>は<ruby>涙<rt>なみだ</rt></ruby>ながらに<ruby>別<rt>わか</rt></ruby>れの<ruby>言葉<rt>ことば</rt></ruby>を<ruby>述<rt>の</rt></ruby>べた。","그는 눈물을 흘리며 작별의 말을 전했다.","<ruby>彼女<rt>かのじょ</rt></ruby>は<ruby>生<rt>う</rt></ruby>まれながらにして<ruby>音楽<rt>おんがく</rt></ruby>の<ruby>才<rt>さい</rt></ruby>に<ruby>恵<rt>めぐ</rt></ruby>まれていた。","그녀는 태어나면서부터 음악적 재능을 타고났다.","～ながらの는 명사 수식형이다."
"N1-215","N1","～ながらの","명사 / 동사 ます형 + ～ながらの + 명사","~한 그대로의; 예전 그대로의.","この<ruby>村<rt>むら</rt></ruby>には<ruby>昔<rt>むかし</rt></ruby>ながらの<ruby>暮<rt>く</rt></ruby>らしが<ruby>残<rt>のこ</rt></ruby>っている。","이 마을에는 옛날 그대로의 생활이 남아 있다.","<ruby>職人<rt>しょくにん</rt></ruby>ながらの<ruby>丁寧<rt>ていねい</rt></ruby>な<ruby>仕事<rt>しごと</rt></ruby>ぶりに<ruby>感心<rt>かんしん</rt></ruby>した。","장인다운 꼼꼼한 일 처리에 감탄했다.","～ながらに는 부사적으로, ～ながらの는 명사를 꾸민다."
"N1-216","N1","～んがため(に)","동사 ない형 어간 + ～んがため(に)","~하기 위하여.","<ruby>名誉<rt>めいよ</rt></ruby>を<ruby>得<rt>え</rt></ruby>んがために、<ruby>彼<rt>かれ</rt></ruby>はあらゆる<ruby>手段<rt>しゅだん</rt></ruby>を<ruby>講<rt>こう</rt></ruby>じた。","명예를 얻기 위하여 그는 온갖 수단을 강구했다.","<ruby>真実<rt>しんじつ</rt></ruby>を<ruby>知<rt>し</rt></ruby>らんがために、<ruby>遠<rt>とお</rt></ruby>い<ruby>土地<rt>とち</rt></ruby>まで<ruby>足<rt>あし</rt></ruby>を<ruby>運<rt>はこ</rt></ruby>んだ。","진실을 알기 위하여 먼 곳까지 발걸음을 옮겼다.","고문어적 목적 표현으로, 구어의 ～ために보다 훨씬 격식 있다."
"N1-217","N1","～んばかりに","동사 ない형 어간 + ～んばかりに","금방이라도 ~할 듯이.","<ruby>彼女<rt>かのじょ</rt></ruby>は<ruby>泣<rt>な</rt></ruby>かんばかりに<ruby>声<rt>こえ</rt></ruby>をふるわせていた。","그녀는 금방이라도 울 것처럼 목소리를 떨고 있었다.","<ruby>子<rt>こ</rt></ruby>どもたちは<ruby>飛<rt>と</rt></ruby>び<ruby>出<rt>だ</rt></ruby>さんばかりに<ruby>身<rt>み</rt></ruby>を<ruby>乗<rt>の</rt></ruby>り<ruby>出<rt>だ</rt></ruby>していた。","아이들은 금방이라도 뛰어나갈 듯 몸을 내밀고 있었다.","～とばかりに는 태도 묘사, ～んばかりに는 정도 강조다."
"N1-218","N1","～んばかりだ","동사 ない형 어간 + ～んばかりだ","금방이라도 ~할 듯하다.","その<ruby>会場<rt>かいじょう</rt></ruby>は<ruby>割<rt>わ</rt></ruby>れんばかりの<ruby>歓声<rt>かんせい</rt></ruby>に<ruby>包<rt>つつ</rt></ruby>まれた。","그 회장은 터질 듯한 환성에 휩싸였다.","<ruby>怒<rt>おこ</rt></ruby>りださんばかりの<ruby>表情<rt>ひょうじょう</rt></ruby>で、<ruby>彼<rt>かれ</rt></ruby>は<ruby>黙<rt>だま</rt></ruby>っていた。","금방이라도 화를 낼 듯한 표정으로 그는 말없이 있었다.","～んばかりに보다 서술적·상태 묘사에 더 자주 쓴다."
"N1-219","N1","～にして","명사 + ～にして","~이면서; ~에서야 비로소.","<ruby>彼<rt>かれ</rt></ruby>は<ruby>学者<rt>がくしゃ</rt></ruby>にして<ruby>優<rt>すぐ</rt></ruby>れた<ruby>実務家<rt>じつむか</rt></ruby>でもある。","그는 학자이면서 뛰어난 실무가이기도 하다.","<ruby>四十<rt>よんじゅう</rt></ruby><ruby>歳<rt>さい</rt></ruby>にして、ようやく<ruby>本当<rt>ほんとう</rt></ruby>の<ruby>責任<rt>せきにん</rt></ruby>の<ruby>重<rt>おも</rt></ruby>さを<ruby>知<rt>し</rt></ruby>った。","마흔이 되어서야 비로소 진정한 책임의 무게를 알았다.","다의적 표현이므로 문맥으로 의미를 잡아야 한다."
"N1-220","N1","～ぬ","동사 ない형 어간 + ～ぬ","~하지 않는; ~하지 않다.","<ruby>名<rt>な</rt></ruby>も<ruby>知<rt>し</rt></ruby>らぬ<ruby>旅人<rt>たびびと</rt></ruby>が、<ruby>静<rt>しず</rt></ruby>かに<ruby>門<rt>もん</rt></ruby>をくぐった。","이름도 모르는 나그네가 조용히 문을 지나갔다.","<ruby>思<rt>おも</rt></ruby>わぬ<ruby>出会<rt>であ</rt></ruby>いが<ruby>人生<rt>じんせい</rt></ruby>を<ruby>変<rt>か</rt></ruby>えることもある。","뜻밖의 만남이 인생을 바꾸는 일도 있다.","고문어 부정으로, 현대어 ～ない에 해당한다."
"N1-221","N1","～ん","동사 ない형 어간 + ～ん","~하지 않는; ~하지 않다.","そんなこと、<ruby>私<rt>わたし</rt></ruby>は<ruby>知<rt>し</rt></ruby>らん。","그런 것 나는 모른다.","このままでは<ruby>誰<rt>だれ</rt></ruby>も<ruby>納得<rt>なっとく</rt></ruby>せんだろう。","이대로라면 아무도 납득하지 않을 것이다.","～ぬ의 음편형으로, 더 구어적이거나 고풍스럽게 느껴질 수 있다."
"N1-222","N1","～べく","동사 기본형 + ～べく","~하기 위해.","<ruby>事実<rt>じじつ</rt></ruby>を<ruby>確<rt>たし</rt></ruby>かめるべく、<ruby>現地<rt>げんち</rt></ruby>へ<ruby>向<rt>む</rt></ruby>かった。","사실을 확인하기 위해 현지로 향했다.","<ruby>勝利<rt>しょうり</rt></ruby>をつかむべく、<ruby>選手<rt>せんしゅ</rt></ruby>たちは<ruby>最後<rt>さいご</rt></ruby>まで<ruby>走<rt>はし</rt></ruby>り<ruby>抜<rt>ぬ</rt></ruby>いた。","승리를 쟁취하기 위해 선수들은 끝까지 달려 나갔다.","～ために보다 훨씬 문어적이고 격식 있다."
"N1-223","N1","～べくして","동사 기본형 + ～べくして","마땅히 ~하게 되어; ~할 운명으로.","その<ruby>事故<rt>じこ</rt></ruby>は<ruby>起<rt>お</rt></ruby>こるべくして<ruby>起<rt>お</rt></ruby>こった。","그 사고는 일어날 수밖에 없어서 일어난 것이다.","<ruby>二人<rt>ふたり</rt></ruby>は<ruby>出会<rt>であ</rt></ruby>うべくして<ruby>出会<rt>であ</rt></ruby>ったのかもしれない。","두 사람은 만날 운명이어서 만난 것인지도 모른다.","～べく는 목적, ～べくして는 필연성을 나타낸다."
"N1-224","N1","～べからず","동사 기본형 + ～べからず","~해서는 안 된다.","この<ruby>先<rt>さき</rt></ruby>、<ruby>関係者<rt>かんけいしゃ</rt></ruby><ruby>以外<rt>いがい</rt></ruby><ruby>立<rt>た</rt></ruby>ち<ruby>入<rt>い</rt></ruby>るべからず。","이 앞, 관계자 외 출입 금지.","<ruby>初心<rt>しょしん</rt></ruby><ruby>忘<rt>わす</rt></ruby>るべからず、と<ruby>彼<rt>かれ</rt></ruby>は<ruby>手帳<rt>てちょう</rt></ruby>に<ruby>書<rt>か</rt></ruby>いていた。","초심을 잊어서는 안 된다고 그는 수첩에 적어 두었다.","주로 표지판·격언 같은 딱딱한 문맥에 쓴다."
"N1-225","N1","～べからざる","동사 기본형 + ～べからざる + 명사","~해서는 안 될.","<ruby>許<rt>ゆる</rt></ruby>すべからざる<ruby>行為<rt>こうい</rt></ruby>として、<ruby>厳<rt>きび</rt></ruby>しい<ruby>非難<rt>ひなん</rt></ruby>が<ruby>集<rt>あつ</rt></ruby>まった。","용서해서는 안 될 행위로 엄한 비난이 쏟아졌다.","<ruby>公人<rt>こうじん</rt></ruby>にあるべからざる<ruby>失言<rt>しつげん</rt></ruby>だと<ruby>報<rt>ほう</rt></ruby>じられた。","공인으로서 있어서는 안 될 실언이라고 보도되었다.","～べからず는 종결형, ～べからざる는 명사 수식형이다."
"N1-226","N1","～べくもない","동사 기본형 + ～べくもない","~할 수도 없다.","その<ruby>真意<rt>しんい</rt></ruby>は、<ruby>外部<rt>がいぶ</rt></ruby>の<ruby>者<rt>もの</rt></ruby>には<ruby>知<rt>し</rt></ruby>るべくもない。","그 진의는 외부 사람에게는 알 수도 없다.","あまりに<ruby>昔<rt>むかし</rt></ruby>のことなので、いまでは<ruby>確<rt>たし</rt></ruby>かめるべくもない。","너무 오래전 일이라 지금은 확인할 수도 없다.","가능성 자체가 없음을 문어적으로 단정한다."
"N1-227","N1","～まま(に)","동사 기본형 / 명사 + の + ～まま(に)","~하는 대로; ~한 채로.","<ruby>気<rt>き</rt></ruby>の<ruby>向<rt>む</rt></ruby>くままに<ruby>歩<rt>ある</rt></ruby>いていたら、<ruby>見知<rt>みし</rt></ruby>らぬ<ruby>路地<rt>ろじ</rt></ruby>に<ruby>迷<rt>まよ</rt></ruby>い<ruby>込<rt>こ</rt></ruby>んだ。","마음 내키는 대로 걷고 있었더니 낯선 골목으로 들어가 버렸다.","<ruby>運命<rt>うんめい</rt></ruby>のなすがままに<ruby>生<rt>い</rt></ruby>きるのではなく、<ruby>自分<rt>じぶん</rt></ruby>で<ruby>道<rt>みち</rt></ruby>を<ruby>選<rt>えら</rt></ruby>びたい。","운명에 맡긴 채 사는 것이 아니라 스스로 길을 선택하고 싶다.","N4의 ～まま보다 더 문어적이고 관용적 용법이 많다."
"N1-228","N1","～とも～とも","보통형 + ～とも + 보통형 + ～とも","~인지 ~인지.","<ruby>笑<rt>わら</rt></ruby>っているとも<ruby>怒<rt>おこ</rt></ruby>っているともつかない<ruby>顔<rt>かお</rt></ruby>だった。","웃고 있는지 화내고 있는지 알 수 없는 얼굴이었다.","<ruby>夢<rt>ゆめ</rt></ruby>とも<ruby>現実<rt>げんじつ</rt></ruby>ともつかぬ<ruby>景色<rt>けしき</rt></ruby>が、<ruby>窓<rt>まど</rt></ruby>の<ruby>外<rt>そと</rt></ruby>に<ruby>広<rt>ひろ</rt></ruby>がっていた。","꿈인지 현실인지 모를 풍경이 창밖에 펼쳐져 있었다.","～か～か보다 더 문어적이고, 불분명함이 강하다."
"N1-229","N1","～との","보통형 + ～との + 명사","~라는.","<ruby>社長<rt>しゃちょう</rt></ruby>は<ruby>近日中<rt>きんじつちゅう</rt></ruby>に<ruby>辞任<rt>じにん</rt></ruby>するとの<ruby>見方<rt>みかた</rt></ruby>が<ruby>広<rt>ひろ</rt></ruby>がっている。","사장이 조만간 사임한다는 견해가 확산되고 있다.","<ruby>安全<rt>あんぜん</rt></ruby>に<ruby>問題<rt>もんだい</rt></ruby>はないとの<ruby>説明<rt>せつめい</rt></ruby>を<ruby>受<rt>う</rt></ruby>けた。","안전에 문제는 없다는 설명을 들었다.","인용 내용을 명사에 붙이는 공식적 표현이다."
"N1-230","N1","～とは<ruby>比<rt>くら</rt></ruby>べものにならない","명사 + ～とは比べものにならない","~와는 비교가 안 된다.","いまの<ruby>技術<rt>ぎじゅつ</rt></ruby>は<ruby>十年<rt>じゅうねん</rt></ruby><ruby>前<rt>まえ</rt></ruby>とは<ruby>比<rt>くら</rt></ruby>べものにならない。","지금의 기술은 10년 전과는 비교가 되지 않는다.","その<ruby>店<rt>みせ</rt></ruby>の<ruby>人気<rt>にんき</rt></ruby>は、<ruby>開店<rt>かいてん</rt></ruby><ruby>当初<rt>とうしょ</rt></ruby>とは<ruby>比<rt>くら</rt></ruby>べものにならないほど<ruby>高<rt>たか</rt></ruby>い。","그 가게의 인기는 개점 초기와는 비교가 안 될 정도로 높다.","～とは打って変わって는 변화, 이쪽은 압도적 격차를 말한다."
"N1-231","N1","～とは<ruby>打<rt>う</rt></ruby>って<ruby>変<rt>か</rt></ruby>わって","명사 + ～とは打って変わって","~와는 완전히 달라져서.","<ruby>先月<rt>せんげつ</rt></ruby>とは<ruby>打<rt>う</rt></ruby>って<ruby>変<rt>か</rt></ruby>わって、この<ruby>町<rt>まち</rt></ruby>は<ruby>観光客<rt>かんこうきゃく</rt></ruby>でにぎわっている。","지난달과는 완전히 달리 이 마을은 관광객으로 붐비고 있다.","<ruby>普段<rt>ふだん</rt></ruby>とは<ruby>打<rt>う</rt></ruby>って<ruby>変<rt>か</rt></ruby>わって、<ruby>彼<rt>かれ</rt></ruby>は<ruby>会議<rt>かいぎ</rt></ruby>で<ruby>一言<rt>ひとこと</rt></ruby>も<ruby>話<rt>はな</rt></ruby>さなかった。","평소와는 완전히 달리 그는 회의에서 한마디도 하지 않았다.","～とは比べものにならない는 격차, 이쪽은 변화에 초점이 있다."
"N1-232","N1","～ものとして","보통형 + ～ものとして","~인 것으로 간주하여.","<ruby>全員<rt>ぜんいん</rt></ruby>が<ruby>了承<rt>りょうしょう</rt></ruby>したものとして、<ruby>準備<rt>じゅんび</rt></ruby>を<ruby>進<rt>すす</rt></ruby>めます。","전원이 승낙한 것으로 간주하고 준비를 진행하겠습니다.","この<ruby>数値<rt>すうち</rt></ruby>は<ruby>正確<rt>せいかく</rt></ruby>であるものとして、<ruby>分析<rt>ぶんせき</rt></ruby>を<ruby>続<rt>つづ</rt></ruby>ける。","이 수치는 정확한 것으로 간주하고 분석을 계속한다.","～ものとする는 규정 설정, ～ものとして는 전제 삼음이다."
"N1-233","N1","～ものとする","동사 기본형 + ～ものとする","~하는 것으로 한다.","<ruby>申請書<rt>しんせいしょ</rt></ruby>は<ruby>電子<rt>でんし</rt></ruby><ruby>形式<rt>けいしき</rt></ruby>で<ruby>提出<rt>ていしゅつ</rt></ruby>するものとする。","신청서는 전자 형식으로 제출하는 것으로 한다.","<ruby>参加費<rt>さんかひ</rt></ruby>は<ruby>当日<rt>とうじつ</rt></ruby>までに<ruby>納<rt>おさ</rt></ruby>めるものとする。","참가비는 당일까지 납부하는 것으로 한다.","～ことにする보다 훨씬 규정·계약 문체에 가깝다."
"N1-234","N1","～ものと<ruby>思<rt>おも</rt></ruby>う","보통형 + ～ものと思う","~일 것이라고 생각하다.","<ruby>本日中<rt>ほんじつじゅう</rt></ruby>に<ruby>返事<rt>へんじ</rt></ruby>が<ruby>来<rt>く</rt></ruby>るものと<ruby>思<rt>おも</rt></ruby>う。","오늘 안에 답장이 올 것이라고 생각한다.","この<ruby>変更<rt>へんこう</rt></ruby>で、<ruby>利用者<rt>りようしゃ</rt></ruby>の<ruby>負担<rt>ふたん</rt></ruby>は<ruby>減<rt>へ</rt></ruby>るものと<ruby>思<rt>おも</rt></ruby>う。","이 변경으로 이용자의 부담은 줄어들 것이라고 생각한다.","～とみられる보다 주관적 판단이 더 강하다."
"N1-235","N1","～ものと<ruby>思<rt>おも</rt></ruby>っていた","보통형 + ～ものと思っていた","~일 것이라고 생각하고 있었다.","<ruby>当然<rt>とうぜん</rt></ruby><ruby>間<rt>ま</rt></ruby>に<ruby>合<rt>あ</rt></ruby>うものと<ruby>思<rt>おも</rt></ruby>っていたが、<ruby>予想<rt>よそう</rt></ruby>より<ruby>時間<rt>じかん</rt></ruby>がかかった。","당연히 제시간에 맞을 것이라고 생각하고 있었지만 예상보다 시간이 걸렸다.","<ruby>彼<rt>かれ</rt></ruby>も<ruby>賛成<rt>さんせい</rt></ruby>するものと<ruby>思<rt>おも</rt></ruby>っていたのに、<ruby>反対<rt>はんたい</rt></ruby>された。","그도 찬성할 것이라고 생각하고 있었는데 반대당했다.","현재 판단의 ～ものと思う와 달리, 반전·오판의 뉘앙스가 잦다."
"N1-236","N1","～ってば","명사 / 보통형 + ～ってば","~라니까; ~는 정말.","<ruby>危<rt>あぶ</rt></ruby>ないってば、そんなところに<ruby>立<rt>た</rt></ruby>たないで。","위험하다니까, 그런 곳에 서 있지 마.","<ruby>田中<rt>たなか</rt></ruby>さんってば、また<ruby>傘<rt>かさ</rt></ruby>を<ruby>忘<rt>わす</rt></ruby>れたの。","다나카 씨는 정말 또 우산을 잊어버렸어.","～ったら와 비슷하지만, 재촉·강조의 느낌이 더 직접적일 때가 많다."
"N1-237","N1","～ったら","명사 / 보통형 + ～ったら","~라니 정말; ~는 참.","うちの<ruby>弟<rt>おとうと</rt></ruby>ったら、<ruby>宿題<rt>しゅくだい</rt></ruby>もしないで<ruby>寝<rt>ね</rt></ruby>てしまった。","우리 남동생은 정말 숙제도 안 하고 자 버렸다.","もう<ruby>行<rt>い</rt></ruby>くったら、<ruby>置<rt>お</rt></ruby>いていくよ。","이제 간다니까, 두고 갈 거야.","～ってば보다 감탄·불평 섞인 화제 제시에 잘 쓴다."
"N1-238","N1","～というか","명사 / 보통형 + ～というか","~라고 할까.","<ruby>彼<rt>かれ</rt></ruby>の<ruby>話<rt>はなし</rt></ruby>し<ruby>方<rt>かた</rt></ruby>は、ていねいというか、<ruby>慎重<rt>しんちょう</rt></ruby>というか、とにかく<ruby>独特<rt>どくとく</rt></ruby>だ。","그의 말투는 공손하다고 할까 신중하다고 할까 아무튼 독특하다.","この<ruby>町<rt>まち</rt></ruby>には、<ruby>懐<rt>なつ</rt></ruby>かしいというか、<ruby>落<rt>お</rt></ruby>ち<ruby>着<rt>つ</rt></ruby>くというか、そんな<ruby>魅力<rt>みりょく</rt></ruby>がある。","이 마을에는 그립다고 할까 편안하다고 할까 그런 매력이 있다.","～といおうか보다 더 일상 회화에서 자주 들린다."
"N1-239","N1","～といおうか","명사 / 보통형 + ～といおうか","~라고 해야 할까.","<ruby>彼女<rt>かのじょ</rt></ruby>は<ruby>大胆<rt>だいたん</rt></ruby>といおうか、<ruby>無謀<rt>むぼう</rt></ruby>といおうか、<ruby>迷<rt>まよ</rt></ruby>いなく<ruby>前<rt>まえ</rt></ruby>に<ruby>出<rt>で</rt></ruby>る。","그녀는 대담하다고 해야 할까 무모하다고 해야 할까 망설임 없이 앞으로 나선다.","その<ruby>絵<rt>え</rt></ruby>は<ruby>不思議<rt>ふしぎ</rt></ruby>といおうか、<ruby>不気味<rt>ぶきみ</rt></ruby>といおうか、<ruby>一度<rt>いちど</rt></ruby><ruby>見<rt>み</rt></ruby>たら<ruby>忘<rt>わす</rt></ruby>れられない。","그 그림은 신기하다고 해야 할까 으스스하다고 해야 할까 한 번 보면 잊을 수 없다.","～というか보다 약간 더 문어적이거나 신중한 느낌이 난다."
"N1-240","N1","～ぞ","보통형 + ～ぞ","~다; ~하겠다.","<ruby>今夜<rt>こんや</rt></ruby>こそ<ruby>最後<rt>さいご</rt></ruby>まで<ruby>走<rt>はし</rt></ruby>り<ruby>切<rt>き</rt></ruby>るぞ。","오늘 밤이야말로 끝까지 달리겠다.","そんなことをしたら、ほんとうに<ruby>怒<rt>おこ</rt></ruby>るぞ。","그런 짓을 하면 정말 화낼 거다.","～ぜ보다 단정·결의가 더 강하고 거칠게 들릴 수 있다."
"N1-241","N1","～ぜ","보통형 + ～ぜ","~자; ~야.","そろそろ<ruby>帰<rt>かえ</rt></ruby>ろうぜ。","슬슬 돌아가자.","それ、なかなかいい<ruby>考<rt>かんが</rt></ruby>え<ruby>方<rt>かた</rt></ruby>だぜ。","그거 꽤 좋은 생각이야.","～ぞ보다 가볍고 친한 사이의 말투에 가깝다."
"N1-242","N1","～あっての","명사 + ～あっての + 명사","~이 있어야 비로소 가능한.","<ruby>信頼<rt>しんらい</rt></ruby>あっての<ruby>協力<rt>きょうりょく</rt></ruby>だ。","신뢰가 있어야 비로소 협력이 가능하다.","<ruby>家族<rt>かぞく</rt></ruby>あっての<ruby>自分<rt>じぶん</rt></ruby>だと、<ruby>最近<rt>さいきん</rt></ruby>よく<ruby>感<rt>かん</rt></ruby>じる。","가족이 있어야 지금의 내가 있다는 것을 요즘 자주 느낀다.","단순 원인보다 필수 전제라는 느낌이 강하다."
"N1-243","N1","～ずくめ","명사 + ～ずくめ","~투성이; ~일색.","<ruby>新年<rt>しんねん</rt></ruby>はうれしいことずくめで<ruby>始<rt>はじ</rt></ruby>まった。","새해는 기쁜 일투성이로 시작되었다.","その<ruby>部屋<rt>へや</rt></ruby>は<ruby>白<rt>しろ</rt></ruby>ずくめで、まるで<ruby>病院<rt>びょういん</rt></ruby>のようだった。","그 방은 하얀색 일색이라 마치 병원 같았다.","～ぐるみで는 전체 포함, ～ずくめ는 같은 성질 일색이다."
"N1-244","N1","～ぐるみで","명사 + ～ぐるみで","~째로; ~모두 포함하여.","<ruby>町<rt>まち</rt></ruby>ぐるみで<ruby>留学生<rt>りゅうがくせい</rt></ruby>を<ruby>支<rt>ささ</rt></ruby>える<ruby>活動<rt>かつどう</rt></ruby>が<ruby>始<rt>はじ</rt></ruby>まった。","마을 전체가 유학생을 지원하는 활동이 시작되었다.","<ruby>家族<rt>かぞく</rt></ruby>ぐるみで<ruby>付<rt>つ</rt></ruby>き<ruby>合<rt>あ</rt></ruby>うようになって、もう<ruby>十年<rt>じゅうねん</rt></ruby>になる。","가족끼리 다 같이 지내게 된 지도 벌써 10년이 되었다.","～ずくめ처럼 일색이 아니라, 전체를 싸잡아 포함한다."
"N1-245","N1","～きっての","집단 명사 + ～きっての + 명사","~에서 제일가는.","<ruby>彼女<rt>かのじょ</rt></ruby>は<ruby>学年<rt>がくねん</rt></ruby>きっての<ruby>努力家<rt>どりょくか</rt></ruby>として<ruby>知<rt>し</rt></ruby>られている。","그녀는 학년에서 제일가는 노력가로 알려져 있다.","その<ruby>町<rt>まち</rt></ruby>きっての<ruby>人気<rt>にんき</rt></ruby><ruby>店<rt>てん</rt></ruby>には、<ruby>朝<rt>あさ</rt></ruby>から<ruby>長<rt>なが</rt></ruby>い<ruby>列<rt>れつ</rt></ruby>ができていた。","그 마을에서 제일가는 인기 가게에는 아침부터 긴 줄이 생겨 있었다.","최상급을 나타내며 반드시 명사를 꾸민다."
"N1-246","N1","～そびれる","동사 ます형 + ～そびれる","~하지 못하고 놓치다.","<ruby>結局<rt>けっきょく</rt></ruby>、<ruby>先生<rt>せんせい</rt></ruby>に<ruby>質問<rt>しつもん</rt></ruby>しそびれてしまった。","결국 선생님께 질문하지 못하고 기회를 놓치고 말았다.","<ruby>忙<rt>いそが</rt></ruby>しくて<ruby>昼食<rt>ちゅうしょく</rt></ruby>を<ruby>食<rt>た</rt></ruby>べそびれた。","바빠서 점심을 먹지 못했다.","～損なう/損じる는 실행 중 실패, ～そびれる는 타이밍 상실이다."
"N1-247","N1","～<ruby>損<rt>そこ</rt></ruby>なう","동사 ます형 + ～損なう","~하다가 실패하다; 잘못 ~하다.","<ruby>名前<rt>なまえ</rt></ruby>を<ruby>聞<rt>き</rt></ruby>き<ruby>損<rt>そこ</rt></ruby>なって、もう<ruby>一度<rt>いちど</rt></ruby><ruby>確<rt>たし</rt></ruby>かめた。","이름을 잘못 들어서 다시 한번 확인했다.","<ruby>急<rt>いそ</rt></ruby>いでいて<ruby>送<rt>おく</rt></ruby>り<ruby>損<rt>そこ</rt></ruby>なったメールが、いまも<ruby>下書<rt>したが</rt></ruby>きに<ruby>残<rt>のこ</rt></ruby>っている。","급해서 보내지 못한 메일이 지금도 임시보관함에 남아 있다.","～そびれる는 기회 상실, 이쪽은 동작 실행 중 실패다."
"N1-248","N1","～<ruby>損<rt>そん</rt></ruby>じる","동사 ます형 + ～損じる","~하다가 실패하다; 잘못 ~하다.","<ruby>一言<rt>ひとこと</rt></ruby><ruby>言<rt>い</rt></ruby>い<ruby>損<rt>そん</rt></ruby>じて、<ruby>誤解<rt>ごかい</rt></ruby>がそのまま<ruby>残<rt>のこ</rt></ruby>ってしまった。","한마디를 잘못해 오해가 그대로 남고 말았다.","<ruby>受話器<rt>じゅわき</rt></ruby>を<ruby>置<rt>お</rt></ruby>き<ruby>損<rt>そん</rt></ruby>じて、<ruby>相手<rt>あいて</rt></ruby>の<ruby>会話<rt>かいわ</rt></ruby>が<ruby>聞<rt>き</rt></ruby>こえてしまった。","수화기를 잘못 내려놓아 상대의 대화가 들려 버렸다.","～損なう보다 약간 더 문어적이다."
"N1-249","N1","～<ruby>尽<rt>つ</rt></ruby>くす","동사 ます형 + ～尽くす","~을 다하다; 전부 ~하다.","<ruby>私<rt>わたし</rt></ruby>たちはできる<ruby>手<rt>て</rt></ruby>を<ruby>使<rt>つか</rt></ruby>い<ruby>尽<rt>つ</rt></ruby>くした。","우리는 가능한 수단을 다 써 보았다.","その<ruby>本<rt>ほん</rt></ruby>は<ruby>一晩<rt>ひとばん</rt></ruby>で<ruby>読<rt>よ</rt></ruby>み<ruby>尽<rt>つ</rt></ruby>くしてしまった。","그 책은 하룻밤 만에 다 읽어 버렸다.","N3의 ～きる보다 ‘남김없이 전부’의 느낌이 더 강하다."
"N1-250","N1","～てみせる","동사 て형 + ～てみせる","기필코 ~해 보이겠다.","こんどこそ<ruby>最後<rt>さいご</rt></ruby>までやり<ruby>遂<rt>と</rt></ruby>げてみせる。","이번에야말로 끝까지 해내 보이겠다.","みんなの<ruby>期待<rt>きたい</rt></ruby>に<ruby>応<rt>こた</rt></ruby>えてみせると、<ruby>彼<rt>かれ</rt></ruby>は<ruby>強<rt>つよ</rt></ruby>く<ruby>言<rt>い</rt></ruby>った。","모두의 기대에 부응해 보이겠다고 그는 강하게 말했다.","N4의 ～てみる는 시도, 이쪽은 결의 표명이다."
"N1-251","N1","～<ruby>並<rt>な</rt></ruby>み","명사 + ～並み","~수준; ~정도.","その<ruby>学生<rt>がくせい</rt></ruby>は<ruby>発音<rt>はつおん</rt></ruby>が<ruby>日本人<rt>にほんじん</rt></ruby><ruby>並<rt>な</rt></ruby>みだ。","그 학생은 발음이 일본인 수준이다.","ようやく<ruby>人<rt>ひと</rt></ruby><ruby>並<rt>な</rt></ruby>みの<ruby>生活<rt>せいかつ</rt></ruby>に<ruby>戻<rt>もど</rt></ruby>ってきた。","겨우 남들만큼의 생활로 돌아왔다.","～も同然だ는 본질적 동일시, ～並み는 수준의 동등이다."
"N1-252","N1","～なり～なり","동사 기본형 / 명사 + ～なり～なり","~든지 ~든지.","<ruby>分<rt>わ</rt></ruby>からないなら、<ruby>先生<rt>せんせい</rt></ruby>なり<ruby>友達<rt>ともだち</rt></ruby>なりに<ruby>聞<rt>き</rt></ruby>けばいい。","모르겠으면 선생님이든 친구든에게 물어보면 된다.","<ruby>休<rt>やす</rt></ruby>むなり<ruby>病院<rt>びょういん</rt></ruby>へ<ruby>行<rt>い</rt></ruby>くなりして、まず<ruby>体<rt>からだ</rt></ruby>を<ruby>大事<rt>だいじ</rt></ruby>にしなさい。","쉬든 병원에 가든 해서 우선 몸을 소중히 해라.","～か～か보다 문어적이고, 제안·선택지 제시에 자주 쓴다."
"N1-253","N1","～びる","명사 / い형용사 어간 + ～びる","~스러워지다; ~인 체하다.","まだ<ruby>中学生<rt>ちゅうがくせい</rt></ruby>なのに、ずいぶん<ruby>大人<rt>おとな</rt></ruby>びた<ruby>話<rt>はな</rt></ruby>し<ruby>方<rt>かた</rt></ruby>をする。","아직 중학생인데도 꽤 어른스러운 말투를 쓴다.","その<ruby>町並<rt>まちな</rt></ruby>みは<ruby>少<rt>すこ</rt></ruby>し<ruby>古<rt>ふる</rt></ruby>びていて、かえって<ruby>味<rt>あじ</rt></ruby>わいがある。","그 거리 풍경은 조금 낡아 있어 오히려 멋이 있다.","～ぶる는 허세·가장, ～びる는 자연스러운 분위기 변화에도 쓴다."
"N1-254","N1","～ぶる","명사 + ～ぶる","~인 척하다.","<ruby>彼<rt>かれ</rt></ruby>は<ruby>何<rt>なに</rt></ruby>でも<ruby>知<rt>し</rt></ruby>っているように<ruby>学者<rt>がくしゃ</rt></ruby>ぶる。","그는 뭐든 다 아는 것처럼 학자인 척한다.","そんなに<ruby>強<rt>つよ</rt></ruby>がって<ruby>平気<rt>へいき</rt></ruby>ぶらなくてもいい。","그렇게 애써 태연한 척하지 않아도 된다.","～びる보다 인위적이고 부정적인 뉘앙스가 강하다."
"N1-255","N1","～めく","명사 + ～めく","~다워지다; ~같은 분위기가 나다.","<ruby>朝晩<rt>あさばん</rt></ruby>が<ruby>涼<rt>すず</rt></ruby>しくなって、やっと<ruby>秋<rt>あき</rt></ruby>めいてきた。","아침저녁으로 선선해져서 드디어 가을다워졌다.","その<ruby>発言<rt>はつげん</rt></ruby>には、どこか<ruby>挑発<rt>ちょうはつ</rt></ruby>めいた<ruby>響<rt>ひび</rt></ruby>きがあった。","그 발언에는 어딘가 도발적인 듯한 울림이 있었다.","～びる/～ぶる보다 분위기·기색이 느껴진다는 뜻이 중심이다."
"N1-256","N1","～めいた","명사 + ～めいた + 명사","~같은 느낌이 나는.","<ruby>彼<rt>かれ</rt></ruby>は<ruby>冗談<rt>じょうだん</rt></ruby>めいた<ruby>口調<rt>くちょう</rt></ruby>で<ruby>本音<rt>ほんね</rt></ruby>を<ruby>打<rt>う</rt></ruby>ち<ruby>明<rt>あ</rt></ruby>けた。","그는 농담 같은 말투로 속마음을 털어놓았다.","<ruby>街<rt>まち</rt></ruby>には<ruby>年末<rt>ねんまつ</rt></ruby>めいたあわただしさが<ruby>漂<rt>ただよ</rt></ruby>い<ruby>始<rt>はじ</rt></ruby>めた。","거리에는 연말 같은 분주함이 감돌기 시작했다.","～めく는 서술형, ～めいた는 명사 수식형이다."
"N1-257","N1","～わ～わ","동사 보통형 + ～わ + 동사 보통형 + ～わ","~하고 ~하고 해서.","<ruby>電話<rt>でんわ</rt></ruby>は<ruby>鳴<rt>な</rt></ruby>るわ、<ruby>来客<rt>らいきゃく</rt></ruby>はあるわで、<ruby>午前中<rt>ごぜんちゅう</rt></ruby>は<ruby>落<rt>お</rt></ruby>ち<ruby>着<rt>つ</rt></ruby>かなかった。","전화는 울리고 손님은 오고 해서 오전 내내 진정되지 않았다.","<ruby>兄弟<rt>きょうだい</rt></ruby>が<ruby>笑<rt>わら</rt></ruby>うわ<ruby>騒<rt>さわ</rt></ruby>ぐわで、<ruby>家<rt>いえ</rt></ruby>の<ruby>中<rt>なか</rt></ruby>はお<ruby>祭<rt>まつ</rt></ruby>りのようだった。","형제가 웃고 떠들고 해서 집 안은 축제 같았다.","～わ～わ(で)는 마지막에 で를 붙여 뒤 결과를 더 자연스럽게 잇는다."
"N1-258","N1","～わ～わ(で)","동사 보통형 + ～わ + 동사 보통형 + ～わで","~하고 ~하고 해서.","<ruby>荷物<rt>にもつ</rt></ruby>は<ruby>多<rt>おお</rt></ruby>いわ<ruby>道<rt>みち</rt></ruby>は<ruby>混<rt>こ</rt></ruby>むわで、<ruby>移動<rt>いどう</rt></ruby>だけで<ruby>疲<rt>つか</rt></ruby>れてしまった。","짐은 많고 길은 막히고 해서 이동만으로 지쳐 버렸다.","<ruby>子<rt>こ</rt></ruby>どもは<ruby>熱<rt>ねつ</rt></ruby>を<ruby>出<rt>だ</rt></ruby>すわで、きのうは<ruby>本当<rt>ほんとう</rt></ruby>に<ruby>大変<rt>たいへん</rt></ruby>だった。","아이는 열을 내고 해서 어제는 정말 힘들었다.","～わ～わ보다 문말의 결과 설명이 조금 더 자연스럽다."
"N1-259","N1","～敢えて","독립 표현","굳이; 일부러.","<ruby>彼<rt>かれ</rt></ruby>は<ruby>敢<rt>あ</rt></ruby>えて<ruby>険<rt>けわ</rt></ruby>しい<ruby>道<rt>みち</rt></ruby>を<ruby>選<rt>えら</rt></ruby>んだ。","그는 굳이 험한 길을 골랐다.","ここでは<ruby>敢<rt>あ</rt></ruby>えて<ruby>結論<rt>けつろん</rt></ruby>を<ruby>急<rt>いそ</rt></ruby>がないことにする。","여기서는 굳이 결론을 서두르지 않기로 한다.","～あくまでも는 끝까지 입장을 지키는 느낌이고, ～敢えて는 일부러 선택하는 느낌이다."
"N1-260","N1","～あくまでも","독립 표현","어디까지나; 끝까지.","これはあくまでも<ruby>仮<rt>か</rt></ruby>の<ruby>案<rt>あん</rt></ruby>です。","이것은 어디까지나 가안입니다.","<ruby>彼女<rt>かのじょ</rt></ruby>はあくまでも<ruby>中立<rt>ちゅうりつ</rt></ruby>の<ruby>立場<rt>たちば</rt></ruby>を<ruby>守<rt>まも</rt></ruby>ろうとした。","그녀는 어디까지나 중립 입장을 지키려 했다.","～あくまで와 뜻은 거의 같고, ～あくまでも가 조금 더 힘이 실린다."
"N1-261","N1","～あくまで","독립 표현","어디까지나; 단지.","この<ruby>数字<rt>すうじ</rt></ruby>はあくまで<ruby>目安<rt>めやす</rt></ruby>にすぎない。","이 수치는 어디까지나 기준에 지나지 않는다.","その<ruby>話<rt>はなし</rt></ruby>はあくまで<ruby>個人<rt>こじん</rt></ruby>の<ruby>感想<rt>かんそう</rt></ruby>として<ruby>聞<rt>き</rt></ruby>いてほしい。","그 이야기는 어디까지나 개인적인 감상으로 들어 주었으면 한다.","～あくまでも보다 약간 담담하고 설명적인 느낌이다."
"N1-262","N1","～案の定","독립 표현","아니나 다를까; 예상대로.","<ruby>急<rt>いそ</rt></ruby>いで<ruby>出<rt>で</rt></ruby>たのに、<ruby>案<rt>あん</rt></ruby>の<ruby>定<rt>じょう</rt></ruby><ruby>電車<rt>でんしゃ</rt></ruby>に<ruby>乗<rt>の</rt></ruby>り<ruby>遅<rt>おく</rt></ruby>れた。","서둘러 나왔는데 아니나 다를까 전철을 놓쳤다.","<ruby>彼<rt>かれ</rt></ruby>に<ruby>任<rt>まか</rt></ruby>せたら、<ruby>案<rt>あん</rt></ruby>の<ruby>定<rt>じょう</rt></ruby><ruby>締切<rt>しめきり</rt></ruby>ぎりぎりになった。","그에게 맡겼더니 아니나 다를까 마감 직전이 되었다.","～さぞ는 추측·공감이고, ～案の定는 예상이 실제로 맞아떨어진 뒤에 쓴다."
"N1-263","N1","～あらかじめ","독립 표현","미리; 사전에.","<ruby>必要<rt>ひつよう</rt></ruby>な<ruby>資料<rt>しりょう</rt></ruby>はあらかじめ<ruby>送<rt>おく</rt></ruby>っておいた。","필요한 자료는 미리 보내 두었다.","<ruby>参加<rt>さんか</rt></ruby>できない<ruby>場合<rt>ばあい</rt></ruby>は、あらかじめご<ruby>連絡<rt>れんらく</rt></ruby>ください。","참가할 수 없는 경우에는 미리 연락해 주세요.","～とっさには 순간적 반응이고, ～あらかじめ는 사전 준비다."
"N1-264","N1","～さぞ","독립 표현","틀림없이; 몹시.","さぞご<ruby>心配<rt>しんぱい</rt></ruby>だったでしょう。","틀림없이 많이 걱정하셨겠지요.","<ruby>突然<rt>とつぜん</rt></ruby>の<ruby>知<rt>し</rt></ruby>らせに、さぞ<ruby>驚<rt>おどろ</rt></ruby>いたにちがいない。","갑작스러운 소식에 틀림없이 놀랐을 것이다.","～案の定는 결과 확인, ～さぞ는 상대 상태를 짐작하며 공감한다."
"N1-265","N1","～さも","독립 표현","마치 정말 ~인 듯.","<ruby>彼<rt>かれ</rt></ruby>はさも<ruby>自分<rt>じぶん</rt></ruby>が<ruby>見<rt>み</rt></ruby>てきたかのように<ruby>話<rt>はな</rt></ruby>した。","그는 마치 자신이 보고 온 것처럼 말했다.","さも<ruby>残念<rt>ざんねん</rt></ruby>そうな<ruby>顔<rt>かお</rt></ruby>をしていたが、<ruby>本心<rt>ほんしん</rt></ruby>はわからない。","무척 아쉬운 듯한 얼굴을 하고 있었지만 속마음은 알 수 없다.","～さも～そうに는 뒤에 そうに가 붙는 고정형에 가깝다."
"N1-266","N1","～さも～そうに","독립 표현","마치 정말 ~인 듯이.","<ruby>彼女<rt>かのじょ</rt></ruby>はさも<ruby>難<rt>むずか</rt></ruby>しそうに<ruby>地図<rt>ちず</rt></ruby>を<ruby>見<rt>み</rt></ruby>つめていた。","그녀는 마치 정말 어려운 듯이 지도를 바라보고 있었다.","その<ruby>子<rt>こ</rt></ruby>はさも<ruby>知<rt>し</rt></ruby>っていそうにうなずいていた。","그 아이는 마치 정말 알고 있는 듯이 고개를 끄덕이고 있었다.","～さも보다 ‘~そうに’와 결합한 모습 묘사가 더 분명하다."
"N1-267","N1","～さもないと","독립 표현","그렇지 않으면.","いま<ruby>出発<rt>しゅっぱつ</rt></ruby>しなさい。さもないと<ruby>最終<rt>さいしゅう</rt></ruby><ruby>便<rt>びん</rt></ruby>に<ruby>間<rt>ま</rt></ruby>に<ruby>合<rt>あ</rt></ruby>わない。","지금 출발해. 그렇지 않으면 막차에 늦는다.","<ruby>静<rt>しず</rt></ruby>かにしていてください。さもないと<ruby>説明<rt>せつめい</rt></ruby>が<ruby>聞<rt>き</rt></ruby>こえません。","조용히 해 주세요. 그렇지 않으면 설명이 들리지 않습니다.","단순한 ないと보다 문어적이고 경고의 느낌이 강하다."
"N1-268","N1","～かつて","독립 표현","일찍이; 예전에.","この<ruby>港<rt>みなと</rt></ruby>は、かつて<ruby>交易<rt>こうえき</rt></ruby>の<ruby>中心地<rt>ちゅうしんち</rt></ruby>だった。","이 항구는 일찍이 교역의 중심지였다.","それは<ruby>私<rt>わたし</rt></ruby>がかつて<ruby>経験<rt>けいけん</rt></ruby>したことのない<ruby>静<rt>しず</rt></ruby>けさだった。","그것은 내가 일찍이 경험한 적 없는 고요함이었다.","과거를 회고하는 문어적 표현이다."
"N1-269","N1","～うんぬん","독립 표현","이러니저러니; 어쩌고저쩌고.","<ruby>細<rt>こま</rt></ruby>かい<ruby>条件<rt>じょうけん</rt></ruby>をうんぬんする<ruby>前<rt>まえ</rt></ruby>に、まず<ruby>全体<rt>ぜんたい</rt></ruby>の<ruby>方向<rt>ほうこう</rt></ruby>を<ruby>決<rt>き</rt></ruby>めよう。","세세한 조건을 이러니저러니 하기 전에 먼저 전체 방향을 정하자.","<ruby>形<rt>かたち</rt></ruby>がどうの<ruby>色<rt>いろ</rt></ruby>がどうのとうんぬん<ruby>言<rt>い</rt></ruby>っている<ruby>場合<rt>ばあい</rt></ruby>ではない。","모양이 어떻고 색이 어떻고 하며 이러쿵저러쿵 할 때가 아니다.","～うんぬんかんぬん보다 덜 구어적이고 더 범용적이다."
"N1-270","N1","～うんぬんかんぬん","독립 표현","이러쿵저러쿵.","<ruby>彼<rt>かれ</rt></ruby>はうんぬんかんぬんと<ruby>理屈<rt>りくつ</rt></ruby>を<ruby>並<rt>なら</rt></ruby>べたが、<ruby>結局<rt>けっきょく</rt></ruby><ruby>結論<rt>けつろん</rt></ruby>は<ruby>出<rt>で</rt></ruby>なかった。","그는 이러쿵저러쿵 이유를 늘어놓았지만 결국 결론은 나지 않았다.","うんぬんかんぬん<ruby>言<rt>い</rt></ruby>うより、まず<ruby>手<rt>て</rt></ruby>を<ruby>動<rt>うご</rt></ruby>かしたほうがいい。","이러쿵저러쿵 말하기보다 먼저 움직이는 편이 낫다.","～うんぬん보다 더 구어적이고 불평·변명 느낌이 강하다."
"N1-271","N1","～とっさに","독립 표현","순간적으로; 즉시.","<ruby>倒<rt>たお</rt></ruby>れてきた<ruby>荷物<rt>にもつ</rt></ruby>を、とっさに<ruby>手<rt>て</rt></ruby>で<ruby>支<rt>ささ</rt></ruby>えた。","쓰러져 오는 짐을 순간적으로 손으로 받쳤다.","<ruby>名前<rt>なまえ</rt></ruby>を<ruby>呼<rt>よ</rt></ruby>ばれても、とっさに<ruby>返事<rt>へんじ</rt></ruby>ができなかった。","이름이 불려도 순간적으로 대답할 수 없었다.","～あらかじめ는 미리 준비, ～とっさに는 순간 반응이다."
"N1-272","N1","～ともなく","동사 기본형 + ～ともなく","~하려는 것도 아닌데 무심코.","<ruby>窓<rt>まど</rt></ruby>の<ruby>外<rt>そと</rt></ruby>を<ruby>眺<rt>なが</rt></ruby>めるともなく<ruby>眺<rt>なが</rt></ruby>めていた。","창밖을 보려는 것도 아닌데 멍하니 바라보고 있었다.","<ruby>聞<rt>き</rt></ruby>くともなく<ruby>流<rt>なが</rt></ruby>れていた<ruby>曲<rt>きょく</rt></ruby>が、<ruby>急<rt>きゅう</rt></ruby>に<ruby>気<rt>き</rt></ruby>になった。","듣는 것도 아닌데 흘러나오던 곡이 갑자기 신경 쓰였다.","～ともなしに와 뜻은 거의 같고, 문체 차이만 약간 있다."
"N1-273","N1","～ともなしに","동사 기본형 + ～ともなしに","~하려는 것도 아닌데 무심코.","<ruby>考<rt>かんが</rt></ruby>えるともなしに<ruby>歩<rt>ある</rt></ruby>いていたら、いつの<ruby>間<rt>ま</rt></ruby>にか<ruby>駅<rt>えき</rt></ruby>に<ruby>着<rt>つ</rt></ruby>いていた。","생각하는 것도 아닌데 걷고 있었더니 어느새 역에 도착해 있었다.","<ruby>読<rt>よ</rt></ruby>むともなしにめくっていた<ruby>本<rt>ほん</rt></ruby>の<ruby>一節<rt>いっせつ</rt></ruby>が、ふと<ruby>胸<rt>むね</rt></ruby>に<ruby>残<rt>のこ</rt></ruby>った。","읽는 것도 아닌데 넘기고 있던 책의 한 구절이 문득 마음에 남았다.","～ともなく와 뜻은 거의 같고, 이쪽이 약간 더 문어적으로 느껴질 때가 있다."
"N1-274","N1","～ともすれば","독립 표현","자칫하면; 어쩌면.","<ruby>忙<rt>いそが</rt></ruby>しいと、ともすれば<ruby>基本<rt>きほん</rt></ruby>を<ruby>忘<rt>わす</rt></ruby>れがちだ。","바쁘면 자칫하면 기본을 잊기 쉽다.","その<ruby>議論<rt>ぎろん</rt></ruby>は、ともすれば<ruby>感情論<rt>かんじょうろん</rt></ruby>に<ruby>流<rt>なが</rt></ruby>れやすい。","그 논의는 자칫하면 감정론으로 흐르기 쉽다.","부정적 방향으로 흐를 가능성을 경고할 때 쓴다."
"N1-275","N1","～とりわけ","독립 표현","특히; 그중에서도.","この<ruby>作品<rt>さくひん</rt></ruby>の<ruby>中<rt>なか</rt></ruby>で、とりわけ<ruby>終盤<rt>しゅうばん</rt></ruby>の<ruby>展開<rt>てんかい</rt></ruby>が<ruby>印象的<rt>いんしょうてき</rt></ruby>だった。","이 작품 중에서도 특히 후반 전개가 인상적이었다.","<ruby>今年<rt>ことし</rt></ruby>はとりわけ<ruby>冬<rt>ふゆ</rt></ruby>の<ruby>寒<rt>さむ</rt></ruby>さがこたえる。","올해는 특히 겨울 추위가 뼈아프다.","～なかでも와 비슷하지만, 더 문어적이다."
"N1-276","N1","～なまじ","독립 표현","어설프게; 괜히.","なまじ<ruby>期待<rt>きたい</rt></ruby>したぶん、<ruby>落胆<rt>らくたん</rt></ruby>も<ruby>大<rt>おお</rt></ruby>きかった。","어설프게 기대한 만큼 실망도 컸다.","なまじ<ruby>口<rt>くち</rt></ruby>を<ruby>出<rt>だ</rt></ruby>すと、かえって<ruby>話<rt>はなし</rt></ruby>がややこしくなる。","어설프게 입을 대면 오히려 일이 복잡해진다.","～なまじっか보다 더 짧고 문어적으로도 쓴다."
"N1-277","N1","～なまじっか","독립 표현","어설프게; 공연히.","なまじっか<ruby>知<rt>し</rt></ruby>っているだけに、<ruby>素直<rt>すなお</rt></ruby>に<ruby>聞<rt>き</rt></ruby>けなかった。","어설프게 알고 있는 탓에 솔직하게 물을 수 없었다.","なまじっか<ruby>手伝<rt>てつだ</rt></ruby>うより、<ruby>最初<rt>さいしょ</rt></ruby>から<ruby>任<rt>まか</rt></ruby>せたほうがよかった。","어설프게 거드는 것보다 처음부터 맡기는 편이 나았다.","～なまじ보다 조금 더 구어적이고 감정이 실릴 때가 많다."
"N1-278","N1","～何しろ","독립 표현","어쨌든; 아무튼.","<ruby>何<rt>なに</rt></ruby>しろ<ruby>初対面<rt>しょたいめん</rt></ruby>だったから、どこまで<ruby>踏<rt>ふ</rt></ruby>み<ruby>込<rt>こ</rt></ruby>んでいいか<ruby>迷<rt>まよ</rt></ruby>った。","어쨌든 초면이었으니 어디까지 들어가도 될지 망설였다.","<ruby>何<rt>なに</rt></ruby>しろ<ruby>時間<rt>じかん</rt></ruby>がないので、<ruby>先<rt>さき</rt></ruby>に<ruby>要点<rt>ようてん</rt></ruby>だけ<ruby>伝<rt>つた</rt></ruby>える。","어쨌든 시간이 없으니 먼저 요점만 전한다.","～とにかく와 비슷하지만, 이유 제시 느낌이 더 나기 쉽다."
"N1-279","N1","～ひいては","독립 표현","더 나아가서는.","その<ruby>改革<rt>かいかく</rt></ruby>は、<ruby>部署<rt>ぶしょ</rt></ruby>の<ruby>効率<rt>こうりつ</rt></ruby>、ひいては<ruby>会社<rt>かいしゃ</rt></ruby><ruby>全体<rt>ぜんたい</rt></ruby>の<ruby>利益<rt>りえき</rt></ruby>につながる。","그 개혁은 부서의 효율, 더 나아가 회사 전체의 이익으로 이어진다.","この<ruby>小<rt>ちい</rt></ruby>さな<ruby>選択<rt>せんたく</rt></ruby>が、ひいては<ruby>将来<rt>しょうらい</rt></ruby>を<ruby>左右<rt>さゆう</rt></ruby>することもある。","이 작은 선택이 더 나아가 장래를 좌우할 수도 있다.","앞의 내용을 한 단계 확장해 큰 범위로 연결한다."
"N1-280","N1","～一つには","독립 표현","첫째로는; 한 이유로는.","<ruby>反対<rt>はんたい</rt></ruby>の<ruby>理由<rt>りゆう</rt></ruby>の<ruby>一<rt>ひと</rt></ruby>つには、<ruby>費用<rt>ひよう</rt></ruby>の<ruby>問題<rt>もんだい</rt></ruby>がある。","반대하는 이유의 하나로는 비용 문제가 있다.","<ruby>成功<rt>せいこう</rt></ruby>した<ruby>背景<rt>はいけい</rt></ruby>の<ruby>一<rt>ひと</rt></ruby>つには、<ruby>周囲<rt>しゅうい</rt></ruby>の<ruby>支援<rt>しえん</rt></ruby>があった。","성공한 배경의 하나로는 주변의 지원이 있었다.","～ひいては가 논리 확장이면, ～一つには는 이유를 열거하는 출발점이다."
"N1-281","N1","～はたして","독립 표현","과연; 정말; 도대체.","<ruby>彼<rt>かれ</rt></ruby>ははたして<ruby>約束<rt>やくそく</rt></ruby>どおり<ruby>現<rt>あらわ</rt></ruby>れるだろうか。","그는 과연 약속대로 나타날까?","その<ruby>判断<rt>はんだん</rt></ruby>がはたして<ruby>正<rt>ただ</rt></ruby>しかったのか、いまでも<ruby>自信<rt>じしん</rt></ruby>がない。","그 판단이 과연 옳았는지 지금도 자신이 없다.","本当に보다 문어적이고, 의문·검증의 뉘앙스가 더 강하다."
"N1-282","N1","～まして(や)","독립 표현","하물며; 더구나.","この<ruby>暑<rt>あつ</rt></ruby>さでは<ruby>大人<rt>おとな</rt></ruby>でもつらい。まして<ruby>子<rt>こ</rt></ruby>どもならなおさらだ。","이 더위라면 어른도 힘들다. 하물며 아이라면 더욱 그렇다.","<ruby>母語<rt>ぼご</rt></ruby>でも<ruby>説明<rt>せつめい</rt></ruby>が<ruby>難<rt>むずか</rt></ruby>しいのに、まして<ruby>外国語<rt>がいこくご</rt></ruby>ではうまく<ruby>言<rt>い</rt></ruby>えない。","모국어로도 설명이 어려운데 하물며 외국어로는 잘 말할 수 없다.","Aでも～。ましてBは…처럼 앞보다 뒤가 더 심함을 강조한다."
"N1-283","N1","～まるっきり","독립 표현","전혀; 완전히.","きのう<ruby>勉強<rt>べんきょう</rt></ruby>したのに、<ruby>内容<rt>ないよう</rt></ruby>をまるっきり<ruby>覚<rt>おぼ</rt></ruby>えていない。","어제 공부했는데 내용을 전혀 기억하지 못한다.","そのうわさはまるっきりの<ruby>作<rt>つく</rt></ruby>り<ruby>話<rt>ばなし</rt></ruby>だった。","그 소문은 완전히 지어낸 이야기였다.","まったく보다 구어적이고 단호한 느낌이 강하다."
"N1-284","N1","～もさることながら","명사 + もさることながら","~도 물론이거니와; ~도 중요하지만.","この<ruby>店<rt>みせ</rt></ruby>は<ruby>料理<rt>りょうり</rt></ruby>もさることながら、<ruby>接客<rt>せっきゃく</rt></ruby>の<ruby>丁寧<rt>ていねい</rt></ruby>さでも<ruby>評判<rt>ひょうばん</rt></ruby>だ。","이 가게는 요리도 물론이거니와 응대의 정중함으로도 평판이 높다.","この<ruby>映画<rt>えいが</rt></ruby>は<ruby>映像<rt>えいぞう</rt></ruby>の<ruby>美<rt>うつく</rt></ruby>しさもさることながら、<ruby>音楽<rt>おんがく</rt></ruby>の<ruby>力<rt>ちから</rt></ruby>がすばらしい。","이 영화는 영상의 아름다움도 물론이거니와 음악의 힘이 훌륭하다.","Aを認めた 뒤, 그 이상으로 B를 내세우는 표현이다."
"N1-285","N1","～もはや","독립 표현","이미; 이제는 더 이상.","この<ruby>問題<rt>もんだい</rt></ruby>はもはや<ruby>一人<rt>ひとり</rt></ruby>では<ruby>解決<rt>かいけつ</rt></ruby>できない。","이 문제는 이미 혼자서는 해결할 수 없다.","<ruby>昔<rt>むかし</rt></ruby>のやり<ruby>方<rt>かた</rt></ruby>は、もはや<ruby>今<rt>いま</rt></ruby>の<ruby>時代<rt>じだい</rt></ruby>には<ruby>通用<rt>つうよう</rt></ruby>しない。","옛 방식은 이제는 지금 시대에 통하지 않는다.","もう보다 문어적이고, 돌이키기 어려운 변화의 느낌이 있다."
"N1-286","N1","～もしくは","독립 표현","혹은; 또는.","<ruby>申込書<rt>もうしこみしょ</rt></ruby>はメール、もしくは<ruby>郵送<rt>ゆうそう</rt></ruby>で<ruby>提出<rt>ていしゅつ</rt></ruby>してください。","신청서는 이메일 혹은 우편으로 제출해 주세요.","<ruby>不明点<rt>ふめいてん</rt></ruby>があれば、<ruby>担当者<rt>たんとうしゃ</rt></ruby>もしくは<ruby>受付<rt>うけつけ</rt></ruby>にお<ruby>尋<rt>たず</rt></ruby>ねください。","불명점이 있으면 담당자 또는 접수처에 문의해 주세요.","または와 비슷하지만, もしくは가 조금 더 문어적이다."